0.015459443999986888,5.0960582336425775,19.61270144958496,-5.003881469726562,-44.024390243902445,30.30487804878049,47.31707317073171,39.54764705882353
0.030959980999966774,-3.824737152099609,-1.1456254943847655,-2.6898855651855467,4.207317073170732,9.939024390243903,30.000000000000004,39.559411764705885
0.046603629000003366,-1.9033903198242186,8.633491186523438,-0.4896142395019531,-23.719512195121954,-12.865853658536587,55.426829268292686,39.55352941176471
0.06031568499997775,-1.886630908203125,7.485471490478515,-0.6739677673339843,15.609756097560977,-13.78048780487805,50.1829268292683,39.54176470588236
0.07301351799998201,0.6691793640136718,5.702988354492187,0.4955997436523437,55.304878048780495,-10.487804878048781,56.09756097560976,39.53588235294118
0.0858391659999711,-0.8319850769042968,19.61270144958496,-0.6739677673339843,-40.243902439024396,-56.21951219512196,-50.91463414634147,39.53588235294118
0.10054246300001068,4.778826513671874,-0.41898529052734373,1.3192051147460937,17.012195121951223,-22.500000000000004,-39.268292682926834,39.565294117647056
0.11349062900001172,1.1324573852539062,2.2768857788085937,-3.8762124877929685,-1.0365853658536586,-17.073170731707318,-73.10975609756098,39.559411764705885
0.1267141659999993,2.8119898498535156,2.7575217620849606,-6.309918475341797,66.46341463414635,30.0609756097561,12.500000000000002,39.565294117647056
0.1396214259999624,-7.356184600830078,9.911994873046874,-3.0980969482421874,-83.23170731707317,22.500000000000004,25.0609756097561,39.571176470588235
0.1542249259999835,-0.9265560424804687,1.3874398620605468,-0.34835634155273437,-2.1341463414634148,13.231707317073171,16.76829268292683,39.559411764705885
0.16128479599996126,-2.3355437194824216,7.697358337402343,-0.5805939025878906,-25.792682926829272,1.0975609756097562,43.170731707317074,39.54764705882353
0.16857135099996867,-3.0992940490722654,12.617442749023438,0.49200844116210934,5.853658536585367,-0.6707317073170732,55.365853658536594,39.54764705882353
0.17592155500000217,-2.9652187561035155,12.546813800048827,0.7026981872558593,10.731707317073171,-7.378048780487806,36.82926829268293,39.55352941176471
0.18296557399997937,-0.6404489440917969,-1.2078747375488281,-2.3020248962402343,32.19512195121951,-10.0,40.97560975609756,39.54764705882353
0.19009324000001016,0.22266075439453123,3.0310593017578125,-0.20470424194335937,75.91463414634147,-14.390243902439027,47.50000000000001,39.54764705882353
0.1973489069999914,-0.181959326171875,7.1203557373046875,-4.796783026123046,63.84146341463415,-20.0,40.54878048780488,39.54764705882353
0.20445970299999772,6.023811376953125,19.61270144958496,0.7817068420410156,21.707317073170735,-43.59756097560976,-65.79268292682927,39.55352941176471
0.21140175900001168,9.246406811523437,6.858190655517578,-7.483077288818359,-40.243902439024396,-50.304878048780495,-61.34146341463415,39.55352941176471
0.218237777000013,5.735310076904296,1.3766659545898436,-2.019509100341797,12.560975609756099,-44.451219512195124,-55.426829268292686,39.54764705882353
0.22504927699998234,2.3810335510253906,2.2948422912597657,0.12808978881835936,22.926829268292686,-30.182926829268297,-55.1219512195122,39.55352941176471
0.232120129000009,1.734599102783203,7.187393383789062,0.7062894897460937,2.0121951219512195,-25.30487804878049,-61.89024390243903,39.55352941176471
0.238939036999966,8.281543542480469,19.61270144958496,-9.573215338134766,0.853658536585366,-21.646341463414636,-10.792682926829269,39.54764705882353
0.24575020300000006,-1.9393033447265624,19.61270144958496,-1.514332550048828,-70.91463414634147,26.28048780487805,37.07317073170732,39.53588235294118
0.2525816289999625,-7.997830645751953,1.4149731811523436,-3.0334535034179684,-81.15853658536587,11.890243902439025,28.84146341463415,39.559411764705885
0.25942551800000047,-2.900575311279297,0.46686932373046874,-1.5550339782714844,-48.23170731707317,10.731707317073171,15.30487804878049,39.55352941176471
0.26623679599998695,-1.419761584472656,3.6355952209472653,0.9612719665527343,-29.32926829268293,-10.426829268292684,16.097560975609756,39.55352941176471
0.273156202999985,-1.5921441040039062,3.0693665283203124,-2.3738509460449215,-28.10975609756098,-16.951219512195124,24.939024390243905,39.54176470588236
0.27999401799996804,-3.3255461059570313,7.332242584228515,0.5135562561035156,-3.5975609756097566,-19.695121951219512,51.28048780487806,39.58294117647059
0.28686298100001295,-4.371812231445312,6.0142345703124995,1.6268600280761718,13.658536585365855,-23.29268292682927,48.84146341463415,39.571176470588235
0.29367429600000605,-0.8738836059570312,10.958260998535156,-0.008379705810546874,7.865853658536586,-25.121951219512198,34.75609756097561,39.559411764705885
0.30052501799997344,0.9600748657226562,2.4516625,-2.2457611572265623,46.28048780487805,-18.10975609756098,38.59756097560976,39.55352941176471
0.3076777769999808,0.939724151611328,3.706224169921875,0.8367734802246093,58.84146341463415,-15.609756097560977,41.15853658536586,39.55352941176471
0.3148957219999602,0.9888052856445312,7.171831072998047,1.3539210388183593,60.97560975609757,-13.231707317073171,37.743902439024396,39.54176470588236
0.3217585369999938,2.1643583007812497,12.89038173828125,-7.168239770507812,38.59756097560976,-12.987804878048781,13.719512195121952,39.54176470588236
0.32857190699996863,7.723694555664062,19.61270144958496,-3.515885137939453,-20.182926829268293,-37.5609756097561,-51.951219512195124,39.55352941176471
0.3353955919999976,5.833472344970703,2.89219560546875,-5.925649108886718,-51.09756097560976,-40.0,-80.73170731707317,39.54764705882353
0.3422643700000094,2.615665313720703,-0.20949264526367187,-0.6165069274902344,28.59756097560976,-37.43902439024391,-76.28048780487805,39.54176470588236
0.34907111100000066,1.2725181823730467,3.015496990966797,0.6117185241699218,36.09756097560976,-35.670731707317074,-66.52439024390245,39.55352941176471
0.3561634069999968,8.215702996826172,11.623849060058593,-1.5011644409179687,11.158536585365855,-6.890243902439025,-12.378048780487806,39.571176470588235
0.3629932590000067,5.410895751953125,19.61270144958496,-5.044582897949218,-70.42682926829269,19.02439024390244,48.170731707317074,39.571176470588235
0.36981644399998004,-7.958326318359375,3.1567548889160153,-7.113173132324218,-111.82926829268294,-9.085365853658537,9.573170731707318,39.54176470588236
0.37663672200000065,-3.678690850830078,1.571793389892578,-4.398148449707031,-25.365853658536587,-13.536585365853659,8.170731707317074,39.559411764705885
0.38345936999996866,-1.3407529296874998,7.554903338623046,0.622492431640625,-21.890243902439025,-18.04878048780488,10.487804878048781,39.571176470588235
0.3902799619999655,-0.8152256652832031,3.6810850524902343,-0.9026140258789062,-35.609756097560975,-21.402439024390247,37.926829268292686,39.565294117647056
0.3971732589999988,-1.5059528442382812,-0.14604630126953125,-0.6643909606933593,-0.24390243902439027,-22.012195121951223,47.31707317073171,39.55352941176471
0.4039931659999638,0.29089550170898437,14.194024542236328,2.4875755249023435,11.890243902439025,-21.28048780487805,43.78048780487805,39.559411764705885
0.4108123329999671,-0.7362170104980469,13.645752362060547,1.7322049011230467,-5.914634146341464,-12.80487804878049,28.902439024390247,39.565294117647056
0.41763029599997026,1.3168109130859373,0.9804255798339843,-2.4492682983398435,17.31707317073171,-8.048780487804878,23.29268292682927,39.565294117647056
0.4244778699999756,0.833182177734375,4.7931917236328125,0.5135562561035156,54.81707317073171,-7.378048780487806,28.963414634146343,39.55352941176471
0.4313774070000136,0.37828386230468747,3.602076397705078,1.0223241088867188,54.75609756097561,-7.8048780487804885,31.76829268292683,39.54764705882353
0.4382002959999909,0.7422025146484375,8.704120135498046,1.083376251220703,70.2439024390244,-7.317073170731708,30.60975609756098,39.57705882352941
0.4450365179999949,-1.7884686401367187,19.61270144958496,-2.1727380065917967,77.37804878048782,-24.32926829268293,-38.23170731707317,39.55352941176471
0.45217564799997945,2.5641899780273434,19.61270144958496,-6.246472131347656,-55.67073170731708,-43.47560975609756,-83.65853658536587,39.559411764705885
0.4595192589999897,2.6108769104003904,-0.7984662536621093,-3.859453076171875,-18.78048780487805,-41.09756097560976,-85.3658536585366,39.54176470588236
0.4669025179999835,2.7281927917480466,0.15562310791015624,-0.4477157104492187,44.93902439024391,-38.84146341463415,-80.79268292682927,39.53588235294118
0.47396953599997005,10.231620794677733,19.61270144958496,-3.209427325439453,24.02439024390244,-16.70731707317073,49.146341463414636,39.54764705882353
0.48088359199999786,-6.199785198974609,19.61270144958496,0.7074865905761718,-105.3658536585366,12.682926829268293,58.59756097560976,39.55352941176471
0.4878217400000153,-11.641805572509766,2.1164742675781247,-5.579686968994141,-77.6829268292683,-6.646341463414635,18.597560975609756,39.54176470588236
0.4947814249999851,-1.291671795654297,4.285620971679688,-5.385756634521484,-31.219512195121954,-7.682926829268293,13.902439024390246,39.565294117647056
0.5016363699999715,-3.403357659912109,11.283872424316405,2.2301988464355467,-38.35365853658537,-12.378048780487806,22.743902439024392,39.559411764705885
0.5085497960000112,-1.5478513732910155,4.109647149658203,-2.864662286376953,-60.1829268292683,-16.03658536585366,26.52439024390244,39.559411764705885
0.5156333329999825,0.30885201416015623,5.166687182617188,-1.9129671264648436,-41.463414634146346,-8.963414634146343,24.634146341463417,39.54764705882353
0.5224922959999958,-0.12330138549804687,10.283096130371094,-1.332373223876953,-7.8048780487804885,-6.7682926829268295,22.378048780487806,39.565294117647056
0.5294292959999893,0.7278373046875,5.272032055664062,-0.8164227661132812,18.902439024390244,-4.390243902439025,23.04878048780488,39.53588235294118
0.5364816289999794,0.27892449340820313,9.515754498291015,2.6527754394531247,20.121951219512198,-4.573170731707317,22.25609756097561,39.53588235294118
0.5433421849999718,0.5327098693847656,5.807136126708984,-1.1240776794433593,33.71951219512196,-2.682926829268293,22.012195121951223,39.53588235294118
0.5503255919999788,1.1791443176269532,12.14937632446289,2.560598675537109,45.1829268292683,-1.829268292682927,19.26829268292683,39.53588235294118
0.5574024809999969,0.2442085693359375,0.5219359619140624,-0.2454056701660156,64.32926829268293,-0.48780487804878053,18.719512195121954,39.54764705882353
0.5642617029999997,0.16639701538085935,8.810662109374999,-0.43933600463867184,76.03658536585367,-7.743902439024391,-8.536585365853659,40.277058823529416
0.5711140729999897,-4.556165759277343,19.61270144958496,-6.312312677001953,18.414634146341466,-37.13414634146342,-78.47560975609757,39.53588235294118
0.5779704439999591,6.636727001953124,3.104082452392578,-6.010643267822266,-32.19512195121951,-47.07317073170732,-104.51219512195122,39.53588235294118
0.584811406999961,11.936292376708984,15.970522174072265,-9.267954626464844,13.719512195121952,-1.5853658536585367,-13.04878048780488,39.559411764705885
0.5916956849999906,1.4987702392578124,16.90665502319336,-0.9097966308593749,-16.76829268292683,15.000000000000002,24.695121951219516,39.565294117647056
0.5988409809999666,-5.835866546630859,6.105214233398437,-0.5793968017578125,-66.46341463414635,11.036585365853659,14.573170731707318,39.54764705882353
0.6056963880000126,-5.3378726013183595,4.3610383239746096,-3.7576995056152342,-71.28048780487805,-6.097560975609756,4.2682926829268295,39.54764705882353
0.6125496099999737,-4.095281939697266,7.630320690917968,-3.306392492675781,-62.926829268292686,-9.02439024390244,7.987804878048781,39.54176470588236
0.6194250919999718,-4.308365887451171,8.208520391845703,-2.357091534423828,-47.19512195121952,-3.353658536585366,19.512195121951223,39.559411764705885
0.6262687400000004,-2.0470424194335934,7.471106280517578,-0.7805097412109374,-32.926829268292686,-25.48780487804878,22.98780487804878,39.54176470588236
0.6331624069999862,-1.1911153259277343,6.099228729248047,0.12090718383789062,-30.54878048780488,-27.134146341463417,22.378048780487806,39.559411764705885
0.6400172030000135,1.5550339782714844,6.257246038818359,-0.5422866760253906,-15.853658536585368,-20.731707317073173,18.29268292682927,39.54176470588236
0.6468616099999736,1.2150573425292968,6.270414147949219,-0.08978256225585937,13.719512195121952,-14.939024390243905,13.78048780487805,39.55352941176471
0.653716572999997,1.0414777221679687,7.942764007568359,1.2868833923339842,30.243902439024392,-10.731707317073171,9.207317073170733,39.559411764705885
0.6606098699999734,1.7561469177246092,6.349422802734375,0.9840168823242187,33.29268292682927,-6.707317073170732,11.28048780487805,39.559411764705885
0.6675002029999746,1.016338604736328,8.948328704833983,-0.8858546142578124,29.939024390243905,-5.487804878048781,10.548780487804878,39.55352941176471
0.6743822399999999,0.7924807495117187,2.8802245971679685,-1.629254229736328,47.987804878048784,-2.378048780487805,3.9024390243902443,39.54764705882353
0.6812389069999654,0.0143652099609375,7.5153990112304685,0.6308721374511719,74.14634146341464,-3.536585365853659,4.878048780487806,39.55352941176471
0.6880942399999981,0.59376201171875,15.761029528808592,-2.7748797241210936,91.58536585365854,-3.7195121951219514,6.52439024390244,39.55352941176471
0.6950413700000126,2.596511700439453,19.61270144958496,-3.805583538818359,82.7439024390244,-38.23170731707317,-67.25609756097562,39.54764705882353
0.7019301469999846,18.94890903930664,19.61270144958496,-9.143456140136719,-80.60975609756099,7.682926829268293,4.329268292682928,39.54176470588236
0.7087779990000058,-1.1432312927246093,2.5534160705566404,-4.001908074951172,-67.5,12.01219512195122,7.195121951219513,39.54176470588236
0.7156470919999833,-0.7637503295898437,0.3028665100097656,1.1037269653320312,-49.87804878048781,11.219512195121952,4.390243902439025,39.55352941176471
0.7224939249999807,0.26815058593749996,2.905363714599609,-1.1707646118164061,-66.46341463414635,9.26829268292683,3.1707317073170733,39.55352941176471
0.7293440359999863,-2.6803087585449217,-0.9612719665527343,-2.748543505859375,-57.926829268292686,2.439024390243903,-7.439024390243903,39.54764705882353
0.7362142029999745,-2.7928362365722657,6.834248638916015,-3.7325603881835936,-7.682926829268293,-4.75609756097561,-4.695121951219512,39.54176470588236
0.7431449249999673,-6.8210805297851556,19.06981622314453,-0.39264907226562495,-39.93902439024391,-17.25609756097561,4.634146341463415,39.54764705882353
0.7499789439999631,-3.841496563720703,2.6192566162109374,-3.566163372802734,-58.17073170731708,-37.80487804878049,8.109756097560977,39.54764705882353
0.7568440729999679,-1.0726023437499999,3.584119885253906,-1.1552023010253905,4.695121951219512,-40.73170731707317,8.719512195121952,39.55352941176471
0.7636896660000048,0.3184288208007812,1.974019268798828,-1.2880804931640624,19.634146341463417,-43.170731707317074,14.26829268292683,39.54764705882353
0.7705284620000157,1.0726023437499999,5.322310290527343,1.2832920898437499,31.219512195121954,-40.487804878048784,19.634146341463417,39.53588235294118
0.7774025919999872,0.35194764404296874,12.044031451416014,2.1164742675781247,5.426829268292684,-37.80487804878049,13.414634146341465,39.54176470588236
0.784247109999967,1.6472107421875,3.257311358642578,-2.7820623291015623,3.1707317073170733,-32.6219512195122,1.6463414634146343,39.559411764705885
0.791085962000011,0.8367734802246093,3.9240965209960934,-2.2649147705078123,74.02439024390245,-19.939024390243905,4.024390243902439,39.54764705882353
0.7979278139999906,1.2318167541503906,-0.9050082275390624,-1.3970166687011718,83.29268292682927,-17.5,5.914634146341464,39.54176470588236
0.8047703510000019,0.46686932373046874,2.592920397949219,-0.949300958251953,106.89024390243904,-13.719512195121952,-1.9512195121951221,39.52411764705882
0.8116112399999906,8.565256439208984,19.61270144958496,-0.9217676391601562,60.365853658536594,7.682926829268293,23.10975609756098,39.53588235294118
0.8184555180000075,-11.886014141845703,19.61270144958496,-10.199299072265624,-93.84146341463415,-10.426829268292684,7.134146341463415,39.559411764705885
0.825300924999965,0.16160861206054686,0.7254431030273437,-8.428786944580077,-126.64634146341464,-18.353658536585368,-11.646341463414634,39.53588235294118
0.8321402209999746,0.9648632690429687,1.438915197753906,1.389834063720703,-79.57317073170732,-17.926829268292686,-10.548780487804878,39.54176470588236
0.8393684249999751,0.06703764648437499,-0.4608838195800781,-1.0917559570312498,-104.02439024390245,-19.146341463414636,-11.951219512195124,39.55352941176471
0.8462342400000011,0.37229835815429685,-2.2840683837890623,-2.9891607727050777,-72.37804878048782,-18.597560975609756,-12.621951219512196,39.565294117647056
0.8530827949999775,0.5015852478027344,-2.7533319091796873,-4.29639487915039,-37.86585365853659,-17.682926829268293,-11.28048780487805,39.54176470588236
0.862687999000002,-0.32082302246093747,1.9788076721191405,-3.0693665283203124,6.52439024390244,-22.439024390243905,12.256097560975611,39.571176470588235
0.8764747209999655,-0.7266402038574218,9.600748657226562,0.5363011718749999,22.743902439024392,-37.5,17.682926829268293,39.53588235294118
0.8903388699999937,2.934094134521484,7.165845568847656,-3.227383837890625,0.6707317073170732,-30.731707317073173,1.0975609756097562,39.559411764705885
0.9041127769999662,1.3180080139160155,6.657077716064452,3.029862200927734,39.57317073170732,-22.195121951219512,5.182926829268293,39.565294117647056
0.9178844069999741,0.6955155822753906,11.291055029296874,0.8451531860351562,35.1219512195122,-15.365853658536587,-3.2926829268292686,39.55352941176471
0.931654554999966,-4.110844250488281,5.792770916748046,-6.612784985351562,96.28048780487806,-8.78048780487805,71.95121951219512,39.53588235294118
0.945524665999983,-17.52435905151367,19.61270144958496,-15.549142681884765,-101.95121951219512,1.3414634146341464,-0.7317073170731708,39.54764705882353
0.9595341289999624,0.34117373657226563,1.0821791503906248,-0.2705447875976562,-54.87804878048781,2.9268292682926833,-2.987804878048781,39.55352941176471
0.9748976660000039,4.505887524414062,3.0514100158691404,0.5494692810058593,-38.71951219512196,20.30487804878049,-11.158536585365855,39.55352941176471
0.9902019439999776,3.833116857910156,13.010091821289063,1.5167267517089842,-4.329268292682928,42.31707317073171,-27.195121951219516,39.571176470588235
1.0054603510000106,4.073734124755859,1.361103643798828,-6.190208392333984,26.158536585365855,64.45121951219512,11.341463414634147,39.54764705882353
1.0207470550000153,-0.12689268798828124,12.491747161865234,2.3546973327636715,-7.682926829268293,74.08536585365854,-8.719512195121952,39.55352941176471
1.0360164439999835,2.981978167724609,4.693832354736328,-2.1643583007812497,18.04878048780488,59.085365853658544,-19.75609756097561,39.571176470588235
1.051281165999967,-5.184643695068359,9.867702142333984,-0.8726865051269531,56.646341463414636,49.207317073170735,-20.0,39.559411764705885
1.0667355919999864,5.455188482666015,19.61270144958496,4.045003704833984,14.146341463414636,37.80487804878049,81.64634146341464,39.53588235294118
1.0820351289999621,1.4425065002441406,14.532804077148437,-2.379836450195312,22.195121951219512,20.0609756097561,5.548780487804878,39.559411764705885
1.097312517999967,1.0845733520507812,3.8091748413085935,-8.653841900634765,-62.37804878048781,17.012195121951223,6.097560975609756,39.55352941176471
1.112584591999962,-1.9021932189941406,9.690531219482422,1.073799444580078,-72.92682926829269,53.35365853658537,7.743902439024391,39.54176470588236
1.1278657029999977,3.361459130859375,2.4779987182617185,-1.0474632263183594,-12.865853658536587,50.73170731707317,-15.30487804878049,39.54764705882353
1.1431450549999909,-1.629254229736328,11.569979522705077,-1.4820108276367188,-22.195121951219512,48.41463414634147,5.609756097560976,39.54764705882353
1.1586114059999773,0.43574470214843747,8.927977990722656,1.24498486328125,-0.12195121951219513,54.51219512195122,11.76829268292683,39.53588235294118
1.1741604619999748,2.155978594970703,8.503007196044921,-0.18555062866210936,12.80487804878049,59.268292682926834,10.609756097560977,39.54176470588236
1.1896786469999938,-0.12808978881835936,7.693767034912109,-0.6093243225097655,25.853658536585368,48.59756097560976,25.792682926829272,39.565294117647056
1.2051578509999672,0.6787561706542968,9.610325463867188,1.467645617675781,15.30487804878049,39.93902439024391,29.32926829268293,39.571176470588235
1.2206688509999708,0.12569558715820311,10.436325036621094,0.6200982299804687,25.853658536585368,33.65853658536586,32.80487804878049,39.55352941176471
1.2367162769999709,2.1224597717285154,19.61270144958496,-2.8993782104492185,-22.25609756097561,4.573170731707317,-107.8658536585366,39.559411764705885
1.2520073139999681,2.474407415771484,-2.231395947265625,-2.498349432373047,39.024390243902445,9.51219512195122,-116.82926829268294,39.559411764705885
1.2659777949999693,2.426523382568359,19.431340673828124,1.5023615417480467,9.02439024390244,14.085365853658537,-13.475609756097562,39.55352941176471
1.278608442999996,-8.058882788085937,7.517793212890624,-1.3491326354980469,46.15853658536586,-10.914634146341465,-54.63414634146342,39.53
1.291178183999989,2.1739351074218747,5.4013189453125,-5.275623358154297,52.86585365853659,4.2682926829268295,32.01219512195122,39.55352941176471
1.303940276999981,-7.029376074218749,14.700398193359375,-1.945288848876953,-80.91463414634147,43.84146341463415,26.09756097560976,39.54764705882353
1.3164677209999809,-1.8004396484374998,4.412513659667969,0.6141127258300781,-3.5975609756097566,18.53658536585366,55.54878048780488,39.55352941176471
1.3289868879999744,0.7876923461914062,8.505401397705077,-0.01915361328125,10.914634146341465,6.158536585365854,58.963414634146346,39.55352941176471
1.3415332209999633,2.749740606689453,11.304223138427734,0.7948749511718749,14.085365853658537,0.853658536585366,47.5609756097561,39.54764705882353
1.3541264989999604,0.603338818359375,11.897985150146484,1.5969325073242187,30.487804878048784,10.548780487804878,28.59756097560976,39.55352941176471
1.3674312769999801,7.031770275878906,19.52950294189453,-4.994304663085937,-53.90243902439025,-23.475609756097562,-53.35365853658537,39.54764705882353
1.381196053999986,1.5957354064941405,0.4860229370117187,-0.7936778503417968,13.536585365853659,-30.731707317073173,-48.47560975609756,39.559411764705885
1.3949860909999643,0.3399766357421875,9.112331518554686,-0.06703764648437499,-14.695121951219514,-13.353658536585368,-50.36585365853659,39.54176470588236
1.4087638139999967,-0.33518823242187495,8.936357696533202,-0.7852981445312499,33.23170731707317,-14.085365853658537,-55.00000000000001,39.559411764705885
1.4225616100000025,1.600523809814453,19.463662396240235,-0.24181436767578124,-35.97560975609756,22.012195121951223,47.50000000000001,39.559411764705885
1.4363586279999936,-3.679887951660156,-0.12449848632812499,-0.7661445312499999,8.719512195121952,6.097560975609756,37.01219512195122,39.565294117647056
1.4505527949999646,-2.175132208251953,9.129090930175781,-0.45489831542968745,-24.634146341463417,-3.1097560975609757,55.73170731707317,39.58294117647059
1.4645588509999925,-0.70868369140625,6.742071875,-1.610100616455078,18.902439024390244,1.9512195121951221,54.87804878048781,39.53
1.4786139429999707,0.9792284790039062,18.441338287353513,-0.016759411621093748,54.146341463414636,-12.560975609756099,10.670731707317074,39.54764705882353
1.4927899799999977,9.273940130615234,13.381193078613281,-5.298368273925781,-50.79268292682927,-28.902439024390247,-53.963414634146346,39.52411764705882
1.5069745729999795,1.5634136840820312,2.4444798950195312,1.4018050720214843,12.01219512195122,-23.04878048780488,-46.40243902439025,39.559411764705885
1.521050516999992,1.042674822998047,5.96275923461914,-1.9572598571777342,5.426829268292684,-20.426829268292686,-69.39024390243902,39.55352941176471
1.5351313689999984,6.617573388671874,19.61270144958496,-4.053383410644531,-29.32926829268293,15.426829268292684,27.073170731707318,39.559411764705885
1.549201016999973,-5.014655377197266,-2.940079638671875,-3.414131567382812,3.780487804878049,6.219512195121951,41.34146341463415,39.55352941176471
1.5628519059999917,-0.824802471923828,5.594052178955078,-0.5518634826660156,-0.426829268292683,-4.695121951219512,38.53658536585366,39.571176470588235
1.569860738999978,-4.220977526855468,13.436259716796874,-2.2254104431152344,-17.5609756097561,-6.890243902439025,40.0609756097561,39.559411764705885
1.5769012210000142,-2.96881005859375,7.3274541809082026,-1.9943699829101562,-2.0121951219512195,-7.682926829268293,39.93902439024391,39.55352941176471
1.5839972019999777,-0.6296750366210937,2.403778466796875,-1.1575965026855468,16.158536585365855,-9.451219512195122,35.426829268292686,39.55352941176471
1.5908525359999999,-0.5578489868164063,2.6623522460937497,-1.3335703247070312,50.85365853658537,-14.51219512195122,56.585365853658544,39.52411764705882
1.59768505400001,0.07541735229492187,1.8381483245849608,-4.417302062988281,71.34146341463415,-20.121951219512198,35.54878048780488,39.54764705882353
1.6045081279999636,7.266402038574219,19.61270144958496,0.411802685546875,-15.182926829268293,-50.1829268292683,-73.10975609756098,39.54176470588236
1.6113323319999608,5.729324572753906,-1.4425065002441406,-8.659827404785156,-5.914634146341464,-44.57317073170732,-66.95121951219512,39.559411764705885
1.618153035999967,3.84987626953125,4.084508032226562,0.06823474731445311,25.670731707317074,-39.63414634146342,-58.10975609756098,39.54176470588236
1.6249747389999811,1.6543933471679686,3.592499591064453,1.7776947326660155,14.573170731707318,-34.57317073170732,-48.29268292682927,39.53588235294118
1.6317960359999688,0.5590460876464843,0.967257470703125,-1.199495031738281,7.682926829268293,-33.65853658536586,-50.85365853658537,39.55352941176471
1.6386167019999789,-0.8547299926757812,19.61270144958496,-5.201403106689453,37.19512195121951,-35.243902439024396,-61.21951219512196,39.55352941176471
1.6455066469999906,0.4273649963378906,19.61270144958496,-2.6527754394531247,31.03658536585366,15.670731707317074,35.243902439024396,39.53588235294118
1.6523280729999783,-4.581304876708984,19.61270144958496,-5.3953334411621094,-102.6829268292683,16.03658536585366,28.59756097560976,39.54176470588236
1.6592622949999623,0.5422866760253906,-0.01915361328125,-2.8191724548339843,-60.1829268292683,15.914634146341465,26.402439024390247,39.55352941176471
1.6661294620000149,-0.5734112976074218,0.09576806640624999,-1.0115502014160156,-24.512195121951223,15.731707317073171,26.707317073170735,39.559411764705885
1.6729778509999846,0.076614453125,-2.2278046447753903,-1.006761798095703,-7.682926829268293,15.487804878048783,27.80487804878049,39.55352941176471
1.6798033320000059,-1.2054805358886718,6.807912420654296,-0.22385785522460935,18.29268292682927,9.451219512195122,52.25609756097561,39.54176470588236
1.6866282390000151,-2.346317626953125,15.394716674804686,2.4875755249023435,-5.7926829268292686,3.5975609756097566,62.19512195121952,39.54764705882353
1.693455331999985,-3.7624879089355465,13.7522943359375,0.5530605834960938,16.646341463414636,0.7317073170731708,43.53658536585366,39.55352941176471
1.7003135729999599,-0.5363011718749999,4.292803576660156,-1.9752163696289062,14.390243902439027,-7.01219512195122,33.170731707317074,39.559411764705885
1.7072532390000106,0.19991583862304688,-0.6560112548828124,-0.8858546142578124,62.19512195121952,-8.78048780487805,38.35365853658537,39.565294117647056
1.7142151649999846,-1.2246341491699217,1.5155296508789062,-1.6723498596191406,66.89024390243902,-9.329268292682928,28.780487804878053,39.559411764705885
1.721064627999965,-7.9283987976074215,19.61270144958496,-4.993107562255859,12.682926829268293,-51.21951219512196,-54.39024390243903,39.55352941176471
1.7278888319999623,7.682993127441406,2.001552587890625,-4.224568829345703,-81.21951219512196,-56.28048780487806,-66.28048780487805,39.559411764705885
1.7347493500000155,3.2728736694335936,1.6723498596191406,-2.653972540283203,-30.792682926829272,-35.54878048780488,-50.91463414634147,39.571176470588235
1.7417552949999617,0.5638344909667968,3.1459809814453124,0.4944026428222656,7.134146341463415,-31.951219512195124,-53.47560975609757,39.57705882352941
1.7485879429999613,1.7166425903320313,-0.7517793212890624,-4.359841223144531,-12.621951219512196,-24.878048780487806,-59.93902439024391,39.58882352941177
1.7554289799999765,6.148309863281249,14.152126013183594,-3.171120098876953,17.439024390243905,1.402439024390244,-22.682926829268293,39.55352941176471
1.7622725729999615,2.3056161987304686,19.61270144958496,-0.5207388610839844,-59.81707317073171,30.426829268292686,28.658536585365855,39.55352941176471
1.7691122210000003,-4.50109912109375,2.0745757385253905,-4.819527941894531,-92.98780487804879,26.03658536585366,10.914634146341465,39.55352941176471
1.7759464060000028,-1.638831036376953,-1.2856862915039062,-2.9496564453125,-25.914634146341466,16.219512195121954,12.621951219512196,39.55352941176471
1.7829850169999872,-0.9253589416503906,7.821856823730468,2.1416133850097654,-18.170731707317074,10.487804878048781,16.158536585365855,39.565294117647056
1.7898272580000025,-1.6735469604492186,1.8160019592285155,-3.806780639648437,-36.28048780487805,14.695121951219514,40.85365853658537,39.55352941176471
1.7966648500000133,-1.9536685546875,5.0206408813476555,-0.5865794067382812,5.731707317073171,-5.0,49.39024390243903,39.565294117647056
1.8035014429999592,-4.429273071289062,15.146916802978515,2.272097375488281,13.963414634146343,-9.756097560975611,47.19512195121952,39.559411764705885
1.8103392209999924,-0.3016694091796875,10.445901843261717,0.6727706665039062,2.987804878048781,-5.426829268292684,30.914634146341466,39.571176470588235
1.8171768869999596,0.6069301208496093,4.3622354248046875,-0.7936778503417968,33.65853658536586,-2.987804878048781,33.109756097560975,39.559411764705885
1.824018905999992,0.6488286499023437,5.912480999755859,1.3623007446289062,50.1829268292683,-1.9512195121951221,35.0,39.54764705882353
1.8308572579999804,0.31962592163085934,3.8486791687011714,0.8008604553222656,55.487804878048784,-2.6219512195121952,33.41463414634146,39.565294117647056
1.837693164999962,2.2780828796386716,7.077260107421875,0.9792284790039062,65.1829268292683,0.12195121951219513,32.6219512195122,39.55352941176471
1.8445321469999953,-7.123947039794921,19.61270144958496,-9.080009796142578,51.585365853658544,-9.390243902439025,-60.1829268292683,39.559411764705885
1.8513697019999995,5.091269830322266,19.61270144958496,-1.2641384765625,-41.646341463414636,-56.09756097560976,-76.64634146341464,39.559411764705885
1.8582071099999666,5.487510205078125,-4.508281726074219,-2.6384102294921874,-28.902439024390247,-51.89024390243903,-69.57317073170732,39.565294117647056
1.8650462950000133,2.251746661376953,1.8243816650390623,-2.0302830078125,9.878048780487806,-38.71951219512196,-56.951219512195124,39.54764705882353
1.8718837579999672,2.088940948486328,2.986766571044922,-1.5514426757812498,30.914634146341466,-32.5,-60.00000000000001,39.55352941176471
1.8787210360000017,5.079298822021484,19.61270144958496,-6.169857678222656,15.243902439024392,-12.317073170731708,-17.865853658536587,39.54764705882353
1.8855589990000112,-9.058461981201171,19.61270144958496,-1.830367169189453,-65.3048780487805,8.963414634146343,18.963414634146343,39.571176470588235
1.892394127999978,-4.562151263427734,3.2788591735839843,-3.6152445068359373,-76.21951219512196,1.7682926829268295,6.829268292682928,39.55352941176471
1.8992453870000077,-0.9995791931152344,1.9608511596679685,-0.21787235107421873,-42.19512195121951,-3.658536585365854,10.182926829268293,39.571176470588235
1.9060850909999658,-1.1001356628417969,5.552153649902343,1.1923124267578125,-43.10975609756098,-12.621951219512196,23.658536585365855,39.559411764705885
1.9129071649999787,-1.322796417236328,7.225700610351562,-4.367023828124999,-38.04878048780488,-15.975609756097562,38.963414634146346,39.53588235294118
1.9197259239999767,-1.62805712890625,5.533000036621093,0.06464344482421874,10.914634146341465,-23.963414634146343,49.268292682926834,39.55352941176471
1.9265464609999867,-1.782483135986328,8.878896856689453,2.233790148925781,24.146341463414636,-23.658536585365855,38.41463414634147,39.565294117647056
1.9333649799999648,0.49799394531249996,13.888763830566406,0.6093243225097655,7.682926829268293,-17.195121951219512,25.54878048780488,39.559411764705885
1.9401869799999645,1.5789759948730469,0.9995791931152344,-2.440888592529297,-1.2195121951219514,-7.8048780487804885,24.451219512195124,39.565294117647056
1.9470319609999933,0.6476315490722656,3.1292215698242187,-0.7685387329101562,50.97560975609756,-7.500000000000001,27.378048780487806,39.565294117647056
1.9538603689999832,1.199495031738281,1.9907786804199217,-1.2856862915039062,55.487804878048784,-7.926829268292684,23.902439024390247,39.58294117647059
1.960818238999991,-0.5303156677246094,9.849745629882811,1.7118541870117185,76.95121951219512,-5.609756097560976,20.48780487804878,39.565294117647056
1.9676725539999893,0.14484920043945312,10.265738168334961,-8.675389715576172,56.03658536585366,-15.182926829268293,-0.12195121951219513,39.55352941176471
1.9745116279999593,5.0385973937988275,19.61270144958496,-3.0921114440917967,12.74390243902439,-51.585365853658544,-84.20731707317074,39.54764705882353
1.9813519429999928,6.683413934326172,6.143521459960938,-4.660313531494141,-6.951219512195123,-58.90243902439025,-76.70731707317074,39.54764705882353
1.9881909609999866,4.823119244384765,11.66335338745117,-3.785232824707031,30.54878048780488,-51.21951219512196,-68.10975609756098,39.54176470588236
1.9950262209999892,4.622006304931641,19.61270144958496,-6.827066033935546,24.390243902439025,9.878048780487806,38.10975609756098,39.58294117647059
2.0018644799999947,-8.310273962402343,19.61270144958496,-1.1288660827636718,-61.21951219512196,4.75609756097561,21.82926829268293,39.559411764705885
2.0087164239999993,-6.424840155029297,4.262876055908203,-3.3327287109375,-77.6829268292683,-3.963414634146342,1.524390243902439,39.565294117647056
2.0155633319999993,-0.8894459167480468,2.6862942626953124,-2.503137835693359,-62.865853658536594,-5.670731707317073,13.231707317073171,39.571176470588235
2.022406238999963,-1.2725181823730467,6.688202337646484,-1.3587094421386718,-51.951219512195124,-8.292682926829269,25.426829268292686,39.571176470588235
2.029246979999982,-1.5095441467285156,4.989516259765625,-0.4417302062988281,-34.024390243902445,-10.548780487804878,31.402439024390247,39.565294117647056
2.0360908320000135,-1.5658078857421873,14.64533155517578,2.048239520263672,-38.04878048780488,-15.000000000000002,23.719512195121954,39.55352941176471
2.042928109999991,1.1264718811035155,6.131550451660156,0.39264907226562495,-11.463414634146343,-11.402439024390246,19.878048780487806,39.559411764705885
2.0497712389999947,1.3156138122558594,3.411737365722656,-1.7381904052734374,-2.9268292682926833,-15.609756097560977,16.097560975609756,39.58294117647059
2.0566102949999845,1.139639990234375,4.721365673828124,0.3495534423828125,29.634146341463417,3.536585365853659,12.865853658536587,39.571176470588235
2.063448775999973,1.0570400329589844,5.686228942871093,-0.3435679382324219,25.853658536585368,5.487804878048781,10.060975609756099,39.565294117647056
2.0702892019999695,0.719457598876953,9.446322650146485,1.3072341064453123,36.21951219512196,6.402439024390245,11.585365853658537,39.559411764705885
2.0771246840000117,0.17238251953125,6.30752427368164,-0.5231330627441406,47.50000000000001,3.8414634146341466,11.097560975609756,39.565294117647056
2.0840286279999987,-0.7972691528320313,3.2884359802246093,-0.316034619140625,70.73170731707317,2.5609756097560976,7.8048780487804885,39.565294117647056
2.09090286899999,-0.076614453125,2.6300305236816404,-0.7936778503417968,91.64634146341464,-4.024390243902439,-3.2926829268292686,39.565294117647056
2.0977602209999873,-9.85094273071289,19.61270144958496,-1.1935095275878906,59.81707317073171,-41.09756097560976,-78.23170731707317,39.565294117647056
2.104601997999964,17.654843041992187,19.61270144958496,-11.094730493164063,-31.52439024390244,-42.13414634146342,17.134146341463417,39.55352941176471
2.1114288499999816,-3.220201232910156,12.326547247314453,-5.926846209716796,-64.63414634146342,8.231707317073171,23.475609756097562,39.571176470588235
2.1182492949999983,-4.298789080810547,1.6364368347167968,-1.8950106140136718,-45.00000000000001,3.9024390243902443,10.731707317073171,39.571176470588235
2.1250713320000045,-0.9947907897949219,2.3618799377441406,0.4273649963378906,-45.487804878048784,-1.5853658536585367,-2.1341463414634148,39.559411764705885
2.131902886999967,-1.0187328063964842,1.695094775390625,0.2861070983886719,-56.524390243902445,-6.158536585365854,-4.146341463414634,39.559411764705885
2.1387486279999735,-2.31758720703125,11.156979736328124,-4.203021014404297,-29.451219512195124,-12.560975609756099,-3.658536585365854,39.559411764705885
2.1455936099999917,-4.189852905273438,19.188329205322265,1.1432312927246093,-22.621951219512198,-20.914634146341466,15.670731707317074,39.565294117647056
2.152518923999992,-1.8459294799804686,10.582371337890624,-1.705868682861328,-50.60975609756098,-25.365853658536587,11.890243902439025,39.559411764705885
2.1593994059999773,-0.6452373474121094,0.8295908752441405,-2.896984008789062,-21.463414634146343,-26.707317073170735,8.78048780487805,39.559411764705885
2.1662450349999745,0.7625532287597656,2.6240450195312497,-0.9840168823242187,30.731707317073173,-23.353658536585368,8.536585365853659,39.53588235294118
2.173088312999994,1.2665326782226562,10.42555112915039,2.8323405639648436,30.30487804878049,-21.097560975609756,8.170731707317074,39.53588235294118
2.1799304429999893,2.2457611572265623,10.675745202636719,0.7050923889160156,13.902439024390246,-24.512195121951223,2.6219512195121952,39.54764705882353
2.186775017000002,1.6136919189453125,6.1088055358886715,-0.6165069274902344,39.69512195121951,-2.987804878048781,2.5,39.55352941176471
2.193603608999979,1.6819266662597656,-0.6679822631835937,-1.7381904052734374,40.85365853658537,0.1829268292682927,1.6463414634146343,39.559411764705885
2.2004276089999735,0.23223756103515625,0.4896142395019531,-1.1324573852539062,76.34146341463415,3.658536585365854,-4.878048780487806,39.565294117647056
2.207266201999971,0.6811503723144531,2.2445640563964844,1.0797849487304687,107.07317073170732,4.51219512195122,-7.682926829268293,39.54764705882353
2.2141038689999846,0.06105214233398437,19.61270144958496,-7.410054138183593,105.1219512195122,5.365853658536586,-10.487804878048781,39.559411764705885
2.2209421649999967,-4.861426470947265,19.61270144958496,-14.40950269165039,-72.8048780487805,-10.731707317073171,7.560975609756098,39.58882352941177
2.2277789979999625,-0.7457938171386719,19.506758026123045,-3.010708587646484,-101.58536585365854,-15.121951219512196,10.121951219512196,39.58882352941177
2.2346129239999755,-0.843956085205078,3.604470599365234,1.4281412902832031,-90.2439024390244,-0.426829268292683,11.219512195121952,39.559411764705885
2.2415659979999987,0.5111620544433594,1.849520782470703,1.7118541870117185,-120.1829268292683,-17.073170731707318,10.121951219512196,39.55352941176471
2.2484074429999623,0.5781997009277343,-4.715380169677734,-1.7597382202148437,-98.78048780487806,-16.890243902439025,10.365853658536587,39.55352941176471
2.2552451649999625,0.16160861206054686,-1.9045874206542968,-2.6192566162109374,-62.37804878048781,-15.426829268292684,8.719512195121952,39.55352941176471
2.262081868999985,0.7960720520019531,-2.6803087585449217,-3.427299676513672,4.390243902439025,-13.353658536585368,9.146341463414634,39.565294117647056
2.2729163500000027,-0.1304839904785156,4.0066964782714845,0.6057330200195312,50.304878048780495,-7.8048780487804885,-11.097560975609756,39.565294117647056
2.2882194979999895,6.852205151367187,19.61270144958496,0.5219359619140624,-2.9268292682926833,20.121951219512198,-2.8658536585365857,39.57705882352941
2.303538479999986,-0.6248866333007812,1.4544775085449217,-0.9624690673828125,33.29268292682927,16.52439024390244,-13.963414634146343,39.58294117647059
2.318815645999962,-0.04908113403320312,0.5506663818359374,0.5674257934570313,88.59756097560977,19.451219512195124,-28.04878048780488,39.54764705882353
2.3340889059999768,6.297947467041015,19.61270144958496,1.1659762084960936,27.378048780487806,62.6219512195122,91.89024390243904,39.565294117647056
2.349407498000005,-11.386823095703125,13.928268157958984,-3.564966271972656,12.134146341463415,-9.085365853658537,-24.878048780487806,39.57705882352941
2.3647322950000103,4.605246893310547,5.600037683105469,-0.8176198669433593,-75.0,-4.390243902439025,9.878048780487806,39.559411764705885
2.3800924980000104,3.305195391845703,7.453149768066406,-3.925293621826172,-38.71951219512196,-1.6463414634146343,-14.207317073170733,39.55352941176471
2.395426498000006,3.246537451171875,6.4463879699707025,0.7230489013671875,-10.792682926829269,14.146341463414636,-17.378048780487806,39.565294117647056
2.4107330349999643,-0.7529764221191406,8.342595684814453,1.7609353210449217,25.0609756097561,9.878048780487806,-15.975609756097562,39.55352941176471
2.426275868999994,-2.433705987548828,8.736441857910156,1.3670891479492187,34.207317073170735,-6.829268292682928,-11.463414634146343,39.571176470588235
2.441599738999969,-0.9361328491210937,2.693476867675781,-0.9504980590820312,89.69512195121952,-10.792682926829269,21.34146341463415,39.559411764705885
2.4569057389999784,-8.201337786865233,19.61270144958496,1.2102689392089843,-34.51219512195122,61.585365853658544,21.402439024390247,39.54764705882353
2.472272294999982,6.828263134765624,8.097190014648437,-2.779668127441406,-35.670731707317074,-10.487804878048781,1.3414634146341464,39.559411764705885
2.488587757000005,1.6711527587890624,5.92445200805664,-1.9129671264648436,-51.463414634146346,-4.939024390243903,-8.475609756097562,39.55352941176471
2.5049888869999677,4.553771557617187,9.068038787841797,-1.4987702392578124,-44.390243902439025,3.9024390243902443,-12.560975609756099,39.559411764705885
2.521337201999984,0.5422866760253906,4.655525128173828,0.3327940307617187,26.402439024390247,11.829268292682928,-17.25609756097561,39.55352941176471
2.537748497999985,-2.3535002319335936,11.583147631835937,1.7298106994628906,16.70731707317073,-2.25609756097561,-11.707317073170733,39.571176470588235
2.5542845539999917,-1.495178936767578,3.35188232421875,-1.5083470458984374,65.67073170731707,-5.853658536585367,-4.024390243902439,39.565294117647056
2.569694090999974,8.658630303955078,19.61270144958496,0.48722003784179685,-24.573170731707318,58.53658536585366,102.98780487804879,39.54764705882353
2.583473405999996,-9.658209497070311,9.41040962524414,-4.019864587402344,-32.987804878048784,1.7682926829268295,-25.914634146341466,39.55352941176471
2.5976408500000048,4.271255761718749,3.3973721557617185,-2.3427263244628906,-52.5609756097561,11.707317073170733,5.975609756097562,39.55352941176471
2.6117440909999914,2.7269956909179687,9.642647186279296,-2.8790274963378906,-56.09756097560976,12.80487804878049,-8.292682926829269,39.571176470588235
2.6257253869999886,1.945288848876953,5.6191912963867185,-1.2521674682617188,-25.182926829268293,0.426829268292683,-11.585365853658537,39.559411764705885
2.6395243309999614,0.5877765075683593,2.527079852294922,-1.458068811035156,27.012195121951223,8.048780487804878,-13.719512195121952,39.54764705882353
2.653264868000008,-1.0917559570312498,2.117671368408203,-1.1420341918945311,18.29268292682927,1.524390243902439,-15.060975609756099,39.571176470588235
2.667111016999968,-0.7613561279296874,5.060145208740234,0.4381389038085937,58.41463414634147,-3.4756097560975614,-5.121951219512195,39.57705882352941
2.6798365170000125,4.355052819824219,16.83004057006836,-2.7617116149902343,71.95121951219512,20.60975609756098,31.219512195121954,39.55352941176471
2.692384145999995,-13.048399047851563,19.61270144958496,-8.532934716796875,-29.39024390243903,5.609756097560976,-22.500000000000004,39.559411764705885
2.704866368000012,5.1882349975585935,7.4232222473144525,-1.1324573852539062,-52.01219512195122,9.51219512195122,-10.426829268292684,39.55352941176471
2.7174292020000053,1.6244658264160154,2.961627453613281,-2.6192566162109374,-55.67073170731708,0.9146341463414634,-2.378048780487805,39.54764705882353
2.7300382569999897,4.455609289550781,12.904746948242186,1.052251629638672,-47.43902439024391,-0.426829268292683,-6.646341463414635,39.571176470588235
2.742682441999989,3.2405519470214843,6.004657763671875,0.09696516723632811,-21.707317073170735,8.414634146341465,-13.231707317073171,39.559411764705885
2.755215886999963,-0.9026140258789062,4.896142395019531,0.1867477294921875,22.378048780487806,5.487804878048781,-12.134146341463415,39.54764705882353
2.767736367999987,-0.8690952026367187,5.380968231201171,-0.3327940307617187,22.926829268292686,-5.121951219512195,-9.817073170731708,39.55352941176471
2.782803701999967,-0.6727706665039062,-0.1592144104003906,-0.07541735229492187,67.8658536585366,-11.951219512195124,-6.341463414634147,39.58882352941177
2.799168387000009,-0.23822306518554687,5.4013189453125,-5.6778492370605465,82.5609756097561,26.219512195121954,57.743902439024396,39.565294117647056
2.8155901279999966,-14.14135210571289,18.006790686035156,-3.872621185302734,-41.40243902439025,0.0,-20.914634146341466,39.565294117647056
2.8320418129999894,4.030638494873046,3.3028011901855465,-0.9217676391601562,-57.19512195121952,6.646341463414635,7.743902439024391,39.559411764705885
2.8484673130000147,2.8407202697753906,5.080495922851562,0.3447650390625,-35.0609756097561,-8.292682926829269,-8.170731707317074,39.571176470588235
2.8648768129999667,2.6970681701660153,8.768763580322265,-0.9062053283691406,-19.512195121951223,1.2195121951219514,-11.890243902439025,39.565294117647056
2.879426756999976,-0.28730419921875,4.914098907470703,-0.3758896606445312,25.975609756097562,5.914634146341464,-16.951219512195124,39.565294117647056
2.893209516000013,-1.5298948608398437,2.6515783386230467,-0.5458779785156249,33.29268292682927,-0.426829268292683,-17.439024390243905,39.565294117647056
2.9070657759999676,-1.2102689392089843,4.078522528076172,1.1575965026855468,73.53658536585367,-4.878048780487806,-5.3048780487804885,39.58294117647059
2.921031849999963,0.9313444458007812,19.61270144958496,-5.029020587158203,2.1341463414634148,49.32926829268293,78.65853658536587,39.55352941176471
2.9348155160000147,-13.94981597290039,15.759832427978514,-4.027047192382812,-41.707317073170735,-5.7926829268292686,-29.573170731707318,39.565294117647056
2.948600091000003,3.2249896362304686,5.031414788818359,-0.5758054992675781,-61.646341463414636,8.902439024390244,7.8048780487804885,39.58294117647059
2.962369960999979,1.1815385192871093,6.68461103515625,-0.7338228088378905,-49.93902439024391,1.402439024390244,-12.987804878048781,39.571176470588235
2.9762091279999936,1.8997990173339843,11.10191309814453,0.3902548706054687,-41.58536585365854,3.658536585365854,-19.390243902439025,39.57705882352941
2.9899777389999826,0.8834604125976562,3.6284126159667967,-0.08140285644531249,15.79268292682927,2.6219512195121952,-9.02439024390244,39.57705882352941
3.0037634610000055,-0.22744915771484372,6.1626750732421876,-1.5442600708007812,14.329268292682928,-1.0365853658536586,-18.29268292682927,39.57705882352941
3.0175534609999772,-0.24899697265624998,2.1787235107421874,-0.8415618835449218,64.45121951219512,-1.1585365853658538,-17.865853658536587,39.58294117647059
3.0313354239999626,4.1575311828613275,19.61270144958496,-1.9764134704589842,60.1829268292683,20.54878048780488,102.92682926829269,39.58882352941177
3.0451509609999903,-1.2473790649414063,2.1787235107421874,-3.678690850830078,4.695121951219512,53.59756097560976,86.58536585365854,39.565294117647056
3.0588537570000085,-5.813121630859374,11.774683764648437,2.0254946044921875,-4.146341463414634,-13.414634146341465,-36.21951219512196,39.59470588235294
3.0728643310000052,4.311957189941406,6.884526873779296,-1.1432312927246093,-73.71951219512195,5.487804878048781,2.378048780487805,39.571176470588235
3.0881935529999964,1.5849614990234373,9.299079248046874,-1.235408056640625,-49.268292682926834,2.5,-17.073170731707318,39.571176470588235
3.1034509609999645,1.4808137268066406,4.126406561279297,-0.9552864624023437,9.26829268292683,12.80487804878049,-22.073170731707318,39.559411764705885
3.118702368000015,-0.28490999755859375,5.787982513427734,2.1871032165527344,32.07317073170732,17.743902439024392,-20.182926829268293,39.57705882352941
3.1339633309999613,-0.8367734802246093,4.580107775878906,-0.009576806640625,52.25609756097561,16.463414634146343,-29.207317073170735,39.54764705882353
3.149275515999989,4.283226770019531,15.16906316833496,-2.1164742675781247,51.34146341463415,56.28048780487806,89.39024390243904,39.54764705882353
3.164543831000003,-4.402936853027343,8.416815936279296,-3.299209887695312,24.512195121951223,34.75609756097561,42.6219512195122,39.571176470588235
3.1789652939999655,6.007051965332031,11.743559143066406,-0.7781155395507812,-26.89024390243903,-9.634146341463415,-7.134146341463415,39.571176470588235
3.1927131269999904,1.7429788085937499,3.9240965209960934,-0.8966285217285156,-67.01219512195122,-10.670731707317074,-13.658536585365855,39.559411764705885
3.2064445720000094,3.0801404357910154,9.910797772216796,-0.7841010437011718,-38.41463414634147,-1.6463414634146343,-23.04878048780488,39.559411764705885
3.220414941999991,0.41898529052734373,4.083310931396484,-1.7238251953125,2.682926829268293,1.1585365853658538,-25.243902439024392,39.57705882352941
3.234218720000001,-0.719457598876953,9.004592443847656,2.2541408630371094,26.52439024390244,-2.378048780487805,-23.353658536585368,39.55352941176471
3.2479530530000034,-0.8762778076171874,6.719326959228515,-0.3280056274414062,43.65853658536586,-12.439024390243903,-25.792682926829272,39.559411764705885
3.2616768869999646,5.637147808837891,17.081431744384766,-4.408922357177734,69.57317073170732,10.487804878048781,100.91463414634147,39.54764705882353
3.275958682999999,-5.999869360351562,-0.06344634399414062,-4.6459483215332025,-5.853658536585367,36.951219512195124,66.21951219512195,39.58294117647059
3.291301978999968,-3.4823663146972654,19.61270144958496,-5.578489868164062,-27.012195121951223,-14.207317073170733,-14.085365853658537,39.571176470588235
3.3066881639999792,3.3123779968261715,2.3127988037109373,-1.2473790649414063,-67.6829268292683,-4.390243902439025,-6.951219512195123,39.571176470588235
3.3219725529999664,2.6659435485839844,5.272032055664062,-1.7106570861816406,-26.09756097560976,5.853658536585367,-37.19512195121951,39.559411764705885
3.337340645999973,0.4836287353515625,10.307038146972655,0.22026655273437498,2.1951219512195124,2.9268292682926833,-18.414634146341466,39.571176470588235
3.352702442000009,-0.7829039428710937,2.4779987182617185,-1.4053963745117186,41.463414634146346,-3.1097560975609757,-29.08536585365854,39.571176470588235
3.3682208870000068,-0.4740519287109375,10.198101971435547,0.8511386901855468,41.28048780487805,-0.7317073170731708,-24.146341463414636,39.559411764705885
3.3824101829999904,7.2723875427246085,19.61270144958496,-2.503137835693359,14.695121951219514,46.646341463414636,99.63414634146342,39.571176470588235
3.3961917199999903,-3.794809631347656,1.4125789794921875,-1.7741034301757812,8.719512195121952,40.1219512195122,69.93902439024392,39.565294117647056
3.409990145999984,-7.6470801025390625,19.61270144958496,-5.358223315429687,-28.84146341463415,-21.219512195121954,-45.304878048780495,39.565294117647056
3.423755201000006,4.299986181640625,3.976768957519531,-0.32082302246093747,-61.524390243902445,-16.646341463414636,-1.829268292682927,39.57705882352941
3.437549052999998,1.4401122985839843,2.517503045654297,-2.655169641113281,-54.81707317073171,-5.7926829268292686,-32.19512195121951,39.57705882352941
3.451321349000011,0.7637503295898437,9.886855755615233,-0.6631938598632812,-7.134146341463415,1.0975609756097562,-23.53658536585366,39.58882352941177
3.4651272940000126,-0.8176198669433593,7.338228088378906,0.8930372192382812,25.000000000000004,-2.439024390243903,-24.634146341463417,39.57705882352941
3.478927404999979,-0.40222587890625,8.262389929199218,0.8379705810546875,41.58536585365854,-6.707317073170732,-24.939024390243905,39.559411764705885
3.4926990719999935,0.9840168823242187,8.985438830566405,-2.834734765625,55.73170731707317,17.743902439024392,22.98780487804878,39.57705882352941
3.5067256269999802,-9.07163009033203,19.61270144958496,0.42497079467773435,-32.01219512195122,47.19512195121952,68.84146341463415,39.565294117647056
3.520470737999972,-1.5263035583496092,0.16639701538085935,-1.4700398193359374,19.81707317073171,35.97560975609756,69.51219512195122,39.58294117647059
3.534297052999989,-4.083310931396484,19.61270144958496,-6.4667386840820305,-57.804878048780495,-26.09756097560976,-17.25609756097561,39.571176470588235
3.5480745159999856,2.9077579162597655,2.977189764404297,1.2294225524902342,-47.19512195121952,-25.30487804878049,-10.670731707317074,39.571176470588235
3.5618303119999837,2.701856573486328,1.7764976318359373,-0.39863457641601563,-24.02439024390244,-6.402439024390245,-26.76829268292683,39.54764705882353
3.5755856089999725,0.2597708801269531,12.18768355102539,2.5821464904785154,-1.2195121951219514,-0.7926829268292683,-30.914634146341466,39.565294117647056
3.5893526269999825,-0.47644613037109373,2.2170307373046874,0.6500257507324219,68.78048780487805,2.0121951219512195,-34.87804878048781,39.55352941176471
3.6031079050000017,-0.6667851623535156,11.288660827636718,-0.8894459167480468,30.243902439024392,-12.80487804878049,-28.59756097560976,39.58882352941177
3.6168363859999886,6.282385156249999,19.61270144958496,-1.0103531005859374,27.987804878048784,21.219512195121954,93.17073170731707,39.58294117647059
3.630603330999975,-2.7521348083496093,1.6160861206054686,-3.0909143432617188,1.2804878048780488,31.402439024390247,72.43902439024392,39.565294117647056
3.644367645999978,-1.025915411376953,13.114239593505859,-2.925714428710937,24.81707317073171,2.682926829268293,22.195121951219512,39.58294117647059
3.658115756999962,7.81467421875,19.52830584106445,-2.952050646972656,-58.84146341463415,-26.28048780487805,-7.317073170731708,39.58294117647059
3.671928422999997,1.956062756347656,0.23582886352539062,-1.5670049865722655,-49.63414634146342,-31.09756097560976,-14.878048780487806,39.58294117647059
3.685730145999969,1.3479355346679687,3.440467785644531,-2.6204537170410154,1.524390243902439,-4.451219512195122,-37.31707317073171,39.57705882352941
3.6996712380000076,1.291671795654297,13.866018914794921,3.7924154296875,22.98780487804878,-5.060975609756098,-36.40243902439025,39.571176470588235
3.713432479000005,-2.6946739685058594,4.133589166259766,0.9026140258789062,34.69512195121951,-24.451219512195124,-34.207317073170735,39.57705882352941
3.727166608999994,-0.06703764648437499,4.570530969238281,-4.3801919372558595,73.78048780487805,-29.08536585365854,44.69512195121952,39.559411764705885
3.741156496999963,-7.8362220336914055,15.255852978515625,-0.06105214233398437,-41.951219512195124,41.09756097560976,61.463414634146346,39.565294117647056
3.754900700999997,-2.6982652709960937,0.06703764648437499,-0.8116343627929687,12.500000000000002,27.682926829268297,59.146341463414636,39.559411764705885
3.7685999049999737,-3.8283284545898435,19.61270144958496,-10.608707556152343,2.987804878048781,-40.670731707317074,-13.841463414634148,39.58294117647059
3.783399311999972,5.097255334472656,9.202114080810546,-1.62805712890625,-58.963414634146346,-42.31707317073171,-16.097560975609756,39.57705882352941
3.798635348999994,1.6077064147949218,-0.07302315063476562,0.18076222534179687,-15.000000000000002,-26.951219512195124,-25.0609756097561,39.58294117647059
3.813887663999992,3.2118215270996093,6.6522893127441405,-0.4429273071289062,5.731707317073171,-4.146341463414634,-49.93902439024391,39.58294117647059
3.8291725899999847,0.4417302062988281,10.199299072265624,-0.19512743530273435,39.207317073170735,1.402439024390244,-44.63414634146342,39.565294117647056
3.844445941999993,-0.9109937316894531,5.822099887084961,-5.390545037841797,57.6829268292683,33.59756097560976,41.03658536585366,39.565294117647056
3.85979264599996,-8.571241943359375,-1.6340426330566404,-4.853046765136718,-64.75609756097562,33.29268292682927,47.37804878048781,39.55352941176471
3.87511712700001,-2.4301146850585935,7.484274389648437,0.5997475158691405,-2.378048780487805,19.81707317073171,65.85365853658537,39.571176470588235
3.8904264419999777,-1.9572598571777342,19.09016693725586,-4.605246893310547,24.81707317073171,-12.500000000000002,25.000000000000004,39.58882352941177
3.9059867940000004,8.316259466552735,6.376956121826171,-2.636016027832031,-66.15853658536587,-32.86585365853659,-33.71951219512196,39.58882352941177
3.921276256999988,2.299630694580078,0.11611878051757812,-0.8224082702636718,3.2926829268292686,-13.902439024390246,-37.25609756097561,39.58882352941177
3.936592348999966,2.436100189208984,10.825382806396483,-0.9900023864746094,4.390243902439025,-4.573170731707317,-49.69512195121952,39.58294117647059
3.9519084789999965,-0.46806642456054687,3.88818349609375,0.029927520751953124,47.6829268292683,-5.7926829268292686,-48.65853658536586,39.58294117647059
3.9672188309999683,5.88614478149414,19.61270144958496,-5.902904193115234,-19.75609756097561,42.5609756097561,63.78048780487806,39.58294117647059
3.9816563859999974,-3.768473413085937,-0.6356605407714844,-3.238157745361328,-7.134146341463415,26.219512195121954,36.09756097560976,39.58882352941177
3.9954366270000037,-0.8918401184082031,4.040215301513672,-1.7645266235351562,0.12195121951219513,6.585365853658537,75.48780487804879,39.58882352941177
4.009426200999997,-1.1959037292480468,9.060856182861327,1.2030863342285156,37.6219512195122,-4.390243902439025,66.52439024390245,39.565294117647056
4.023211053000011,0.5219359619140624,19.476830505371094,-3.9815573608398434,-58.84146341463415,-25.853658536585368,-50.91463414634147,39.55352941176471
4.036974681999993,3.446453289794922,-2.002749688720703,-0.29568390502929687,3.2926829268292686,-28.719512195121954,-41.524390243902445,39.565294117647056
4.05071768199997,2.3487118286132813,4.856638067626953,0.49320554199218747,0.1829268292682927,-3.5975609756097566,-41.34146341463415,39.55352941176471
4.064464794000003,0.6703764648437499,14.500482354736327,-0.003591302490234375,9.51219512195122,-12.195121951219512,-51.03658536585366,39.57705882352941
4.078342218999978,0.5542576843261718,4.717774371337891,-1.4305354919433593,45.79268292682927,3.658536585365854,-17.25609756097561,39.55352941176471
4.092142996999996,-8.505401397705077,19.61270144958496,-3.9516298400878904,-67.7439024390244,18.902439024390244,50.79268292682927,39.58294117647059
4.1059481450000135,-2.4851813232421875,0.978031378173828,-1.5705962890624998,17.25609756097561,9.146341463414634,46.21951219512196,39.57705882352941
4.119711441999982,-2.906560815429687,6.695384942626953,-1.93451494140625,-0.5487804878048781,-2.6219512195121952,66.21951219512195,39.571176470588235
4.133450089999997,-0.6919242797851562,8.852560638427734,-1.3658920471191405,23.170731707317074,-3.231707317073171,51.28048780487806,39.571176470588235
4.147217830999978,2.270900274658203,19.61270144958496,-3.821145849609375,-64.51219512195122,-44.81707317073171,-54.87804878048781,39.559411764705885
4.161061479000011,3.919308117675781,2.2254104431152344,-0.9552864624023437,15.426829268292684,-19.390243902439025,-38.71951219512196,39.559411764705885
4.175306941999963,1.7393875061035156,3.6080619018554687,-0.8702923034667969,-6.52439024390244,-12.195121951219512,-47.5609756097561,39.58294117647059
4.1890998490000015,2.4097639709472656,9.430760339355468,-1.2593500732421874,28.414634146341466,-14.085365853658537,-58.90243902439025,39.57705882352941
4.202912181999977,-0.7589619262695312,19.61270144958496,-1.0091559997558592,-30.487804878048784,20.670731707317074,54.57317073170732,39.58294117647059
4.21668325600001,-3.842693664550781,0.9564835632324218,-3.949235638427734,-13.536585365853659,6.7682926829268295,36.03658536585366,39.58294117647059
4.2304972009999915,-1.7238251953125,5.494692810058593,-1.3371616271972655,-3.231707317073171,-2.8658536585365857,59.146341463414636,39.58294117647059
4.244269497000005,-2.9556419494628905,6.138733056640625,-1.7465701110839842,-9.817073170731708,-0.9756097560975611,51.707317073170735,39.59470588235294
4.258051496999997,-0.03232172241210937,4.92846411743164,2.464830609130859,49.87804878048781,-6.2804878048780495,21.76829268292683,39.58294117647059
4.271805570999959,9.149441644287108,19.61270144958496,-4.346673114013671,-58.04878048780488,-29.26829268292683,-59.63414634146342,39.58294117647059
4.286897775,2.474407415771484,1.678335363769531,0.27293898925781246,21.097560975609756,-17.134146341463417,-47.07317073170732,39.58294117647059
4.302227996999989,1.476025323486328,7.187393383789062,-0.03950432739257812,-4.939024390243903,-1.0975609756097562,-71.76829268292684,39.57705882352941
4.317640200999961,6.7803791015625,19.61270144958496,-5.5461681457519525,-20.79268292682927,23.53658536585366,48.963414634146346,39.57705882352941
4.332956089999982,-2.5617957763671875,-2.5953145996093747,-1.7214309936523438,-11.829268292682928,7.25609756097561,34.69512195121951,39.58882352941177
4.348286755999993,-2.3259669128417966,3.793612530517578,0.7541735229492187,-5.426829268292684,-1.524390243902439,39.390243902439025,39.58882352941177
4.363607811999998,-2.2254104431152344,9.436745843505859,-2.4588451049804685,0.9146341463414634,2.987804878048781,39.451219512195124,39.565294117647056
4.378527552999969,0.3124433166503906,1.1456254943847655,-0.21428104858398436,63.23170731707317,-0.06097560975609757,44.69512195121952,39.58294117647059
4.392290682000009,1.4377180969238281,19.61270144958496,-8.311471063232421,-73.10975609756098,-34.451219512195124,-64.20731707317074,39.58294117647059
4.406041979000008,3.2309751403808593,3.375824340820312,-0.3854664672851562,23.414634146341466,-18.53658536585366,-45.60975609756098,39.57705882352941
4.419806607999988,0.5770026000976562,2.682702960205078,-1.2006921325683593,-4.634146341463415,-16.097560975609756,-65.1219512195122,39.58294117647059
4.433617440999967,13.87320151977539,19.61270144958496,-2.346317626953125,5.365853658536586,45.243902439024396,34.32926829268293,39.57705882352941
4.447477552999999,-3.6535517333984373,1.1073182678222655,-1.7872715393066405,-35.609756097560975,24.085365853658537,16.402439024390244,39.57705882352941
4.461173718999987,-0.9959878906249999,4.259284753417968,1.6699556579589843,-14.634146341463415,12.317073170731708,41.03658536585366,39.571176470588235
4.474961033999989,-3.6200329101562496,10.020931048583984,-1.1013327636718748,3.8414634146341466,-5.670731707317073,40.54878048780488,39.57705882352941
4.490238255999998,0.017956512451171875,4.697423657226563,0.4740519287109375,42.01219512195122,-8.353658536585366,43.84146341463415,39.57705882352941
4.505505830000004,1.2006921325683593,10.04846436767578,2.5139117431640625,40.85365853658537,-1.1585365853658538,18.10975609756098,39.571176470588235
4.520776163999983,4.880580084228515,-0.3435679382324219,-8.238447912597655,16.402439024390244,-38.84146341463415,-75.54878048780489,39.58294117647059
4.536035422999987,3.459621398925781,7.167042669677734,3.784035723876953,6.219512195121951,-22.134146341463417,-60.67073170731708,39.58294117647059
4.551320497000006,5.409698651123047,19.61270144958496,-8.007407452392577,-57.13414634146342,27.439024390243905,17.743902439024392,39.571176470588235
4.566602940999985,-5.082890124511718,1.8650830932617186,-1.915361328125,-39.93902439024391,1.402439024390244,14.390243902439027,39.565294117647056
4.581989977999967,-0.27293898925781246,3.180696905517578,-2.403778466796875,-20.48780487804878,-13.536585365853659,52.86585365853659,39.57705882352941
4.597264848999998,-3.1603461914062496,10.315417852783202,1.5897499023437498,24.512195121951223,-16.70731707317073,35.54878048780488,39.58294117647059
4.612533237999969,2.185906115722656,0.2154781494140625,-2.935291235351562,53.78048780487806,-13.414634146341465,36.524390243902445,39.571176470588235
4.627795552000009,1.120486376953125,4.965574243164062,1.924938134765625,60.304878048780495,7.01219512195122,-5.914634146341464,39.60058823529412
4.643061719000002,8.564059338378906,18.440141186523437,-5.248090039062499,-28.353658536585368,-38.35365853658537,-70.2439024390244,39.58294117647059
4.658297255999969,2.3163901062011716,2.1164742675781247,2.347514727783203,44.268292682926834,-28.59756097560976,-64.14634146341464,39.559411764705885
4.673703589000013,2.3295582153320313,19.61270144958496,-3.9659950500488277,-87.5609756097561,7.439024390243903,17.5,39.57705882352941
4.689058385999999,-2.626439221191406,0.3495534423828125,1.1707646118164061,-34.51219512195122,-11.951219512195124,12.317073170731708,39.6064705882353
4.704417589000002,-0.5566518859863281,7.281964349365234,-1.7477672119140624,-33.23170731707317,-23.59756097560976,55.79268292682927,39.60058823529412
4.719716385999959,0.086191259765625,16.78574783935547,0.718260498046875,-14.756097560975611,-1.707317073170732,19.573170731707318,39.58294117647059
4.735005107999996,1.6448165405273436,2.395398760986328,-0.45968671875,35.79268292682927,12.378048780487806,27.926829268292686,39.559411764705885
4.750583108000001,0.5470750793457031,11.410765112304686,1.4616601135253906,41.890243902439025,8.231707317073171,30.54878048780488,39.59470588235294
4.766585255999985,-8.07683930053711,19.61270144958496,-0.5566518859863281,-11.158536585365855,-45.79268292682927,-82.13414634146342,39.571176470588235
4.781738200999996,6.021417175292968,8.70771143798828,-3.427299676513672,27.682926829268297,-7.195121951219513,27.439024390243905,39.58882352941177
4.795505515000002,-7.799111907958984,11.534066497802733,0.6871358764648438,-74.63414634146342,6.463414634146342,1.7682926829268295,39.57705882352941
4.809502108000004,-0.9959878906249999,1.4496891052246093,-4.565742565917969,-44.81707317073171,0.7317073170731708,22.865853658536587,39.58882352941177
4.823268940999981,-4.086902233886718,6.947973217773437,1.9596540588378906,-17.804878048780488,-18.597560975609756,28.658536585365855,39.571176470588235
4.83703331199996,1.6316484313964843,5.044582897949218,-1.659181750488281,-6.52439024390244,-1.8902439024390245,19.32926829268293,39.58294117647059
4.850819978000004,1.0845733520507812,3.9636008483886718,0.8870517150878906,44.390243902439025,4.573170731707317,1.524390243902439,39.58882352941177
4.864734625999972,0.6440402465820312,7.392097625732421,-0.5578489868164063,44.207317073170735,5.975609756097562,16.951219512195124,39.59470588235294
4.8785948859999735,0.6380547424316406,7.791929302978515,0.4070142822265625,79.08536585365854,4.146341463414634,0.0,39.571176470588235
4.892369293000002,2.1823148132324217,19.61270144958496,-6.391321331787109,-11.52439024390244,-50.97560975609756,-69.69512195121952,39.58294117647059
4.906149051999989,-2.864662286376953,11.560402716064452,-4.574122271728515,5.182926829268293,13.78048780487805,12.500000000000002,39.565294117647056
4.923514978000014,-4.371812231445312,2.0063409912109376,-1.936909143066406,-77.43902439024392,-10.670731707317074,6.951219512195123,39.58882352941177
4.937283903999969,-4.186261602783203,9.038111267089842,-4.478354205322265,-52.13414634146342,-4.878048780487806,15.731707317073171,39.571176470588235
4.951075274999994,-1.0019733947753906,9.182960467529297,0.0430956298828125,-11.76829268292683,-29.75609756097561,30.670731707317074,39.59470588235294
4.964804366999999,2.1799206115722654,1.6112977172851561,-0.7577648254394531,43.29268292682927,-15.731707317073171,8.536585365853659,39.59470588235294
4.978591625999968,2.2158336364746094,7.201758593749999,1.697488977050781,37.86585365853659,-3.1707317073170733,4.939024390243903,39.59470588235294
4.992349348999994,0.35793314819335936,4.563348364257812,-0.8726865051269531,75.0609756097561,-14.634146341463415,0.48780487804878053,39.57705882352941
5.006098959999974,0.6667851623535156,9.643844287109374,-0.5686228942871093,90.91463414634147,2.25609756097561,-20.182926829268293,39.571176470588235
