0.0154660559999229,-0.9169792358398436,-9.495403784179686,-4.076128326416016,-22.98780487804878,-49.87804878048781,-38.23170731707317,44.68882352941176
0.029490944999906787,4.329913702392578,19.61270144958496,2.7090391784667966,-11.585365853658537,-38.47560975609756,-38.78048780487805,44.68294117647059
0.04352570400010336,0.10893617553710937,3.4344822814941405,-0.5482721801757812,60.060975609756106,-17.439024390243905,-61.463414634146346,44.677058823529414
0.05741888900001868,6.149506964111327,19.61270144958496,4.068945721435546,26.09756097560976,39.268292682926834,59.451219512195124,44.70058823529412
0.0713017040000068,0.2166752502441406,-2.7665000183105466,-7.68658442993164,-25.0609756097561,50.1219512195122,75.2439024390244,44.69470588235294
0.08524709299990718,-2.511517541503906,3.005920184326172,-4.717774371337891,22.25609756097561,40.85365853658537,35.609756097560975,44.70058823529412
0.0992142039999635,0.7697358337402344,19.61270144958496,2.3032219970703123,8.963414634146343,38.78048780487805,64.87804878048782,44.68882352941176
0.11346701899992695,4.809951135253906,2.070984436035156,1.1061211669921875,-41.03658536585366,-32.13414634146342,-27.500000000000004,44.70058823529412
0.12167372299995804,0.6727706665039062,0.9540893615722655,1.7968483459472655,-34.69512195121951,-34.146341463414636,-28.84146341463415,44.677058823529414
0.12900077800009058,0.39743747558593745,17.63329522705078,-7.155071661376953,-26.09756097560976,-33.04878048780488,-38.04878048780488,44.68294117647059
0.13601999999991676,4.6627077331542965,15.605406420898436,0.5219359619140624,-19.451219512195124,-14.451219512195124,-43.35365853658537,44.69470588235294
0.1430004450000979,3.1507693847656246,2.673126153564453,-1.8531120849609375,20.0,-5.487804878048781,-52.987804878048784,44.68294117647059
0.15005924100000811,0.7302315063476562,2.890998504638672,0.6368576416015624,45.0609756097561,2.7439024390243905,-56.768292682926834,44.70058823529412
0.1570192040001075,0.3459621398925781,-0.853532891845703,-2.4001871643066406,55.304878048780495,3.8414634146341466,-63.17073170731708,44.677058823529414
0.1639627219999511,11.808202587890625,19.61270144958496,-17.670405352783202,72.5,2.5,-61.768292682926834,44.68882352941176
0.17100140799993824,-1.1432312927246093,19.61270144958496,-1.332373223876953,-99.02439024390245,48.78048780487805,37.5,44.68882352941176
0.17798803699997734,0.7757213378906249,0.13287819213867186,-2.6850971618652344,-70.1219512195122,53.78048780487806,43.963414634146346,44.677058823529414
0.18496374100004687,-0.09576806640624999,1.6328455322265625,-0.013168109130859374,-36.15853658536586,56.89024390243903,45.00000000000001,44.677058823529414
0.19180642600008468,1.1013327636718748,-5.161898779296875,-1.6472107421875,-5.3048780487804885,57.13414634146342,48.53658536585366,44.677058823529414
0.19862372200009304,1.2401964599609374,19.61270144958496,-0.6392518432617187,47.926829268292686,53.78048780487806,59.81707317073171,44.68294117647059
0.20544088900010138,-4.103661645507812,16.35598864135742,1.7322049011230467,20.0,33.78048780487805,53.78048780487806,44.68882352941176
0.21225846300012563,-1.9656395629882812,-0.6093243225097655,-3.423708374023437,38.963414634146346,27.987804878048784,56.463414634146346,44.68294117647059
0.21908298199991805,-10.050858569335936,19.61270144958496,-6.259640240478515,68.29268292682927,23.04878048780488,49.51219512195122,44.68294117647059
0.225993815000038,8.884882360839843,19.61270144958496,7.5465236328125,-98.23170731707317,-36.524390243902445,-32.987804878048784,44.66529411764706
0.23287892600001214,5.336675500488281,2.5809493896484375,-4.592078784179687,-62.07317073170732,-38.29268292682927,-39.63414634146342,44.677058823529414
0.23974125900008403,-1.458068811035156,1.3443442321777344,2.991554974365234,-18.231707317073173,-40.426829268292686,-43.04878048780488,44.68294117647059
0.24658388900002137,0.699106884765625,3.1292215698242187,-0.19991583862304688,-30.243902439024392,-40.1829268292683,-44.390243902439025,44.68294117647059
0.2534249259999797,0.2346317626953125,16.506823345947264,2.9735984619140625,36.463414634146346,-35.97560975609756,-46.03658536585366,44.677058823529414
0.2603030560001116,1.2701239807128906,19.61270144958496,3.123236065673828,31.280487804878053,-26.646341463414636,-43.90243902439025,44.677058823529414
0.26718750000009095,0.6536170532226562,-2.157175695800781,-5.7077767578125,49.93902439024391,-19.207317073170735,-50.1219512195122,44.671176470588236
0.2740298339999754,-0.11731588134765625,8.154650854492187,3.034650604248047,92.43902439024392,-14.756097560975611,-57.01219512195122,44.68294117647059
0.2809470740000961,13.737929125976562,19.61270144958496,-10.037690460205077,1.3414634146341464,29.939024390243905,19.939024390243905,44.70058823529412
0.28805461100000684,-5.510255120849609,19.517531933593748,-5.6574985229492185,-84.63414634146342,55.487804878048784,50.54878048780488,44.68882352941176
0.29544985200004703,0.4082113830566406,0.34117373657226563,-5.00507857055664,-55.304878048780495,64.75609756097562,62.37804878048781,44.68882352941176
0.30252233400005935,0.5123591552734374,2.1595698974609374,-0.08858546142578125,-18.170731707317074,64.57317073170732,61.585365853658544,44.69470588235294
0.3094781300001159,-5.786785412597656,0.5710170959472656,-8.40843623046875,-4.2682926829268295,62.6829268292683,25.975609756097562,44.68294117647059
0.31639096300000347,-1.3682862487792968,13.443442321777344,5.2816088623046875,38.84146341463415,50.54878048780488,48.35365853658537,44.68294117647059
0.323245315000122,-0.4908113403320312,-2.455253802490234,-6.865373260498046,-9.51219512195122,48.29268292682927,71.64634146341464,44.69470588235294
0.33008794500005934,-11.111489904785156,19.61270144958496,-14.454992523193358,47.743902439024396,-0.24390243902439027,-20.0,44.70647058823529
0.33692705599992223,8.246827618408203,19.61270144958496,0.24061726684570311,-20.975609756097562,-25.243902439024392,-26.03658536585366,44.70058823529412
0.3437911299999996,2.7736826232910157,-0.29927520751953124,-7.090428216552734,-50.0609756097561,-28.292682926829272,-20.243902439024392,44.68882352941176
0.35064672199996494,0.25258827514648435,3.73495458984375,2.922123126220703,-16.158536585365855,-29.87804878048781,-17.5609756097561,44.70058823529412
0.35748703700005535,1.3814543579101561,1.3623007446289062,-2.4947581298828125,-61.524390243902445,-28.780487804878053,-24.32926829268293,44.68882352941176
0.36432744500007175,1.6436194396972654,-0.8487444885253905,-4.924872814941406,-50.670731707317074,-33.04878048780488,-75.85365853658537,44.69470588235294
0.37116735199992945,0.6464344482421874,-2.39420166015625,-5.519831927490234,57.926829268292686,-25.731707317073173,-71.76829268292684,44.68294117647059
0.37802614800011725,1.7980454467773437,19.501969622802733,0.7242460021972655,9.878048780487806,-25.365853658536587,-43.170731707317074,44.677058823529414
0.3848692960000335,1.1647791076660157,-6.278793853759765,-6.622361791992187,0.24390243902439027,-17.439024390243905,-46.463414634146346,44.69470588235294
0.3917093699999441,0.296881005859375,-1.8363526733398436,-1.0091559997558592,99.93902439024392,-3.8414634146341466,-21.585365853658537,44.70058823529412
0.39854564799998116,3.4811692138671875,18.453309295654297,0.9624690673828125,2.0121951219512195,33.963414634146346,40.1219512195122,44.70058823529412
0.4053841110001031,-0.45010991210937495,2.280477081298828,-7.019799267578125,-67.7439024390244,45.1219512195122,40.0,44.68882352941176
0.41222107399994457,0.7864952453613281,1.246181964111328,4.463988995361328,-47.926829268292686,47.5609756097561,40.0,44.68294117647059
0.4190454449999379,1.3766659545898436,-2.7257985900878903,-7.8924857727050775,-55.60975609756098,46.951219512195124,46.28048780487805,44.68882352941176
0.4258799080000699,-2.185906115722656,5.887341882324218,-3.5577836669921874,9.939024390243903,45.0609756097561,73.78048780487805,44.671176470588236
0.4327185740000914,-5.76523759765625,15.192406634521484,-1.619677423095703,25.426829268292686,32.5609756097561,57.560975609756106,44.65941176470588
0.4395522960001017,-1.1755530151367186,4.070142822265625,-1.1659762084960936,27.25609756097561,23.10975609756098,58.04878048780488,44.671176470588236
0.44693472199992357,-11.723208428955077,19.61270144958496,-11.920730065917969,44.390243902439025,-22.98780487804878,-15.79268292682927,44.671176470588236
0.4537832220000837,6.355408306884765,8.416815936279296,1.3587094421386718,-51.646341463414636,-40.91463414634147,-34.024390243902445,44.68294117647059
0.46061801900009414,0.44532150878906246,0.44891281127929683,-2.469619012451172,-67.07317073170732,-42.31707317073171,-41.09756097560976,44.69470588235294
0.4674549260000731,0.9840168823242187,-0.1352723937988281,-3.88818349609375,-40.79268292682927,-43.47560975609756,-45.243902439024396,44.70058823529412
0.474289982000073,1.8543091857910154,-7.340622290039062,-4.659116430664063,-7.865853658536586,-41.951219512195124,-38.41463414634147,44.70647058823529
0.48114774100008617,1.4544775085449217,19.61270144958496,0.6236895324707031,6.463414634146342,-30.487804878048784,-42.19512195121951,44.677058823529414
0.4880339629999071,-1.180341418457031,14.019247821044921,-7.30351216430664,-15.243902439024392,-29.87804878048781,-45.79268292682927,44.70058823529412
0.4949092040001233,1.7190367919921874,-0.12689268798828124,-1.1647791076660157,52.07317073170732,-23.231707317073173,-50.0609756097561,44.677058823529414
0.5017640739999933,0.40581718139648437,7.061697796630859,2.522291448974609,50.73170731707317,-19.695121951219512,-59.146341463414636,44.671176470588236
0.5085982410000724,5.615599993896484,19.61270144958496,-6.087257720947266,23.04878048780488,11.829268292682928,2.073170731707317,44.677058823529414
0.5158688700000766,-1.1659762084960936,2.767697119140625,-7.350199096679687,-67.07317073170732,53.78048780487806,49.024390243902445,44.69470588235294
0.5227705190000052,-0.21188684692382811,4.127603662109375,-0.584185205078125,-33.65853658536586,56.89024390243903,54.93902439024391,44.70058823529412
0.5296341299999767,-0.034715924072265626,-2.088940948486328,-2.1679496032714844,-33.41463414634146,57.43902439024391,57.6829268292683,44.68294117647059
0.5365763889999471,-0.6141127258300781,-5.701791253662109,-3.257311358642578,35.670731707317074,59.51219512195122,55.365853658536594,44.671176470588236
0.5434442779999245,-3.025073797607422,19.61270144958496,8.953117108154297,66.15853658536587,52.01219512195122,32.5,44.68294117647059
0.5502845190001153,-1.7298106994628906,12.585121026611327,0.35194764404296874,-4.024390243902439,41.646341463414636,62.6219512195122,44.677058823529414
0.5571240740000576,-1.2006921325683593,-8.93755479736328,-9.348160382080078,80.1829268292683,33.84146341463415,40.85365853658537,44.677058823529414
0.5639628520000315,-15.811307763671874,19.61270144958496,2.6994623718261717,66.40243902439025,-18.414634146341466,-47.987804878048784,44.68294117647059
0.5708010369999101,2.645592834472656,4.273649963378906,-0.05386953735351562,-15.670731707317074,-35.487804878048784,-42.743902439024396,44.69470588235294
0.577639703999921,0.8595183959960937,2.5438392639160154,2.6240450195312497,-11.646341463414634,-39.51219512195122,-44.32926829268293,44.68294117647059
0.5844797590000326,-0.1149216796875,-0.3507505432128906,-0.3280056274414062,-48.78048780487805,-41.28048780487805,-44.32926829268293,44.68294117647059
0.5913170189999164,3.372233038330078,8.524555010986328,-0.488417138671875,-4.329268292682928,-30.000000000000004,-36.09756097560976,44.68882352941176
0.5981369070000255,-0.7158662963867187,9.338583575439452,-0.43574470214843747,33.65853658536586,-32.5,-42.987804878048784,44.68882352941176
0.6049611480000294,2.7198130859375,12.240355987548828,0.8319850769042968,25.0609756097561,-43.59756097560976,-59.75609756097562,44.68294117647059
0.6117972219999501,0.9756371765136718,-2.7617116149902343,-3.4488474914550777,60.54878048780488,-23.29268292682927,-53.47560975609757,44.68294117647059
0.6186380189999454,10.002974536132811,19.61270144958496,0.06703764648437499,40.0609756097561,12.682926829268293,32.80487804878049,44.68882352941176
0.62547799999993,0.3315969299316406,6.379350323486328,1.218648645019531,-70.67073170731707,35.670731707317074,48.53658536585366,44.70058823529412
0.6323139070000252,-0.18315642700195311,-3.556586566162109,-2.7760768249511716,-29.512195121951223,37.37804878048781,49.146341463414636,44.68882352941176
0.6391467959999773,0.7769184387207031,1.3048399047851562,0.3280056274414062,-6.951219512195123,39.63414634146342,52.07317073170732,44.69470588235294
0.6459818329999507,-1.0366893188476562,1.6400281372070311,-3.834313958740234,-6.463414634146342,36.707317073170735,45.91463414634147,44.69470588235294
0.6528162219999558,-3.142389678955078,19.49239281616211,-0.5734112976074218,10.24390243902439,38.65853658536586,59.146341463414636,44.70058823529412
0.6596512959999927,-0.7673416320800781,-1.0917559570312498,-3.287238879394531,4.451219512195122,36.15853658536586,56.768292682926834,44.677058823529414
0.6664845370000876,-0.7876923461914062,4.165910888671875,1.0019733947753906,55.243902439024396,26.951219512195124,60.85365853658537,44.677058823529414
0.6733200559999659,-9.144653240966797,19.61270144958496,4.513070129394531,31.82926829268293,-7.195121951219513,-8.170731707317074,44.677058823529414
0.6801566670001193,4.600458489990234,3.296815686035156,-7.64229169921875,-107.31707317073172,-37.37804878048781,-51.09756097560976,44.68294117647059
0.6869923330000347,0.17118541870117188,-0.4955997436523437,-5.275623358154297,-23.414634146341466,-40.1829268292683,-59.32926829268293,44.69470588235294
0.6938295929999185,-0.354341845703125,-0.011971008300781249,2.1487959899902345,-18.963414634146343,-40.670731707317074,-58.84146341463415,44.671176470588236
0.7006662589999451,0.4848258361816406,-1.4317325927734375,-1.7764976318359373,-24.085365853658537,-38.10975609756098,-47.86585365853659,44.66529411764706
0.7075017039999238,2.5450363647460934,4.278438366699218,-1.2150573425292968,38.84146341463415,-35.487804878048784,-10.975609756097562,44.68294117647059
0.714335907000077,0.010773907470703125,13.73314072265625,-2.5941174987792968,38.71951219512196,-32.987804878048784,-3.780487804878049,44.69470588235294
0.7211700739999287,-2.2026655273437497,7.332242584228515,1.3646949462890625,51.951219512195124,-30.975609756097565,-82.37804878048782,44.66529411764706
0.7280186299999514,10.672153900146483,18.84655691833496,-3.995922570800781,57.6829268292683,10.487804878048781,7.987804878048781,44.677058823529414
0.7348536480001258,-3.755305303955078,19.321207397460935,0.8966285217285156,-12.74390243902439,54.207317073170735,68.78048780487805,44.68294117647059
0.741688073999967,-1.236605157470703,0.18435352783203124,-3.21780703125,-34.146341463414636,60.365853658536594,65.0609756097561,44.677058823529414
0.7485243890000675,-2.2493524597167966,3.9456443359374997,-4.205415216064453,-16.585365853658537,55.00000000000001,53.53658536585366,44.69470588235294
0.7553602039999987,-1.5574281799316405,-1.5837643981933593,-3.0789433349609374,-13.353658536585368,38.963414634146346,25.121951219512198,44.69470588235294
0.7621942590001254,2.3235727111816407,16.12015977783203,-3.132812872314453,5.609756097560976,40.1219512195122,59.87804878048781,44.68294117647059
0.7690284630000406,-5.127182855224609,-4.903325,-7.36097300415039,-23.10975609756098,34.08536585365854,75.67073170731707,44.671176470588236
0.7758628890001091,-1.0319009155273438,-2.481590020751953,-3.6619314392089843,59.32926829268293,16.34146341463415,34.81707317073171,44.70058823529412
0.7826980180000191,-12.440271826171875,19.61270144958496,1.5358803649902344,36.03658536585366,-33.90243902439025,-34.32926829268293,44.70058823529412
0.7895334629999979,2.6503812377929687,1.9488801513671874,-6.900089184570312,-58.10975609756098,-37.926829268292686,-17.5,44.69470588235294
0.7963669260000188,0.2741360900878906,1.9823989746093749,2.3511060302734372,-44.63414634146342,-41.524390243902445,-19.146341463414636,44.70058823529412
0.8032033520000823,-0.41419688720703124,5.9962780578613275,-5.051765502929687,-76.28048780487805,-39.57317073170732,-29.451219512195124,44.69470588235294
0.8100409630001195,-0.16160861206054686,-4.446032482910156,-4.955997436523437,-58.963414634146346,-42.6829268292683,-67.5609756097561,44.71823529411765
0.8168790370000352,4.622006304931641,4.863820672607422,-4.211400720214844,30.121951219512198,-34.63414634146342,-60.54878048780488,44.69470588235294
0.8305451290000292,3.0526071166992184,-0.6488286499023437,-3.2417490478515623,38.963414634146346,-21.951219512195124,-51.82926829268293,44.68294117647059
0.845848222000086,0.6081272216796875,19.61270144958496,-13.609839337158203,6.829268292682928,25.121951219512198,41.463414634146346,44.68294117647059
0.8611450920000152,-1.2330138549804688,-2.3056161987304686,2.232593048095703,-50.36585365853659,42.987804878048784,68.84146341463415,44.70058823529412
0.8764813519999279,0.7386112121582031,3.268085266113281,-2.3546973327636715,38.23170731707317,35.36585365853659,16.03658536585366,44.677058823529414
0.8917947590000495,-0.6177040283203125,11.488576666259766,-1.4532804077148436,10.548780487804878,32.926829268292686,28.10975609756098,44.677058823529414
0.907093722000127,2.460042205810547,19.61270144958496,3.841496563720703,-65.67073170731707,-35.36585365853659,-39.024390243902445,44.71823529411765
0.9224280920000183,0.30406361083984373,-1.2713210815429687,-2.379836450195312,-28.414634146341466,-33.963414634146346,-52.50000000000001,44.68882352941176
0.9377247410000109,6.49307490234375,14.694412689208983,-0.4333505004882812,9.51219512195122,-40.426829268292686,-43.90243902439025,44.677058823529414
0.9531627030000891,0.8224082702636718,3.944447235107422,-2.0302830078125,65.0,15.609756097560977,-5.182926829268293,44.677058823529414
0.9690062590000252,-4.091690637207031,10.563217724609375,-4.829104748535156,-81.58536585365854,53.29268292682927,71.76829268292684,44.69470588235294
0.9843577589999768,-0.1352723937988281,0.7876923461914062,-4.995501763916016,-0.6707317073170732,42.6219512195122,40.1829268292683,44.69470588235294
0.9996572029999697,-0.6847416748046875,19.61270144958496,3.7433342956542965,49.81707317073171,40.670731707317074,69.26829268292684,44.68882352941176
1.014998240000068,-14.285004205322265,19.61270144958496,0.6967126831054687,-25.30487804878049,-30.60975609756098,-40.243902439024396,44.71235294117647
1.030364481000106,0.7912836486816406,3.402160559082031,1.5035586425781249,-45.1829268292683,-36.524390243902445,-45.1829268292683,44.68882352941176
1.0456790549999369,3.1866824096679687,19.61270144958496,1.351526837158203,-17.5,-31.646341463414636,-40.60975609756098,44.677058823529414
1.0621544440000434,0.9038111267089843,0.7900865478515624,-2.2780828796386716,58.29268292682927,-18.963414634146343,-21.52439024390244,44.70058823529412
1.0784719440000572,-8.226476904296874,19.61270144958496,-6.38413872680664,-79.32926829268294,35.79268292682927,41.15853658536586,44.70058823529412
1.0948260000000118,0.24899697265624998,1.120486376953125,0.9253589416503906,-4.2682926829268295,29.512195121951223,61.09756097560976,44.68882352941176
1.1108404260000952,-2.935291235351562,8.422801440429687,0.7266402038574218,22.865853658536587,5.7926829268292686,48.90243902439025,44.71235294117647
1.1262355740000203,-0.4908113403320312,19.61270144958496,-4.914098907470703,-34.08536585365854,-48.47560975609756,-36.09756097560976,44.69470588235294
1.1424580000000333,-0.8128314636230468,0.2645592834472656,0.8726865051269531,-14.02439024390244,-47.5609756097561,-41.707317073170735,44.70647058823529
1.1579941479999434,5.351040710449219,14.113818786621094,2.6467899353027344,17.5,-40.670731707317074,-46.40243902439025,44.68294117647059
1.1735122400000364,1.8160019592285155,-0.8128314636230468,0.24061726684570311,66.09756097560977,-24.878048780487806,-58.35365853658537,44.69470588235294
1.1889732219999587,-4.369418029785156,19.47922470703125,-3.6643256408691403,-65.91463414634147,49.57317073170732,58.53658536585366,44.70058823529412
1.2042867400000432,0.1197100830078125,-0.3184288208007812,-1.6998831787109374,-25.121951219512198,51.463414634146346,63.90243902439025,44.70058823529412
1.2197066480000558,-5.179855291748047,-0.0005985504150390625,1.5023615417480467,68.10975609756098,38.23170731707317,65.91463414634147,44.68882352941176
1.2326087220001227,-2.421734979248047,-6.742670425415039,-16.03755982055664,69.69512195121952,-18.04878048780488,-30.792682926829272,44.68294117647059
1.2453790550000576,3.4165257690429685,5.673060833740234,-4.165910888671875,-52.804878048780495,-40.60975609756098,-20.121951219512198,44.69470588235294
1.258062721999977,-0.603338818359375,-1.042674822998047,0.4070142822265625,-52.987804878048784,-44.024390243902445,-24.207317073170735,44.68294117647059
1.2709762770000452,-1.2246341491699217,9.030928662109375,-3.9049429077148434,6.646341463414635,-42.6829268292683,-91.09756097560977,44.70647058823529
1.2835594069999843,1.3359645263671873,17.6320981262207,4.882974285888672,88.29268292682927,-31.89024390243903,-56.524390243902445,44.68882352941176
1.2961678700000903,-2.6467899353027344,19.61270144958496,-5.436034869384765,-79.08536585365854,24.32926829268293,47.19512195121952,44.69470588235294
1.3089045550000264,1.0534487304687499,-0.9708487731933593,-2.029085906982422,-27.378048780487806,30.487804878048784,51.646341463414636,44.68882352941176
1.3216373879999992,-0.23223756103515625,-3.3099837951660156,-3.5697546752929687,60.060975609756106,22.98780487804878,49.69512195121952,44.68882352941176
1.3323546849999275,0.42975919799804685,-2.0278888061523435,-5.366603021240234,-7.073170731707318,19.75609756097561,51.34146341463415,44.69470588235294
1.3431384630000593,-2.548627667236328,10.545261212158202,-0.277727392578125,47.987804878048784,0.06097560975609757,32.01219512195122,44.69470588235294
1.3539999249999255,4.10485874633789,19.61270144958496,1.7489643127441405,-92.7439024390244,-52.50000000000001,-38.47560975609756,44.68882352941176
1.3646539629999097,1.3922282653808593,-1.6041151123046875,-2.231395947265625,-25.975609756097562,-54.451219512195124,-45.54878048780488,44.70058823529412
1.3751930000000812,-0.5470750793457031,-2.155978594970703,-4.282029669189453,0.7926829268292683,-55.304878048780495,-53.65853658536586,44.68294117647059
1.385762295999939,2.3834277526855465,16.577452294921873,1.6627730529785156,29.939024390243905,-47.07317073170732,-56.707317073170735,44.68294117647059
1.3963341660000879,1.8435352783203125,19.61270144958496,-16.519991455078124,63.41463414634147,-19.02439024390244,30.30487804878049,44.70058823529412
1.4068792220000432,-8.137891442871092,8.15345375366211,3.8391023620605464,-48.59756097560976,25.731707317073173,58.963414634146346,44.68882352941176
1.4174417030001223,1.4963760375976562,0.958877764892578,1.8758570007324218,-36.890243902439025,27.743902439024392,60.365853658536594,44.677058823529414
1.4292516479999904,-1.4700398193359374,-3.1292215698242187,-4.90931050415039,21.03658536585366,19.085365853658537,12.256097560975611,44.65941176470588
1.4417349990001185,-4.552574456787109,17.756596612548826,-3.9564182434082027,2.987804878048781,6.341463414634147,51.646341463414636,44.69470588235294
1.4542417590000696,-0.689530078125,5.269637854003906,-0.7733271362304687,70.1829268292683,-8.170731707317074,34.146341463414636,44.68294117647059
1.4667797029999292,4.466383197021484,19.61270144958496,-6.40329234008789,-64.32926829268293,-69.81707317073172,-63.963414634146346,44.68294117647059
1.4792934990000504,-0.8571241943359375,0.833182177734375,-0.5997475158691405,-61.82926829268293,-71.95121951219512,-68.71951219512195,44.68294117647059
1.4918178509999507,0.8906430175781249,-3.1555577880859373,-0.5566518859863281,53.29268292682927,-60.54878048780488,-37.987804878048784,44.68882352941176
1.504327461999992,14.469357733154297,19.61270144958496,-17.31366930541992,-30.792682926829272,10.487804878048781,28.414634146341466,44.68294117647059
1.5168577399999776,0.11731588134765625,5.419275457763671,2.3906103576660156,-59.75609756097562,39.57317073170732,50.97560975609756,44.68882352941176
1.5310092029999396,-0.2741360900878906,-7.225700610351562,-4.414907861328125,24.02439024390244,38.23170731707317,38.35365853658537,44.68294117647059
1.5463294989999667,-0.5662286926269531,12.296619726562499,-2.7234043884277344,-14.939024390243905,25.0609756097561,44.75609756097561,44.671176470588236
1.562442128999919,-0.7924807495117187,11.890802545166014,1.7118541870117185,33.47560975609756,7.743902439024391,56.15853658536586,44.70058823529412
1.5778059990000202,1.7800889343261719,19.61270144958496,1.4281412902832031,-60.00000000000001,-55.1219512195122,-57.13414634146342,44.68882352941176
1.5934002399999372,0.37828386230468747,-2.559401574707031,2.4588451049804685,-15.79268292682927,-58.963414634146346,-65.3658536585366,44.68294117647059
1.6087535920000846,1.6328455322265625,-3.2154128295898436,2.038662713623047,75.48780487804879,-52.5609756097561,-29.81707317073171,44.70058823529412
1.6240672589999576,-6.329072088623047,19.539079748535155,-2.9281086303710935,-78.29268292682927,19.085365853658537,40.0609756097561,44.65941176470588
1.637840610000012,-1.0271125122070313,-1.9512743530273435,-6.0154316711425775,-76.82926829268294,22.134146341463417,40.487804878048784,44.68882352941176
1.6515966849999586,0.35314474487304687,-3.1687258972167966,-3.113659259033203,45.487804878048784,26.09756097560976,35.73170731707317,44.69470588235294
1.6661919989999205,1.1001356628417969,8.802282403564453,1.2318167541503906,21.585365853658537,36.09756097560976,37.01219512195122,44.70647058823529
1.679986129000099,-0.97683427734375,4.153939880371094,0.18076222534179687,66.21951219512195,5.0,18.353658536585368,44.69470588235294
1.6937525180001103,3.806780639648437,-3.1926679138183593,-0.39983167724609375,-77.37804878048782,-55.85365853658537,-49.451219512195124,44.70647058823529
1.707515887999989,0.044292730712890624,-1.2928688964843749,-2.8371289672851563,-19.451219512195124,-53.41463414634147,-57.19512195121952,44.70058823529412
1.7214574990000528,4.133589166259766,12.17571254272461,-2.088940948486328,29.32926829268293,-37.80487804878049,-31.34146341463415,44.70647058823529
1.736562721999917,2.7078420776367187,15.739481713867187,0.17357962036132812,-89.81707317073172,39.93902439024391,64.81707317073172,44.68882352941176
1.7519201289999273,-3.5039141296386718,0.8212111694335937,-2.1883003173828124,-22.31707317073171,33.47560975609756,7.317073170731708,44.70058823529412
1.7672665180000422,-1.1552023010253905,19.61270144958496,-3.0645781249999997,0.7926829268292683,24.207317073170735,44.51219512195122,44.69470588235294
1.7826270180000847,-1.092953057861328,3.6619314392089843,1.064222637939453,47.6829268292683,4.695121951219512,45.60975609756098,44.69470588235294
1.798077424999974,-5.607220288085937,15.101426971435545,2.231395947265625,79.20731707317074,-35.97560975609756,-51.951219512195124,44.677058823529414
1.8133723509999982,0.4082113830566406,2.070984436035156,-2.6755203552246094,-35.0,-80.54878048780489,-65.3048780487805,44.70058823529412
1.828385851000121,1.3634978454589843,-2.1691467041015624,-4.453215087890625,24.512195121951223,-55.243902439024396,-67.13414634146342,44.69470588235294
1.8421433700000307,10.035296258544921,19.61270144958496,-1.7788918334960937,-35.0,15.54878048780488,43.04878048780488,44.68882352941176
1.8558857769999122,-1.0857704528808594,3.906140008544922,4.359841223144531,-57.6829268292683,22.25609756097561,54.207317073170735,44.70647058823529
1.8696245920000365,-3.21780703125,3.0550013183593747,0.7565677246093749,14.207317073170733,11.341463414634147,8.841463414634147,44.68294117647059
1.8833687579999605,-1.5550339782714844,9.45470235595703,-2.618059515380859,7.378048780487806,16.52439024390244,39.451219512195124,44.70647058823529
1.8971097959999952,-1.7908628417968748,8.334215979003906,-2.4516625,32.743902439024396,1.829268292682927,51.585365853658544,44.66529411764706
1.9108551470001203,-1.6148890197753905,19.61270144958496,0.14125789794921875,-28.414634146341466,-66.52439024390245,-49.69512195121952,44.68294117647059
1.9246624249999513,-2.3977929626464842,3.8750153869628905,0.729034405517578,-18.597560975609756,-76.70731707317074,-71.52439024390245,44.69470588235294
1.9399699620000774,2.693476867675781,1.3443442321777344,-0.1149216796875,56.34146341463415,-51.585365853658544,-53.29268292682927,44.68882352941176
1.955267240000012,11.762712756347655,7.314286071777343,0.36272155151367186,-63.65853658536586,30.792682926829272,53.04878048780488,44.70058823529412
1.9705631659999199,2.0925322509765625,-1.158793603515625,-9.489418280029296,-27.378048780487806,30.792682926829272,41.15853658536586,44.70647058823529
1.9859022210000603,-0.7996633544921875,3.9324762268066404,-1.0654197387695312,36.707317073170735,22.073170731707318,3.5975609756097566,44.68294117647059
2.0011987949999366,-2.0087351928710935,-4.981136553955078,-5.479130499267578,51.463414634146346,14.634146341463415,32.5609756097561,44.66529411764706
2.0164966840000034,-2.445676995849609,6.065709906005859,-0.9457096557617187,32.25609756097561,-5.060975609756098,-8.658536585365855,44.70647058823529
2.031827647,-1.7884686401367187,15.122974786376952,-4.1766847961425775,-46.40243902439025,-56.89024390243903,-71.34146341463415,44.70058823529412
2.0471217770000294,0.07541735229492187,4.432864373779297,1.2988544006347655,3.7195121951219514,-56.463414634146346,-56.89024390243903,44.68294117647059
2.0624230180001177,-3.3770214416503905,19.61270144958496,-5.606023187255859,-54.93902439024391,13.353658536585368,24.75609756097561,44.677058823529414
2.0777136470001096,-0.1580173095703125,-0.4836287353515625,-2.280477081298828,-87.07317073170732,15.487804878048783,25.853658536585368,44.68882352941176
2.093064221000077,-0.1304839904785156,0.055066638183593745,-3.535038751220703,21.34146341463415,29.81707317073171,50.91463414634147,44.68882352941176
2.108377202999918,-5.341463903808593,15.849614990234373,-3.612850305175781,-1.707317073170732,-1.2804878048780488,31.82926829268293,44.69470588235294
2.12370253600011,-1.4867992309570313,1.1743559143066407,-1.2988544006347655,55.73170731707317,-5.182926829268293,56.09756097560976,44.677058823529414
2.1389865920000375,-9.252392315673827,19.61270144958496,1.4963760375976562,15.54878048780488,-78.47560975609757,-68.65853658536587,44.70058823529412
2.1542994440001166,-0.4070142822265625,0.23702596435546874,-4.927267016601562,-24.878048780487806,-73.35365853658537,-66.34146341463415,44.70058823529412
2.1696074989999943,0.28012159423828126,-2.452261050415039,-17.0467158203125,67.19512195121952,-1.5853658536585367,62.987804878048784,44.68294117647059
2.184945887999902,-0.17836802368164062,5.260061047363281,-4.827907647705078,-87.31707317073172,-6.585365853658537,28.84146341463415,44.70647058823529
2.2002488690000064,0.6153098266601562,9.016563452148437,0.5327098693847656,-29.939024390243905,0.0,56.03658536585366,44.69470588235294
2.215552518000095,-1.13006318359375,1.0761936462402344,-3.6343981201171873,24.75609756097561,-1.5853658536585367,40.1219512195122,44.68882352941176
2.230885740000076,0.29927520751953124,6.7839704040527335,2.0733786376953125,54.085365853658544,-6.2804878048780495,54.75609756097561,44.70058823529412
2.246197535999954,-4.875791680908203,19.61270144958496,0.6907271789550781,-54.146341463414636,-59.57317073170732,-59.32926829268293,44.68882352941176
2.2615224250000665,-1.01514150390625,5.122394451904297,-1.8758570007324218,-9.695121951219512,-54.39024390243903,-76.03658536585367,44.68882352941176
2.2769766839999193,0.612915625,15.190012432861327,-2.460042205810547,29.87804878048781,-32.37804878048781,19.26829268292683,44.677058823529414
2.2922410549999768,-0.26216508178710934,2.155978594970703,-3.8103719421386715,-51.15853658536586,36.951219512195124,35.670731707317074,44.68882352941176
2.307495314000107,0.031124621582031248,-8.889670764160156,-5.823895538330078,1.2195121951219514,45.60975609756098,1.707317073170732,44.66529411764706
2.322794851000026,-2.24097275390625,13.401543792724608,1.369483349609375,-40.243902439024396,27.926829268292686,34.451219512195124,44.69470588235294
2.3381227209999906,-3.6439749267578123,15.509638354492187,4.666299035644531,14.02439024390244,28.59756097560976,35.426829268292686,44.71235294117647
2.3534368690000065,-0.5626373901367188,-2.5354595581054684,-5.852625958251953,96.82926829268294,3.2926829268292686,-43.170731707317074,44.68294117647059
2.3692604059999667,3.1280244689941403,-1.0223241088867188,-5.353434912109375,-29.573170731707318,-57.926829268292686,-85.60975609756099,44.671176470588236
2.384815129000117,2.0458453186035155,0.8451531860351562,-5.05655390625,0.6097560975609757,-29.02439024390244,-25.731707317073173,44.68294117647059
2.4003500359999634,-9.580397943115234,3.094505645751953,-8.067262493896484,-95.1829268292683,1.829268292682927,15.487804878048783,44.70647058823529
2.4161185539999224,0.04908113403320312,2.6910826660156246,-3.0454245117187497,-14.02439024390244,3.7195121951219514,43.90243902439025,44.70058823529412
2.430507129000034,-2.185906115722656,15.613786126708984,2.6599580444335937,-10.24390243902439,2.1341463414634148,30.975609756097565,44.677058823529414
2.4419391839999207,-0.5889736083984375,1.6220716247558593,2.5043349365234375,42.86585365853659,1.6463414634146343,44.87804878048781,44.68882352941176
2.453360628999917,-1.0726023437499999,5.932831713867187,-2.825157958984375,36.463414634146346,-2.804878048780488,35.79268292682927,44.68294117647059
2.4647767030000978,-0.27293898925781246,6.957550024414062,-0.8822633117675781,56.09756097560976,-18.10975609756098,3.7195121951219514,44.69470588235294
2.47620249900001,2.2637176696777344,19.61270144958496,-5.722141967773437,-55.00000000000001,-59.51219512195122,-79.32926829268294,44.66529411764706
2.487947331999976,0.5686228942871093,7.362170104980469,-1.7800889343261719,15.914634146341465,-53.29268292682927,-65.1829268292683,44.68882352941176
2.499391499000012,2.530671154785156,-2.864662286376953,-6.021417175292968,76.89024390243902,-25.975609756097562,-12.317073170731708,44.68294117647059
2.510802776999981,-4.2149920227050774,19.61270144958496,0.8080430603027343,-115.97560975609757,4.573170731707317,0.7926829268292683,44.69470588235294
2.522335758000054,0.14484920043945312,0.42497079467773435,2.3439234252929686,-41.82926829268293,9.329268292682928,15.914634146341465,44.68882352941176
2.535463424999989,0.00239420166015625,-0.5219359619140624,-2.913743420410156,21.463414634146343,7.439024390243903,39.207317073170735,44.68882352941176
2.550775683999973,-1.879448303222656,5.600037683105469,-0.36152445068359373,73.65853658536587,5.182926829268293,43.90243902439025,44.68882352941176
2.5660497210001267,1.4784195251464842,0.5111620544433594,-2.93050283203125,34.93902439024391,12.01219512195122,39.93902439024391,44.677058823529414
2.5813619620000736,-1.5777788940429687,19.61270144958496,-11.105504400634764,-14.51219512195122,-53.35365853658537,-52.743902439024396,44.70058823529412
2.5966692029999194,1.0175357055664063,1.5634136840820312,0.277727392578125,-5.975609756097562,-69.45121951219512,-59.69512195121952,44.68882352941176
2.6119734799999605,0.9469067565917968,10.765527764892578,-1.5777788940429687,31.280487804878053,-37.19512195121951,26.402439024390247,44.68882352941176
2.6273472210000364,1.016338604736328,1.3168109130859373,-6.621164691162109,-58.29268292682927,10.548780487804878,31.463414634146343,44.69470588235294
2.642631591000054,1.3108254089355469,-7.697358337402343,-4.753687396240234,-13.353658536585368,15.121951219512196,31.158536585365855,44.69470588235294
2.6579189250001036,-1.2150573425292968,19.61270144958496,3.0358477050781247,-32.01219512195122,0.24390243902439027,38.23170731707317,44.68294117647059
2.6732114619999265,-0.737414111328125,0.9409212524414062,-0.8918401184082031,55.91463414634147,19.390243902439025,24.26829268292683,44.68882352941176
2.6885197950000475,-0.4213794921875,7.917624890136718,-3.0933085449218747,46.09756097560976,19.146341463414636,-12.560975609756099,44.68294117647059
2.7038279250000414,0.08978256225585937,19.61270144958496,-4.837484454345703,-52.926829268292686,-59.81707317073171,-68.10975609756098,44.671176470588236
2.719134610000083,1.2533645690917967,-4.89015689086914,0.6715735656738281,38.10975609756098,-37.31707317073171,-43.23170731707317,44.677058823529414
2.734434962000023,-1.8255787658691405,17.05868682861328,-2.7904420349121093,-99.75609756097562,7.926829268292684,28.84146341463415,44.66529411764706
2.749741906000054,1.1324573852539062,-3.0741549316406247,-2.5354595581054684,-57.19512195121952,7.987804878048781,30.792682926829272,44.68882352941176
2.765044036000063,1.209071838378906,-6.930016705322266,1.1013327636718748,50.36585365853659,14.695121951219514,20.853658536585368,44.68882352941176
2.7803206280000268,-0.9959878906249999,-3.614047406005859,-4.056974713134766,0.0,7.987804878048781,30.426829268292686,44.68294117647059
2.795608332000029,0.4010287780761719,3.1196447631835937,-2.731784094238281,72.13414634146342,6.2804878048780495,53.84146341463415,44.70058823529412
2.810909479999964,-14.56273159790039,19.61270144958496,-4.205415216064453,-63.59756097560976,-71.28048780487805,-65.2439024390244,44.68294117647059
2.8262147949999417,1.0462661254882812,-1.3263877197265623,-1.476025323486328,0.5487804878048781,-73.65853658536587,-74.75609756097562,44.677058823529414
2.841492887999948,14.452598321533202,19.61270144958496,3.2644939636230466,-103.59756097560977,-25.975609756097562,19.02439024390244,44.69470588235294
2.8567894620000516,1.9141642272949217,2.370259643554687,3.831919757080078,-50.85365853658537,-20.426829268292686,18.10975609756098,44.68882352941176
2.8720873499999016,0.5889736083984375,14.9015111328125,-2.839523168945312,3.536585365853659,-12.621951219512196,51.768292682926834,44.69470588235294
2.887426054000116,1.3443442321777344,1.5693991882324219,-1.5310919616699217,19.634146341463417,-5.121951219512195,33.90243902439025,44.69470588235294
2.902793999000096,-1.8279729675292968,8.040926275634765,-0.8188169677734375,40.91463414634147,-8.78048780487805,29.81707317073171,44.68294117647059
2.9180679430000964,-2.309207501220703,10.899603057861327,-1.1192892761230469,54.268292682926834,-30.853658536585368,-69.39024390243902,44.70647058823529
2.9333326840001064,0.09935936889648436,-3.4069489624023435,-6.79953271484375,33.35365853658537,-74.63414634146342,-76.58536585365854,44.70647058823529
2.948627962000046,14.917073443603515,19.61270144958496,3.7624879089355465,-8.414634146341465,-1.0365853658536586,13.963414634146343,44.68882352941176
2.963923220999959,3.2142157287597652,0.4860229370117187,0.24899697265624998,-49.87804878048781,6.341463414634147,13.719512195121952,44.70058823529412
2.9792301840000164,-1.8746598999023436,13.807360974121092,-4.3622354248046875,-32.6829268292683,8.597560975609756,22.80487804878049,44.70647058823529
2.9945246279999083,-0.5111620544433594,-0.14963760375976562,1.0977414611816405,15.54878048780488,-2.1341463414634148,33.35365853658537,44.70058823529412
3.009820017000038,0.12090718383789062,6.448782171630859,-0.008379705810546874,17.073170731707318,-4.939024390243903,26.58536585365854,44.68294117647059
3.0251244799999313,-2.1906945190429687,4.522646936035156,-1.1444283935546875,71.89024390243902,-17.621951219512198,34.75609756097561,44.70647058823529
3.0404453319999902,5.6215854980468745,2.443282794189453,-5.820304235839844,-40.243902439024396,-93.29268292682927,-78.04878048780489,44.68882352941176
3.0557487020000735,-0.354341845703125,-3.3698388366699215,-10.018536846923828,56.40243902439025,-65.1829268292683,-31.03658536585366,44.69470588235294
3.07105307300003,-8.432378247070313,5.19661470336914,-1.246181964111328,-66.82926829268293,-28.84146341463415,17.865853658536587,44.71235294117647
3.0863648130000456,2.176329309082031,-0.3268085266113281,-1.9416975463867185,-22.500000000000004,-11.463414634146343,38.35365853658537,44.69470588235294
3.101671258000124,-1.571793389892578,2.8048072448730466,-2.4480711975097655,-15.365853658536587,3.963414634146342,28.53658536585366,44.68294117647059
3.1169686470000215,-1.5382745666503905,15.25226167602539,4.319139794921875,-3.8414634146341466,-12.01219512195122,27.621951219512198,44.68882352941176
3.132296220999933,-0.009576806640625,-1.0199299072265624,-1.9309236389160156,78.23170731707317,-14.146341463414636,25.121951219512198,44.70647058823529
3.1475932020000528,-5.735310076904296,12.395979095458983,-3.853467572021484,68.41463414634147,-33.71951219512196,-81.95121951219512,44.677058823529414
3.1628926280000087,-0.7338228088378905,-4.08570513305664,-6.263231542968749,32.13414634146342,-73.78048780487805,-26.158536585365855,44.68294117647059
3.178185165000059,-2.749740606689453,19.61270144958496,-5.231330627441406,-76.52439024390245,4.451219512195122,15.79268292682927,44.69470588235294
3.1935135910000554,0.5087678527832031,-4.406528155517578,-8.354566693115235,-40.426829268292686,0.7317073170731708,0.7317073170731708,44.69470588235294
3.208810887000027,-1.369483349609375,16.320075616455078,-5.279214660644531,-49.69512195121952,-10.365853658536587,21.951219512195124,44.68294117647059
3.2251110170000175,-0.2561795776367187,6.244077929687499,2.5570073730468748,18.475609756097562,-0.426829268292683,16.097560975609756,44.68882352941176
3.240449683999941,0.7924807495117187,4.853046765136718,0.6943184814453125,49.024390243902445,9.939024390243903,16.585365853658537,44.677058823529414
3.2557499800000187,-0.28371289672851563,2.2278046447753903,-0.5686228942871093,85.91463414634147,0.1829268292682927,19.02439024390244,44.68294117647059
3.271112257999903,7.449558465576171,-2.8658593872070313,-3.5206735412597654,28.84146341463415,-57.6219512195122,-80.3658536585366,44.68882352941176
3.2877511839999443,3.065775225830078,11.455057843017578,-7.771578588867187,-57.804878048780495,-2.5609756097560976,-13.902439024390246,44.677058823529414
3.3031386840000323,1.1659762084960936,8.623914379882812,-3.6834792541503902,-86.70731707317074,7.926829268292684,31.951219512195124,44.70058823529412
3.3184637019999172,-2.501940734863281,19.61270144958496,4.693832354736328,-42.07317073170732,1.829268292682927,12.500000000000002,44.70647058823529
3.3337497949999033,-0.7003039855957031,4.114435552978516,0.8990227233886718,21.76829268292683,-4.878048780487806,16.76829268292683,44.68882352941176
3.349158406000015,-0.93852705078125,1.2437877624511717,-1.9009961181640624,30.792682926829272,-4.75609756097561,19.695121951219512,44.69470588235294
3.364504721000003,-0.6643909606933593,8.774749084472656,2.221819140625,72.37804878048782,-10.426829268292684,15.609756097560977,44.70058823529412
3.379769812999939,-10.832565411376953,19.608511596679687,-0.7565677246093749,13.04878048780488,-53.65853658536586,-85.2439024390244,44.71823529411765
3.3950706089999585,-1.7034744812011717,12.963404888916015,-0.8655039001464844,-32.25609756097561,4.939024390243903,13.414634146341465,44.68294117647059
3.410362017000125,-0.6200982299804687,2.977189764404297,-1.7980454467773437,-75.1829268292683,-4.695121951219512,-12.74390243902439,44.68882352941176
3.4256723319999764,-5.073313317871094,9.063250384521483,2.9496564453125,-24.146341463414636,-5.975609756097562,6.890243902439025,44.70647058823529
3.4409641830000055,-1.6555904479980468,14.835670587158202,2.057816326904297,-10.670731707317074,-4.634146341463415,8.78048780487805,44.69470588235294
3.4562657760000093,-0.9888052856445312,1.695094775390625,-1.5490484741210937,52.743902439024396,-8.658536585365855,25.243902439024392,44.70647058823529
3.471598960999927,-1.218648645019531,3.6571430358886716,-0.4513070129394531,55.00000000000001,-12.439024390243903,10.365853658536587,44.70058823529412
3.486931239000114,-1.1288660827636718,19.61270144958496,-11.024101544189453,79.93902439024392,-56.768292682926834,-68.23170731707317,44.70058823529412
3.5022525720000885,12.82573829345703,7.222109307861328,0.5925649108886718,-83.47560975609757,-11.463414634146343,39.81707317073171,44.70058823529412
3.5175619609999558,-3.9085342102050777,8.708908538818358,3.010708587646484,-84.87804878048782,-26.82926829268293,-19.634146341463417,44.677058823529414
3.5329026090000752,-2.376245147705078,15.510835455322265,2.100911956787109,-2.9268292682926833,-23.353658536585368,2.8658536585365857,44.677058823529414
3.548176943000044,0.3064578125,1.4975731384277342,0.001197100830078125,7.8048780487804885,-7.01219512195122,12.74390243902439,44.70058823529412
3.563511239000036,-4.065354418945312,18.004396484375,0.6655880615234374,-1.2195121951219514,-19.573170731707318,5.2439024390243905,44.677058823529414
3.578818609000109,-0.5231330627441406,-0.5027823486328125,2.070984436035156,70.2439024390244,-20.731707317073173,5.914634146341464,44.68882352941176
3.5941281089999393,-0.6524199523925781,-1.9812018737792967,-0.5351040710449219,98.29268292682927,-21.463414634146343,-1.9512195121951221,44.677058823529414
3.609438127999965,4.16231958618164,19.61270144958496,-10.238803399658202,-139.32926829268294,-3.4756097560975614,18.04878048780488,44.70058823529412
3.6247472760001074,-0.8224082702636718,1.1420341918945311,-3.4332851806640625,-152.43902439024393,0.12195121951219513,18.84146341463415,44.677058823529414
3.6400840910000625,0.5386953735351562,3.1759085021972653,-4.84586416015625,-50.1829268292683,2.439024390243903,13.29268292682927,44.69470588235294
3.6554505540000264,-0.9050082275390624,0.9923965881347656,-3.985148663330078,44.93902439024391,4.024390243902439,5.914634146341464,44.69470588235294
3.6707221829999526,-1.3718775512695311,19.61270144958496,-10.673351000976561,27.25609756097561,10.487804878048781,-1.707317073170732,44.68882352941176
3.6860186090000298,-4.605246893310547,0.7829039428710937,-1.7621324218749999,44.390243902439025,17.134146341463417,-4.451219512195122,44.71235294117647
3.701311813000075,-1.1707646118164061,5.061342309570312,0.051475335693359374,86.03658536585367,19.634146341463417,-25.000000000000004,44.70058823529412
3.7166090349999195,5.8226984375,19.61270144958496,-10.311826550292968,-119.81707317073172,-24.390243902439025,-25.48780487804878,44.68294117647059
3.7319479239999964,-2.2278046447753903,1.543062969970703,0.027533319091796873,-104.02439024390245,-43.04878048780488,-43.29268292682927,44.68294117647059
3.747261535000007,0.08499415893554688,-1.9847931762695312,-3.6930560607910152,-46.768292682926834,-39.81707317073171,-25.182926829268293,44.68294117647059
3.7625732389999484,3.5769372802734374,1.2222399475097656,-1.2832920898437499,-3.780487804878049,-26.219512195121954,54.39024390243903,44.671176470588236
3.777878331000011,-0.40940848388671874,0.8906430175781249,-1.121683477783203,59.51219512195122,-26.951219512195124,85.2439024390244,44.68882352941176
3.7931780169999456,3.778050219726562,19.61270144958496,4.764461303710937,5.487804878048781,-44.87804878048781,5.3048780487804885,44.70058823529412
3.8084837569999763,-0.33518823242187495,-0.7015010864257812,-1.2282254516601563,56.03658536585366,-28.04878048780488,8.78048780487805,44.70058823529412
3.823790628000097,-0.4129997863769531,11.14022032470703,0.3064578125,111.58536585365854,-30.975609756097565,10.060975609756099,44.68294117647059
3.8391292940000312,-2.868253588867187,6.246472131347656,-1.533486163330078,-131.64634146341464,-6.402439024390245,-1.2195121951219514,44.68882352941176
3.8544852570000785,0.06823474731445311,-3.939658831787109,-1.7417817077636717,-69.32926829268293,-3.353658536585366,-1.9512195121951221,44.71235294117647
3.869790256999977,1.6927005737304686,-2.291250988769531,-4.262876055908203,0.426829268292683,2.0121951219512195,-0.48780487804878053,44.69470588235294
3.88509749800005,-0.3435679382324219,-1.226429800415039,7.214926702880859,101.28048780487806,-3.414634146341464,0.5487804878048781,44.68882352941176
3.9004055909999806,-0.35194764404296874,-10.018536846923828,1.102529864501953,20.182926829268293,-9.695121951219512,-4.939024390243903,44.70058823529412
3.9157113129999743,-0.729034405517578,-2.901772412109375,-3.3255461059570313,28.292682926829272,-11.707317073170733,1.1585365853658538,44.71235294117647
3.9310191280001163,1.3850456604003905,-3.9145197143554684,-3.1447838806152344,157.7439024390244,-17.439024390243905,23.963414634146343,44.70647058823529
3.9463734789999307,7.38012661743164,6.658274816894531,-3.1447838806152344,-146.09756097560978,5.731707317073171,36.15853658536586,44.677058823529414
3.961682701999962,-0.6631938598632812,-6.9898717468261715,-4.833893151855468,-76.40243902439025,9.634146341463415,44.93902439024391,44.671176470588236
3.9769861090001086,0.7386112121582031,-1.600523809814453,-0.6416460449218749,6.52439024390244,13.04878048780488,29.02439024390244,44.70058823529412
3.9922954240000763,-4.1934442077636715,-10.794258184814453,-6.5385647338867185,66.15853658536587,1.707317073170732,-64.75609756097562,44.68294117647059
4.007596793999937,1.5873557006835937,14.09586227416992,3.3877953491210935,-21.463414634146343,3.353658536585366,-7.134146341463415,44.68882352941176
4.022901738999963,2.288856787109375,2.5809493896484375,1.0630255371093749,50.85365853658537,3.9024390243902443,-25.792682926829272,44.677058823529414
4.038205441999935,-3.286041778564453,12.969390393066405,4.493916516113281,65.48780487804879,9.756097560975611,-0.7317073170731708,44.71235294117647
4.053523997999946,-19.6133,19.61270144958496,-0.354341845703125,-60.54878048780488,2.9268292682926833,-0.853658536585366,44.68882352941176
4.069866553000111,-1.4832079284667967,4.704606262207031,0.97683427734375,-69.45121951219512,-18.29268292682927,-8.658536585365855,44.70058823529412
4.085187127999916,2.072181536865234,8.88667801208496,-0.958877764892578,-5.731707317073171,-15.731707317073171,7.01219512195122,44.68882352941176
4.100484535000078,1.2952630981445312,-1.889025109863281,2.5857377929687497,-15.365853658536587,-11.158536585365855,-6.036585365853659,44.69470588235294
4.115782312999954,-0.2166752502441406,6.15429536743164,2.2756886779785157,-0.30487804878048785,-8.658536585365855,-7.073170731707318,44.68294117647059
4.131558405000078,0.44053310546874996,6.1447185607910155,0.37708676147460934,33.109756097560975,-5.548780487804878,-8.719512195121952,44.69470588235294
4.147934146000125,-0.4369418029785156,1.3144167114257812,-2.498349432373047,68.53658536585367,3.231707317073171,-12.560975609756099,44.68882352941176
4.164323405000005,2.868253588867187,6.448782171630859,-3.949235638427734,83.04878048780489,23.170731707317074,87.98780487804879,44.69470588235294
4.180697460999909,-0.41060558471679687,10.929530578613281,0.10654197387695312,-92.8048780487805,19.878048780487806,-28.53658536585366,44.70058823529412
4.197090978999995,2.85388837890625,-0.5734112976074218,-4.848258361816406,-17.439024390243905,37.13414634146342,12.378048780487806,44.70647058823529
4.213486682999928,-5.7520694885253905,18.655619335937498,1.1767501159667968,-30.000000000000004,-1.9512195121951221,-2.8658536585365857,44.71235294117647
4.229882924000094,-0.29568390502929687,6.967126831054687,-2.005143890380859,-1.0365853658536586,0.5487804878048781,-1.5853658536585367,44.69470588235294
4.244409350000069,-0.22026655273437498,6.672640026855468,-3.028665100097656,9.573170731707318,9.26829268292683,-1.7682926829268295,44.69470588235294
4.258498757000098,0.5578489868164063,-1.102529864501953,0.07541735229492187,66.52439024390245,6.219512195121951,-4.451219512195122,44.70058823529412
4.272474163999959,-0.37708676147460934,4.2868180725097655,-0.0143652099609375,103.65853658536587,0.9756097560975611,73.04878048780489,44.69470588235294
4.28626727599999,-19.46605659790039,19.61270144958496,-2.7473464050292966,-120.1829268292683,-17.743902439024392,-25.792682926829272,44.68882352941176
4.299985663999905,-1.1516109985351561,-4.018667486572266,-2.981978167724609,-101.52439024390245,-21.646341463414636,-31.280487804878053,44.71235294117647
4.3137553130000015,5.659892724609374,10.600327850341797,1.218648645019531,-27.682926829268297,-2.804878048780488,47.804878048780495,44.68294117647059
4.327491626999972,-0.1352723937988281,2.4013842651367185,-0.8786720092773437,28.780487804878053,1.402439024390244,-14.756097560975611,44.68882352941176
4.341982850000022,4.242525341796875,-1.590947003173828,-2.0171148986816405,13.04878048780488,12.378048780487806,18.53658536585366,44.68294117647059
4.3575233310000385,-0.181959326171875,6.457161877441406,-3.134009973144531,31.219512195121954,9.878048780487806,0.5487804878048781,44.68882352941176
4.372823850000032,-0.7386112121582031,2.402581365966797,-1.6639701538085936,72.13414634146342,-0.853658536585366,-6.341463414634147,44.70058823529412
4.388112312999965,-0.5374982727050781,7.345410693359375,-0.612915625,107.8048780487805,1.3414634146341464,1.4634146341463417,44.68294117647059
4.40340571999991,-2.2960393920898436,6.818686328125,-10.862492932128905,-134.20731707317074,-20.365853658536587,-0.7317073170731708,44.70647058823529
4.418706941999972,0.003591302490234375,-4.690241052246093,-2.281674182128906,-67.01219512195122,-17.378048780487806,-2.0121951219512195,44.71235294117647
4.4340713869999036,-0.6200982299804687,1.3587094421386718,-0.7050923889160156,3.4756097560975614,-29.26829268292683,-1.6463414634146343,44.677058823529414
4.449359108999943,2.1607669982910154,19.335572607421874,6.740874774169922,49.39024390243903,-16.70731707317073,5.670731707317073,44.70647058823529
4.464652350000051,-0.18555062866210936,-0.8786720092773437,-1.3563152404785155,32.86585365853659,-29.32926829268293,1.3414634146341464,44.677058823529414
4.479976830999931,-0.07900865478515624,-2.96881005859375,1.3299790222167969,72.98780487804879,-29.939024390243905,17.31707317073171,44.70058823529412
4.495638830999951,0.4584896179199218,7.277175946044921,-2.0566192260742184,74.20731707317074,-27.80487804878049,8.170731707317074,44.70058823529412
4.510962553000127,10.952275494384764,19.61270144958496,-11.385625994873045,-117.13414634146342,-2.682926829268293,23.963414634146343,44.70647058823529
4.526243294000096,0.9804255798339843,-10.510545288085936,-3.801992236328125,-73.41463414634147,1.0975609756097562,24.573170731707318,44.70647058823529
4.5415470350001215,0.46806642456054687,-7.499836700439452,-6.471527087402343,-0.7317073170731708,2.9268292682926833,28.475609756097562,44.677058823529414
4.556849589999956,-1.5502455749511719,19.333178405761718,-1.8519149841308593,28.963414634146343,9.939024390243903,-66.82926829268293,44.70058823529412
4.572151441999949,4.459200592041015,19.61270144958496,5.935225915527344,-3.1097560975609757,16.82926829268293,21.890243902439025,44.724117647058826
4.587425757000119,0.47884033203125,-0.4860229370117187,0.2885013000488281,51.646341463414636,17.134146341463417,-0.30487804878048785,44.68882352941176
4.602732238000044,-1.5418658691406248,18.267758666992187,3.1854853088378903,70.2439024390244,16.463414634146343,9.085365853658537,44.70058823529412
4.61804746100006,-2.6036943054199218,19.61270144958496,-19.6133,-13.719512195121952,1.402439024390244,-1.9512195121951221,44.68882352941176
4.633366164000108,0.5758054992675781,-1.7226280944824217,1.448492004394531,-116.46341463414635,-5.0,-3.1707317073170733,44.70058823529412
4.648654905000058,1.6819266662597656,2.7844565307617186,0.03591302490234375,-53.78048780487806,-1.5853658536585367,-2.987804878048781,44.68294117647059
4.663983645999906,0.7709329345703124,-1.3826514587402343,-1.0211270080566406,54.93902439024391,-2.073170731707317,16.52439024390244,44.677058823529414
4.679270330999998,-5.503072515869141,14.55554899291992,-8.175001568603514,-22.31707317073171,-26.58536585365854,-7.500000000000001,44.70058823529412
4.6945708490000015,-0.3794809631347656,4.222174627685547,-4.095281939697266,12.80487804878049,-32.6829268292683,21.097560975609756,44.69470588235294
4.709853386000077,-2.877830395507812,19.61270144958496,-4.389768743896484,28.902439024390247,-22.31707317073171,-1.8902439024390245,44.70058823529412
4.725151201000017,0.044292730712890624,1.3287819213867187,-1.599326708984375,101.40243902439025,-4.51219512195122,28.414634146341466,44.677058823529414
4.740455090000069,-0.6919242797851562,19.47323920288086,-3.604470599365234,-145.2439024390244,-35.0609756097561,-25.914634146341466,44.68294117647059
4.75575607199994,2.252943762207031,-4.179078997802734,-2.7856536315917966,-83.84146341463415,-34.268292682926834,-28.04878048780488,44.671176470588236
4.771057868000071,1.0558429321289062,-3.545812658691406,-2.8323405639648436,-3.353658536585366,-29.02439024390244,-18.10975609756098,44.68294117647059
4.7863582939999105,1.4353238952636718,-5.270834954833984,-6.696582043457031,25.853658536585368,-25.30487804878049,77.13414634146342,44.677058823529414
4.801654886000051,-1.5562310791015623,19.61270144958496,5.479130499267578,-20.853658536585368,-5.731707317073171,1.9512195121951221,44.677058823529414
4.816949775000012,-0.7481880187988281,9.355342987060546,1.707065783691406,40.243902439024396,8.292682926829269,5.2439024390243905,44.69470588235294
4.83225064599992,-1.6053122131347655,0.9864110839843749,-0.7362170104980469,113.47560975609757,5.487804878048781,-12.621951219512196,44.68882352941176
4.847554256999956,-17.74103430175781,19.61270144958496,-5.896918688964844,-150.7317073170732,-43.10975609756098,-5.975609756097562,44.70058823529412
4.8628410720000375,-0.18555062866210936,2.492363928222656,2.5163059448242184,-101.46341463414635,-45.0609756097561,-7.317073170731708,44.677058823529414
4.878299275000018,1.8124106567382812,-3.872621185302734,-5.889736083984375,-7.500000000000001,-38.35365853658537,-5.0,44.70647058823529
4.893608349000033,3.5805285827636717,19.30564508666992,-1.8746598999023436,26.707317073170735,-42.13414634146342,64.14634146341464,44.70058823529412
4.909878793999951,2.094926452636719,15.3611978515625,-1.016338604736328,-11.52439024390244,-26.463414634146343,18.78048780487805,44.69470588235294
4.925218719999975,-1.458068811035156,1.4604630126953124,2.3774422485351563,55.0609756097561,-13.841463414634148,-21.585365853658537,44.69470588235294
4.940541220000114,-1.8363526733398436,3.7576995056152342,1.1360486877441405,66.46341463414635,-5.2439024390243905,-2.073170731707317,44.70647058823529
4.955836719999979,8.482656481933594,19.61270144958496,-7.794323504638672,59.51219512195122,10.609756097560977,8.658536585365855,44.71823529411765
4.971442348999972,0.143652099609375,1.8459294799804686,2.3032219970703123,-70.48780487804879,-9.146341463414634,-12.80487804878049,44.70647058823529
4.987047052999969,2.0302830078125,6.2584431396484375,-0.3794809631347656,-32.25609756097561,-3.1707317073170733,39.57317073170732,44.70647058823529
5.0033046460000605,-0.9648632690429687,3.0442274108886718,-3.2632968627929686,-19.26829268292683,-11.402439024390246,-2.987804878048781,44.70058823529412
