0.01549146299998938,1.024718310546875,0.8726865051269531,0.729034405517578,29.451219512195124,-25.731707317073173,-59.451219512195124,44.47705882352941
0.031037741000091046,3.1016882507324217,-1.20667763671875,-5.1319712585449215,41.463414634146346,-34.63414634146342,-18.475609756097562,44.47117647058823
0.04660179600000447,-0.24301146850585936,19.61270144958496,7.7596075805664055,-103.17073170731709,-13.902439024390246,9.207317073170733,44.494705882352946
0.06201559200007978,3.9372646301269527,3.2716765686035156,-7.0473325866699215,2.378048780487805,57.13414634146342,53.78048780487806,44.48294117647059
0.07739292599990222,-0.9540893615722655,9.618705169677733,3.5410242553710933,7.743902439024391,74.69512195121952,-0.9146341463414634,44.48294117647059
0.09287522199997511,-0.13646949462890623,1.889025109863281,-6.3709706176757805,3.353658536585366,24.81707317073171,30.914634146341466,44.48294117647059
0.1084133889999066,0.2861070983886719,6.284779357910156,2.729389892578125,18.414634146341466,1.6463414634146343,69.32926829268293,44.48294117647059
0.12020785200002138,-4.1766847961425775,19.61270144958496,3.2692823669433593,-9.573170731707318,-7.01219512195122,-10.609756097560977,44.494705882352946
0.1271814629999426,0.41539398803710936,0.17118541870117188,-5.046977099609375,21.097560975609756,-21.951219512195124,-55.67073170731708,44.494705882352946
0.13411111100003836,-0.25737667846679685,1.3778630554199218,8.055291485595703,44.93902439024391,-19.32926829268293,-68.04878048780489,44.48294117647059
0.14098981500001173,2.1164742675781247,18.237831146240232,6.476315490722656,-7.560975609756098,-25.0609756097561,-35.30487804878049,44.47705882352941
0.14804051800001616,-0.11133037719726561,-0.9576806640625,-4.475960003662109,-28.10975609756098,-30.0609756097561,-33.65853658536586,44.47117647058823
0.15500894399997378,-3.113659259033203,4.167107989501953,-10.794258184814453,3.780487804878049,-48.170731707317074,-44.08536585365854,44.48294117647059
0.16203942600009213,-2.280477081298828,11.164162341308593,-2.8514941772460936,41.768292682926834,-85.1829268292683,-44.87804878048781,44.48882352941177
0.16914074100009202,4.375403533935547,11.902773553466796,-0.6189011291503906,35.1219512195122,-66.09756097560977,-41.03658536585366,44.47705882352941
0.17615435199991225,6.177040283203125,19.61270144958496,-0.11133037719726561,24.26829268292683,-34.75609756097561,-7.987804878048781,44.48294117647059
0.18330142600007093,3.046621612548828,19.61270144958496,-8.055291485595703,-62.865853658536594,18.963414634146343,23.963414634146343,44.50058823529412
0.19035588899987488,1.8363526733398436,1.3383587280273437,-7.593210565185546,-32.13414634146342,51.768292682926834,58.41463414634147,44.494705882352946
0.19732718499994917,-1.9823989746093749,8.78432589111328,0.13168109130859373,-8.78048780487805,59.81707317073171,38.35365853658537,44.50058823529412
0.20433909200005473,-3.5601778686523438,9.325415466308593,-0.9026140258789062,-28.353658536585368,47.926829268292686,16.28048780487805,44.50058823529412
0.21138146299995242,0.5530605834960938,-1.5382745666503905,-1.2102689392089843,-13.719512195121952,37.37804878048781,3.5975609756097566,44.47117647058823
0.2184288700000252,-0.08738836059570312,19.61270144958496,11.046846459960937,-41.40243902439025,36.524390243902445,12.01219512195122,44.47117647058823
0.22526166600005126,1.465251416015625,-4.520252734375,-10.071209283447265,-58.17073170731708,30.975609756097565,30.54878048780488,44.48294117647059
0.2320660919999682,-0.25737667846679685,-1.4173673828125,-3.294421484375,45.670731707317074,25.792682926829272,35.79268292682927,44.47705882352941
0.23887305499988543,0.7613561279296874,4.690241052246093,2.876633294677734,69.20731707317074,19.146341463414636,52.07317073170732,44.50058823529412
0.24576905499998247,-0.949300958251953,19.61270144958496,3.296815686035156,50.36585365853659,15.30487804878049,31.646341463414636,44.506470588235295
0.25257329600003686,-0.39863457641601563,19.61270144958496,6.712144354248046,-52.31707317073171,23.04878048780488,21.097560975609756,44.50058823529412
0.2594130549998681,1.2677297790527342,-3.151966485595703,-6.28837066040039,-44.93902439024391,22.621951219512198,13.902439024390246,44.48294117647059
0.26649501799988684,-0.34835634155273437,-3.8941690002441405,-5.701791253662109,26.707317073170735,14.451219512195124,8.963414634146343,44.46529411764706
0.27351922200000445,1.5263035583496092,19.61270144958496,7.997830645751953,16.646341463414636,12.256097560975611,-19.146341463414636,44.47705882352941
0.28038103699987005,-3.7672763122558592,9.10993731689453,-19.6133,-125.97560975609757,-13.231707317073171,-12.01219512195122,44.47705882352941
0.28785866599992005,-3.5386300537109374,0.6428431457519531,-10.996568225097656,-22.743902439024392,-42.07317073170732,-45.1219512195122,44.47705882352941
0.29478488900008415,0.01915361328125,-1.054645831298828,-0.9816226806640624,15.30487804878049,-43.963414634146346,-50.1219512195122,44.48294117647059
0.3016088150000087,0.33758243408203126,1.455674609375,3.573345977783203,38.84146341463415,-45.91463414634147,-54.32926829268293,44.48882352941177
0.3084089439998934,-0.1975216369628906,0.33399113159179683,1.3766659545898436,42.37804878048781,-47.07317073170732,-56.89024390243903,44.494705882352946
0.3153543329999593,0.4572925170898437,7.456741070556641,1.1611878051757811,70.0,-45.670731707317074,-53.41463414634147,44.48294117647059
0.3224388149999413,5.5090580200195305,19.61270144958496,16.180014819335938,-84.26829268292684,-18.170731707317074,-9.146341463414634,44.48294117647059
0.3295890370000052,2.1906945190429687,-0.3220201232910156,-11.684901202392577,-61.463414634146346,8.353658536585366,14.085365853658537,44.47705882352941
0.336687258999973,0.411802685546875,5.108029241943359,-1.659181750488281,32.6829268292683,20.975609756097562,49.69512195121952,44.46529411764706
0.34385296300001755,-0.41539398803710936,9.311050256347656,2.1487959899902345,3.658536585365854,21.76829268292683,45.487804878048784,44.47705882352941
0.35077159200000096,0.39743747558593745,3.659537237548828,-2.512714642333984,7.926829268292684,26.03658536585366,14.817073170731708,44.47705882352941
0.3576179439999123,0.9038111267089843,19.61270144958496,11.678915698242188,-89.08536585365854,29.08536585365854,11.219512195121952,44.47705882352941
0.36443138899994665,-5.495889910888671,-17.14128678588867,-19.6133,-185.06097560975613,-0.5487804878048781,7.743902439024391,44.48294117647059
0.3712547769998764,-2.2649147705078123,1.8052280517578123,1.255758770751953,-27.865853658536587,-9.451219512195122,9.329268292682928,44.48294117647059
0.3780601480000314,7.217320904541015,3.049015814208984,-10.049661468505859,21.03658536585366,18.963414634146343,25.792682926829272,44.48882352941177
0.3851795549999224,0.9253589416503906,-3.296815686035156,-2.6204537170410154,18.78048780487805,25.54878048780488,37.19512195121951,44.48294117647059
0.39200229599987324,-0.3076549133300781,7.617152581787109,6.274005450439453,54.146341463414636,18.597560975609756,70.73170731707317,44.47117647058823
0.3988213329998871,-0.8008604553222656,5.989095452880859,7.641094598388672,32.743902439024396,20.670731707317074,59.39024390243903,44.47705882352941
0.40563570299991625,1.5789759948730469,17.83081686401367,-2.155978594970703,-21.52439024390244,40.1219512195122,0.853658536585366,44.47705882352941
0.41243346300007033,2.6719290527343746,-1.0091559997558592,-8.307879760742187,33.84146341463415,46.09756097560976,3.2926829268292686,44.48294117647059
0.4192407220000405,0.062249243164062495,-2.4253262817382812,-10.849324822998046,67.7439024390244,42.43902439024391,0.3658536585365854,44.494705882352946
0.4261364260000846,-6.835445739746094,19.61270144958496,5.093664031982422,52.31707317073171,10.792682926829269,-39.146341463414636,44.47705882352941
0.4329641110000466,-1.552639776611328,12.211625567626953,-8.080430603027343,-8.170731707317074,-58.78048780487806,-56.707317073170735,44.494705882352946
0.43976725900006386,-1.3180080139160155,16.36915675048828,1.2868833923339842,-0.12195121951219513,-80.48780487804879,-36.524390243902445,44.48294117647059
0.44658112899992375,0.4034229797363281,-1.659181750488281,-5.443217474365234,-21.158536585365855,-74.45121951219512,-38.10975609756098,44.453529411764706
0.45356403699997827,0.062249243164062495,-1.1635820068359375,2.990357873535156,61.34146341463415,-69.63414634146342,-40.54878048780488,44.459411764705884
0.46037666600000193,11.750741748046874,19.61270144958496,-4.304774584960938,34.87804878048781,-62.560975609756106,-56.15853658536586,44.46529411764706
0.4671901290000733,6.223727215576171,19.61270144958496,2.9664158569335934,-15.853658536585368,20.853658536585368,-4.085365853658537,44.48882352941177
0.47401018499999736,-0.4417302062988281,0.7829039428710937,-6.5505357421875,-20.54878048780488,16.34146341463415,20.365853658536587,44.50058823529412
0.48082438899996305,0.28371289672851563,6.755239984130859,0.21906945190429686,-24.634146341463417,22.865853658536587,23.78048780487805,44.48294117647059
0.4876412399999026,0.8930372192382812,2.080561242675781,-0.928950244140625,-3.658536585365854,34.63414634146342,25.975609756097562,44.48882352941177
0.4944556850000481,0.8858546142578124,14.184447735595702,3.5913024902343746,-36.28048780487805,38.84146341463415,18.414634146341466,44.48294117647059
0.5012717960000828,-2.1739351074218747,4.601655590820312,-4.204218115234375,-65.97560975609757,32.743902439024396,9.817073170731708,44.48294117647059
0.5080855369999426,-1.3946224670410154,4.067748620605468,-1.2102689392089843,10.30487804878049,10.853658536585368,16.890243902439025,44.47117647058823
0.5148999630000617,0.15083470458984374,7.332242584228515,2.5546131713867184,-6.52439024390244,10.060975609756099,22.98780487804878,44.453529411764706
0.5219910920000075,-1.4508862060546874,10.436325036621094,1.7106570861816406,-2.7439024390243905,7.134146341463415,13.963414634146343,44.48882352941177
0.5289388329999838,-2.462436407470703,9.79348189086914,-6.351817004394531,-19.26829268292683,0.6097560975609757,12.865853658536587,44.48294117647059
0.5358130919998985,1.5634136840820312,1.9716250671386717,-3.2836475769042965,17.743902439024392,14.146341463414636,26.28048780487805,44.48882352941177
0.5426805370000238,0.105344873046875,8.670601312255858,1.5550339782714844,50.85365853658537,22.134146341463417,16.28048780487805,44.48294117647059
0.5496114439999928,-0.7457938171386719,13.990517401123046,2.8898014038085935,16.585365853658537,22.743902439024392,8.536585365853659,44.48294117647059
0.5564772220000123,-0.8631096984863281,4.060566015625,-0.35194764404296874,-12.01219512195122,7.500000000000001,22.195121951219512,44.47117647058823
0.5633155180000813,0.21308394775390624,-1.5981296081542968,-5.925649108886718,67.98780487804879,13.963414634146343,26.463414634146343,44.47117647058823
0.5701492589998907,0.9277531433105468,3.422511273193359,0.8547299926757812,100.97560975609757,14.695121951219514,25.121951219512198,44.48882352941177
0.5769854259999647,-2.288856787109375,19.61270144958496,4.404133953857421,94.51219512195122,19.32926829268293,-76.52439024390245,44.47705882352941
0.5838268140000764,3.6427778259277344,19.61270144958496,-7.636306195068359,-31.58536585365854,-16.52439024390244,-72.13414634146342,44.46529411764706
0.5907371660000535,-4.553771557617187,4.741716387939453,-8.188169677734374,-20.426829268292686,-75.0609756097561,-53.59756097560976,44.47117647058823
0.5976089999999203,-0.25258827514648435,1.668758557128906,-5.568913061523437,15.182926829268293,-104.69512195121952,-49.75609756097561,44.47705882352941
0.6044480549999207,10.532093103027343,16.79652174682617,-7.523778717041015,-21.34146341463415,-57.50000000000001,-3.2926829268292686,44.48882352941177
0.6112871850000374,4.092887738037109,3.398569256591797,-8.464699969482421,-65.91463414634147,8.414634146341465,29.512195121951223,44.47705882352941
0.6181336479999118,-0.1975216369628906,7.05451519165039,4.687846850585937,-9.02439024390244,52.987804878048784,30.30487804878049,44.46529411764706
0.6249715179999384,-1.5741875915527344,5.31153638305664,-7.293935357666015,-74.39024390243902,48.170731707317074,18.414634146341466,44.46529411764706
0.6318071109999437,-2.826355059814453,0.46806642456054687,-7.987056738281249,-54.268292682926834,8.597560975609756,1.524390243902439,44.48882352941177
0.6386467400000129,-1.2174515441894531,4.001908074951172,12.579135522460938,1.2195121951219514,3.048780487804878,2.1341463414634148,44.47705882352941
0.6454884810000294,0.8188169677734375,4.653130926513672,-1.159990704345703,-69.26829268292684,0.426829268292683,0.426829268292683,44.48294117647059
0.6523206849999497,-1.5286977600097655,1.0486603271484374,-2.2960393920898436,-38.04878048780488,2.6219512195121952,16.646341463414636,44.48294117647059
0.6591524810000919,-0.8738836059570312,11.802217083740233,-0.4525041137695312,7.500000000000001,5.182926829268293,7.439024390243903,44.48294117647059
0.6659928330000184,1.9967641845703124,15.966930871582031,0.44532150878906246,-19.634146341463417,-9.146341463414634,13.29268292682927,44.47117647058823
0.6728224809999119,3.5996821960449217,-0.7769184387207031,-6.332663391113281,4.51219512195122,14.939024390243905,22.682926829268293,44.494705882352946
0.6796581480000441,0.5710170959472656,8.917204083251953,-0.7972691528320313,19.146341463414636,22.134146341463417,11.829268292682928,44.48882352941177
0.6864980370000922,-1.7369933044433592,-0.4991910461425781,0.4704606262207031,20.0,1.0365853658536586,2.073170731707317,44.48294117647059
0.6933415369999238,-0.24899697265624998,7.9104422851562495,2.7437551025390623,46.768292682926834,-8.658536585365855,26.58536585365854,44.47705882352941
0.7001752030000716,-0.09217676391601562,6.101622930908203,-0.31483751831054685,-21.28048780487805,-7.743902439024391,21.28048780487805,44.46529411764706
0.707006796000087,0.6811503723144531,0.7158662963867187,-4.35385571899414,1.9512195121951221,0.06097560975609757,-2.3170731707317076,44.48882352941177
0.7138447590000396,0.35793314819335936,8.437166650390624,-2.8131869506835936,50.487804878048784,-3.536585365853659,-0.5487804878048781,44.50058823529412
0.7206797589999496,0.34117373657226563,6.449979272460937,2.3810335510253906,88.35365853658537,-4.024390243902439,29.573170731707318,44.48882352941177
0.7275135739998859,1.131260284423828,19.61270144958496,8.774749084472656,64.14634146341464,-12.256097560975611,-29.08536585365854,44.46529411764706
0.7343517399999655,0.8990227233886718,19.552247857666014,0.3962403747558593,-15.182926829268293,-37.37804878048781,-67.43902439024392,44.47117647058823
0.7412010180000834,13.703213201904296,19.61270144958496,-9.062053283691405,-4.817073170731708,-33.29268292682927,-19.26829268292683,44.459411764705884
0.7480310920000193,-5.635950708007812,19.61270144958496,-12.014103930664062,-91.70731707317074,5.7926829268292686,-1.402439024390244,44.459411764705884
0.7548591289998967,1.6819266662597656,5.080495922851562,-6.7277066650390625,-64.75609756097562,7.134146341463415,9.390243902439025,44.47117647058823
0.761696129000029,1.3862427612304686,-3.766079211425781,-3.3973721557617185,-35.243902439024396,18.353658536585368,15.365853658536587,44.47705882352941
0.7685258879998855,0.8667010009765624,2.1715409057617188,2.0733786376953125,-6.585365853658537,18.902439024390244,15.060975609756099,44.48294117647059
0.7753564439999536,1.6029180114746093,16.151284399414063,3.8007951354980465,2.1951219512195124,17.31707317073171,20.731707317073173,44.494705882352946
0.7821949619999486,-1.1456254943847655,19.61270144958496,9.819818109130859,-17.804878048780488,22.378048780487806,-7.134146341463415,44.47705882352941
0.7890344620000178,4.671087438964843,-12.528857287597656,3.0825346374511717,-0.48780487804878053,19.207317073170735,6.707317073170732,44.459411764705884
0.7958636660000593,0.7649474304199219,16.016012005615234,5.1523219726562495,13.841463414634148,20.48780487804878,8.353658536585366,44.48294117647059
0.8026942589999635,-3.299209887695312,7.578845355224609,-4.120421057128906,-24.634146341463417,-2.439024390243903,0.48780487804878053,44.47705882352941
0.8095299809999688,-1.3778630554199218,5.293579870605469,2.0350714111328125,-12.317073170731708,-13.414634146341465,5.609756097560976,44.47705882352941
0.8163740919999327,0.9923965881347656,19.61270144958496,8.136694342041014,-3.7195121951219514,-9.817073170731708,3.8414634146341466,44.494705882352946
0.8260346849999678,0.41419688720703124,1.8243816650390623,-4.722562774658203,-0.6097560975609757,-5.975609756097562,1.1585365853658538,44.494705882352946
0.8400233140000637,-0.5746083984375,19.61270144958496,11.737573638916015,78.78048780487805,-8.292682926829269,2.682926829268293,44.48294117647059
0.8537868509999953,-2.6659435485839844,7.896077075195312,-7.668627917480468,-24.207317073170735,-5.853658536585367,-11.158536585365855,44.47117647058823
0.8675291479999032,0.1975216369628906,-1.236605157470703,-3.0921114440917967,94.20731707317074,5.609756097560976,2.682926829268293,44.47705882352941
0.8812881659998766,-0.181959326171875,19.61270144958496,5.306747979736328,69.75609756097562,5.3048780487804885,45.54878048780488,44.47705882352941
0.8951590730000589,-0.16041151123046873,2.4684219116210935,-4.942829327392578,-18.84146341463415,-21.28048780487805,16.463414634146343,44.459411764705884
0.9089401100000032,2.0278888061523435,4.642357019042969,0.22266075439453123,-102.6219512195122,44.390243902439025,-5.182926829268293,44.47705882352941
0.9226766479998787,0.1640028137207031,6.9336080078124995,-0.062249243164062495,-22.500000000000004,42.987804878048784,-15.060975609756099,44.47117647058823
0.936422924999988,-0.26815058593749996,4.333505004882812,-0.6715735656738281,-7.25609756097561,-25.853658536585368,3.2926829268292686,44.48882352941177
0.9501711479999813,4.259284753417968,18.45809769897461,8.585607153320312,11.585365853658537,16.34146341463415,-3.2926829268292686,44.47117647058823
0.9655043509999359,0.3064578125,5.141548065185547,0.9193734375,1.402439024390244,-7.439024390243903,-2.1341463414634148,44.48294117647059
0.9802059619999,0.35194764404296874,-5.026626385498046,6.921636999511718,73.47560975609757,-12.560975609756099,2.804878048780488,44.459411764705884
0.9943159809999997,4.094084838867187,2.7617116149902343,-2.6958710693359373,-12.134146341463415,21.03658536585366,17.134146341463417,44.48294117647059
1.0081107589999192,-2.8431144714355465,2.6587609436035153,-2.577358087158203,54.69512195121952,6.707317073170732,-17.682926829268293,44.47117647058823
1.0218891839999742,-0.2549824768066406,3.5242648437499997,1.3814543579101561,89.75609756097562,-0.6097560975609757,-20.853658536585368,44.47705882352941
1.0334272590000637,-10.486603271484375,18.085799340820312,-12.981361401367186,-76.28048780487805,-26.463414634146343,8.170731707317074,44.47117647058823
1.0448439990000224,7.597998968505859,4.902127899169922,-7.912836486816405,-52.13414634146342,29.634146341463417,13.78048780487805,44.47705882352941
1.0562624439999126,0.20350714111328125,-1.668758557128906,-0.6248866333007812,-63.29268292682927,5.426829268292684,3.7195121951219514,44.48294117647059
1.0676669249999122,-0.22505495605468748,-4.0222587890625,3.258508459472656,25.000000000000004,-4.085365853658537,-15.853658536585368,44.48294117647059
1.0790606099999422,0.3112462158203125,0.7278373046875,-6.858190655517578,-90.00000000000001,-0.7926829268292683,3.780487804878049,44.48882352941177
1.090468054999974,0.6727706665039062,4.6459483215332025,-2.567781280517578,22.378048780487806,2.6219512195121952,6.2804878048780495,44.47705882352941
1.1018764620000638,-0.029927520751953124,8.942343200683593,-1.4018050720214843,-44.268292682926834,3.963414634146342,-1.3414634146341464,44.47117647058823
1.113284091999958,-0.1197100830078125,16.456545111083983,6.6343328002929685,18.78048780487805,2.6219512195121952,-2.987804878048781,44.47705882352941
1.12552712899992,-1.686715069580078,-1.2856862915039062,-5.418078356933593,43.23170731707317,-18.78048780487805,-8.719512195121952,44.47705882352941
1.1412347210000462,1.0977414611816405,10.062829577636718,-0.8882488159179687,19.512195121951223,-1.4634146341463417,-13.04878048780488,44.46529411764706
1.1567322769999464,0.2214636535644531,1.0558429321289062,-3.4620156005859375,52.50000000000001,1.4634146341463417,12.865853658536587,44.459411764705884
1.1722343330000058,0.3076549133300781,19.61270144958496,9.542090716552734,78.35365853658537,19.207317073170735,35.79268292682927,44.494705882352946
1.1877289619999374,4.161122485351562,9.288305340576171,-19.6133,-77.6219512195122,17.25609756097561,4.51219512195122,44.48882352941177
1.2030288880000626,-0.31483751831054685,1.8818425048828125,0.5003881469726562,-17.195121951219512,-9.26829268292683,1.2195121951219514,44.50058823529412
1.2183144250000169,-0.9457096557617187,0.4537012145996093,-0.9169792358398436,3.7195121951219514,-12.987804878048781,1.6463414634146343,44.459411764705884
1.2309942209999463,-1.4496891052246093,0.7326257080078125,-7.540538128662109,25.731707317073173,-13.353658536585368,3.414634146341464,44.50058823529412
1.2424173510000855,0.6452373474121094,11.145008728027342,4.426878869628906,35.426829268292686,-6.463414634146342,2.0121951219512195,44.47705882352941
1.2538403700000345,1.9321207397460936,19.61270144958496,5.051765502929687,-43.71951219512196,16.585365853658537,-10.30487804878049,44.48294117647059
1.2652619250000043,0.3184288208007812,-0.23702596435546874,0.1292868896484375,45.60975609756098,18.414634146341466,4.390243902439025,44.48882352941177
1.27669144399988,-3.3494881225585935,17.67878505859375,1.5598223815917969,-3.5975609756097566,-7.621951219512196,-7.743902439024391,44.459411764705884
1.2881173139999191,2.9568390502929685,-2.7198130859375,-5.80354482421875,28.84146341463415,-9.085365853658537,14.085365853658537,44.47705882352941
1.299543518000064,-1.4700398193359374,10.503362683105468,5.6024318847656245,86.40243902439025,24.451219512195124,-36.21951219512196,44.48294117647059
1.3109769249999772,1.5801730957031248,5.161898779296875,1.9608511596679685,108.84146341463416,17.134146341463417,23.353658536585368,44.47117647058823
1.3224150179999015,-16.334440826416014,19.61270144958496,-10.280701928710936,-83.23170731707317,-11.402439024390246,22.134146341463417,44.447647058823534
1.3375044249999064,8.428786944580077,17.884686401367187,-8.839392529296875,-96.03658536585367,14.573170731707318,12.378048780487806,44.48882352941177
1.3528443509999306,-1.408987677001953,1.177947216796875,0.7445967163085937,-9.51219512195122,-6.707317073170732,2.5,44.494705882352946
1.3682132950000323,-1.4341267944335936,6.019022973632812,0.29089550170898437,-23.59756097560976,1.2804878048780488,-12.500000000000002,44.50058823529412
1.3835366840000916,0.6512228515624999,-0.8774749084472656,-7.1395093505859375,36.34146341463415,-3.1097560975609757,2.439024390243903,44.47117647058823
1.398839740000085,0.3315969299316406,17.07903754272461,7.199364392089843,-56.707317073170735,-13.536585365853659,-1.707317073170732,44.47705882352941
1.4141356289999294,1.054645831298828,-1.140837091064453,-4.861426470947265,42.987804878048784,-2.987804878048781,1.9512195121951221,44.459411764705884
1.4290603140000258,-0.5889736083984375,6.667851623535156,8.061276989746093,84.75609756097562,1.2804878048780488,-15.54878048780488,44.48882352941177
1.4428146660000039,-0.07541735229492187,19.12248865966797,5.34984360961914,-63.10975609756098,3.4756097560975614,5.182926829268293,44.494705882352946
1.4565766470000199,0.4560954162597656,-4.881777185058594,-4.346673114013671,103.84146341463415,10.609756097560977,7.25609756097561,44.47705882352941
1.4703096099999584,2.01112939453125,19.61270144958496,-5.764040496826172,29.02439024390244,-25.243902439024392,-0.1829268292682927,44.506470588235295
1.4840564429998722,5.944802722167968,15.790957049560546,-13.426682910156249,-60.85365853658537,30.792682926829272,15.30487804878049,44.459411764705884
1.4978137210000568,-2.01112939453125,-4.235342736816406,-1.8327613708496093,-30.30487804878049,-4.390243902439025,-2.073170731707317,44.46529411764706
1.5115563510000811,-0.13287819213867186,12.670115185546875,2.8886043029785156,-35.609756097560975,-3.780487804878049,-21.402439024390247,44.50058823529412
1.5253556659999958,2.166752502441406,-1.2617442749023438,-7.522581616210937,-2.3170731707317076,-0.426829268292683,-2.1951219512195124,44.47117647058823
1.5391111659998842,0.12808978881835936,16.595408807373047,4.351461517333984,-45.73170731707317,-5.670731707317073,-3.8414634146341466,44.48294117647059
1.5528577210000094,-2.088940948486328,0.3651157531738281,-6.781576202392578,37.987804878048784,-24.207317073170735,3.353658536585366,44.47705882352941
1.5666037949999918,1.2593500732421874,19.61270144958496,10.517727893066406,-43.41463414634147,2.3170731707317076,-11.036585365853659,44.47705882352941
1.580615183999953,-2.6898855651855467,-3.5517981628417967,-3.318363500976562,76.89024390243902,-19.32926829268293,-4.51219512195122,44.47117647058823
1.5943941470000027,-1.4281412902832031,4.5693338684082025,-0.8475473876953125,40.304878048780495,-20.975609756097562,-17.926829268292686,44.47117647058823
1.6081451659999857,8.049305981445311,19.61270144958496,11.247959399414063,-48.53658536585366,23.353658536585368,65.97560975609757,44.494705882352946
1.6218943320000108,-5.03740029296875,19.61270144958496,-0.28969840087890625,-66.28048780487805,92.13414634146342,-4.634146341463415,44.47705882352941
1.635659091999969,-5.635950708007812,-3.7768531188964842,-5.6778492370605465,-47.86585365853659,-33.84146341463415,-36.28048780487805,44.47117647058823
1.649563683999986,1.6843208679199217,17.888277703857423,-1.8351555725097655,-78.10975609756099,-49.024390243902445,19.085365853658537,44.48294117647059
1.6633456289998776,3.745728497314453,17.102979559326172,1.2665326782226562,-38.47560975609756,4.75609756097561,14.26829268292683,44.48882352941177
1.677129387999912,1.7310078002929687,0.12808978881835936,-1.8291700683593748,16.34146341463415,9.756097560975611,-24.02439024390244,44.48882352941177
1.6909092579999196,-1.0678139404296874,17.612944512939453,4.833893151855468,-57.01219512195122,-1.8902439024390245,-7.439024390243903,44.47117647058823
1.7047414989999652,-0.40462008056640625,7.72489165649414,5.342661004638671,20.853658536585368,-2.1951219512195124,-3.414634146341464,44.47705882352941
1.7185104620000402,1.7118541870117185,3.9133226135253905,-6.0537388977050774,22.682926829268293,18.353658536585368,-26.646341463414636,44.48294117647059
1.7331267580000258,0.03950432739257812,-4.262876055908203,-4.587290380859375,107.6829268292683,-23.04878048780488,-0.48780487804878053,44.47705882352941
1.7484237399999074,0.4261678955078125,6.523002423095702,1.5179238525390624,39.69512195121951,-48.10975609756098,70.3658536585366,44.46529411764706
1.7637560729999677,1.2964601989746094,14.640543151855468,-18.031929803466795,-14.695121951219514,91.58536585365854,17.31707317073171,44.47117647058823
1.7790691840000363,-2.808398547363281,11.177330450439452,-2.788047833251953,-65.91463414634147,65.1219512195122,-26.707317073170735,44.48882352941177
1.7943649799999548,-0.031124621582031248,5.935225915527344,4.242525341796875,-15.000000000000002,-60.54878048780488,2.6219512195121952,44.47117647058823
1.8096847950000665,6.369773516845703,-2.346317626953125,4.656722229003906,13.29268292682927,-12.621951219512196,-6.52439024390244,44.46529411764706
1.8250392580000607,0.6955155822753906,4.545391851806641,1.7836802368164062,-13.597560975609758,-5.609756097560976,-10.0,44.47705882352941
1.8404108509998878,2.8574796813964842,14.578293908691405,1.1540052001953125,-13.29268292682927,7.865853658536586,-3.7195121951219514,44.48294117647059
1.8557027029999063,0.565031591796875,8.945934503173827,-0.14006079711914063,30.792682926829272,6.585365853658537,-4.634146341463415,44.47705882352941
1.8710859430000255,0.9085995300292968,19.55583916015625,-11.01931314086914,-45.426829268292686,-32.13414634146342,-35.54878048780488,44.48294117647059
1.8863968139999088,1.4209586853027343,2.9472622436523435,2.779668127441406,64.02439024390245,-29.695121951219516,-21.646341463414636,44.48882352941177
1.9017942020000191,6.570886456298828,18.314445599365232,7.174225274658203,-27.80487804878049,9.02439024390244,128.0487804878049,44.47705882352941
1.917162368999925,-9.34696328125,16.794127545166013,-3.6343981201171873,-33.78048780487805,79.63414634146342,-5.3048780487804885,44.48882352941177
1.9318239060000906,2.233790148925781,6.642712506103515,-2.9735984619140625,-50.426829268292686,51.524390243902445,-28.59756097560976,44.47117647058823
1.9455821280000691,-3.564966271972656,4.763264202880859,-0.7003039855957031,-22.621951219512198,-46.09756097560976,-7.378048780487806,44.48882352941177
1.9593310729999303,0.5374982727050781,9.342174877929686,0.4273649963378906,-36.951219512195124,-43.78048780487805,6.585365853658537,44.459411764705884
1.9730763140000818,3.2908301818847656,11.06360587158203,-3.910928411865234,-29.207317073170735,-3.414634146341464,-8.292682926829269,44.453529411764706
1.9868385729998863,1.1791443176269532,9.728838446044922,3.1735143005371094,26.463414634146343,2.682926829268293,-4.329268292682928,44.48294117647059
2.0005984429999444,1.1982979309082031,-0.9433154541015625,-6.180631585693359,-54.63414634146342,3.048780487804878,-5.0,44.47117647058823
2.0143480540000382,0.9349357482910156,0.02154781494140625,5.303156677246093,105.3048780487805,11.585365853658537,-35.54878048780488,44.48294117647059
2.028337314000055,-3.2704794677734372,19.61270144958496,4.651933825683593,-68.71951219512195,-44.390243902439025,3.780487804878049,44.47117647058823
2.0436469250000755,0.3112462158203125,3.105279553222656,2.3774422485351563,79.39024390243902,-6.707317073170732,44.87804878048781,44.48294117647059
2.0589392580000094,3.2788591735839843,4.271255761718749,-10.516530792236328,42.743902439024396,104.02439024390245,5.2439024390243905,44.47117647058823
2.074289535999924,-4.972756848144531,1.1001356628417969,-17.03235061035156,-49.57317073170732,24.02439024390244,-13.841463414634148,44.47117647058823
2.089584536000075,0.7266402038574218,8.506598498535157,8.300697155761718,-20.426829268292686,-42.31707317073171,-4.2682926829268295,44.46529411764706
2.104881109999951,2.4863784240722655,0.9696516723632812,-2.8574796813964842,-4.695121951219512,6.2804878048780495,-3.536585365853659,44.47705882352941
2.120170313000017,1.1348515869140625,15.119383483886718,-2.5857377929687497,-55.487804878048784,-2.804878048780488,-6.707317073170732,44.47117647058823
2.134686924999869,1.1432312927246093,10.996568225097656,-1.3048399047851562,0.3658536585365854,-6.402439024390245,-6.036585365853659,44.46529411764706
2.1484499250000226,-0.2442085693359375,17.577031488037107,4.12401235961914,-29.573170731707318,-4.573170731707317,-1.6463414634146343,44.47705882352941
2.1621907579999515,0.430956298828125,-0.928950244140625,-1.7357962036132812,71.15853658536587,-3.1707317073170733,-15.365853658536587,44.47705882352941
2.1759374799999023,0.2920926025390625,18.79687723388672,6.580463262939452,22.743902439024392,2.5,-6.463414634146342,44.48294117647059
2.189696238999886,0.7158662963867187,0.82360537109375,-5.002684368896484,32.926829268292686,0.9146341463414634,2.6219512195121952,44.47705882352941
2.2034443689999534,-0.18076222534179687,19.61270144958496,8.373720306396484,-26.58536585365854,14.756097560975611,73.59756097560977,44.48882352941177
2.217186110000057,-7.456741070556641,4.780023614501953,-19.027917694091794,-11.707317073170733,51.28048780487806,9.634146341463415,44.47705882352941
2.230935294999881,-3.594893792724609,3.2154128295898436,-1.016338604736328,-16.03658536585366,-25.121951219512198,-18.658536585365855,44.47117647058823
2.244707164999909,2.579752288818359,16.755820318603515,-4.3993455505371095,-71.95121951219512,-14.451219512195124,0.9756097560975611,44.46529411764706
2.2584436279998954,1.6029180114746093,11.870451831054687,1.1336544860839843,-19.085365853658537,15.121951219512196,-6.158536585365854,44.47705882352941
2.2721862759999567,0.9074024291992187,1.7429788085937499,-2.252943762207031,12.987804878048781,-13.78048780487805,-6.951219512195123,44.47705882352941
2.286058146999949,0.9864110839843749,6.451176373291015,-3.3877953491210935,-12.926829268292684,-11.829268292682928,-8.475609756097562,44.48294117647059
2.3000367209999695,0.7386112121582031,-2.166752502441406,4.80755693359375,70.54878048780489,-7.195121951219513,-16.52439024390244,44.459411764705884
2.314025073000039,0.9852139831542969,16.262614776611326,-7.4974424987792965,-51.951219512195124,-2.8658536585365857,2.6219512195121952,44.494705882352946
2.3278798690000713,0.5183446594238281,0.1149216796875,0.604535919189453,83.53658536585367,0.6097560975609757,-10.182926829268293,44.48294117647059
2.340467849999868,1.227028350830078,19.61270144958496,-8.480262280273436,3.963414634146342,40.91463414634147,33.59756097560976,44.494705882352946
2.3531172020000213,-6.271611248779297,5.685031842041015,-3.441664886474609,-27.439024390243905,-1.4634146341463417,51.15853658536586,44.459411764705884
2.3661074239998925,3.2728736694335936,17.654843041992187,-5.9579708312988275,-9.817073170731708,61.707317073170735,17.25609756097561,44.47705882352941
2.380040775999987,-6.343437298583984,11.313799945068359,-8.941146099853515,-66.89024390243902,-32.25609756097561,-34.451219512195124,44.48294117647059
2.392816201999949,0.24061726684570311,16.01361780395508,5.7329158752441405,-80.3048780487805,-40.79268292682927,14.329268292682928,44.48294117647059
2.40550340599998,1.9788076721191405,10.79545528564453,4.918887310791015,43.23170731707317,10.731707317073171,0.06097560975609757,44.48882352941177
2.41810359100009,1.7549498168945312,6.4655415832519525,-2.6719290527343746,-37.37804878048781,14.02439024390244,-11.097560975609756,44.47705882352941
2.430460757999981,1.5275006591796874,16.36915675048828,1.70467158203125,-16.097560975609756,-0.9756097560975611,-9.26829268292683,44.48294117647059
2.4420097209999767,-0.19512743530273435,-7.504625103759765,-5.3761798278808595,43.84146341463415,-18.475609756097562,-13.170731707317074,44.48882352941177
2.453504128000077,0.4273649963378906,16.24166551208496,10.788272680664061,52.6219512195122,-19.634146341463417,-18.53658536585366,44.48294117647059
2.4649557949999235,-0.07422025146484375,-9.829394915771484,-6.256048937988281,0.24390243902439027,-15.487804878048783,-12.073170731707318,44.46529411764706
2.4764228500000627,0.6548141540527344,2.5055320373535155,-0.6416460449218749,94.93902439024392,-9.695121951219512,-18.414634146341466,44.48294117647059
2.487888480000038,-0.277727392578125,19.61270144958496,-17.527950354003906,-104.51219512195122,24.451219512195124,54.451219512195124,44.48882352941177
2.499357610000061,4.920084411621094,6.274005450439453,-10.681730706787109,-54.024390243902445,77.6219512195122,75.54878048780489,44.47705882352941
2.5108918870000707,-8.86812294921875,5.835866546630859,-8.678981018066406,33.78048780487805,48.90243902439025,49.085365853658544,44.47117647058823
2.5224303499999223,0.8786720092773437,8.877699755859375,-8.88009395751953,-54.81707317073171,13.231707317073171,-53.04878048780488,44.47117647058823
2.535925980000002,-2.6898855651855467,19.61270144958496,4.101267443847656,-31.03658536585366,-52.926829268292686,-6.707317073170732,44.47705882352941
2.5512609610000254,0.029927520751953124,-5.069722015380859,2.89219560546875,30.54878048780488,-20.182926829268293,1.524390243902439,44.494705882352946
2.5666385909999008,1.476025323486328,6.797138513183594,0.12569558715820311,-10.24390243902439,-2.987804878048781,-16.951219512195124,44.506470588235295
2.5820013499999277,0.6452373474121094,2.100911956787109,-2.1823148132324217,38.53658536585366,1.829268292682927,-30.000000000000004,44.48294117647059
2.597302887000069,-3.745728497314453,4.226963031005859,-7.414842541503906,10.30487804878049,-20.0609756097561,-17.195121951219512,44.494705882352946
2.6126122949999626,0.8379705810546875,3.3303345092773435,1.2509703674316406,89.45121951219512,-3.9024390243902443,-24.512195121951223,44.494705882352946
2.627918869000041,1.7956512451171873,19.61270144958496,-0.9983820922851562,7.317073170731708,2.9268292682926833,30.731707317073173,44.48882352941177
2.6417904800000542,-2.607285607910156,13.084312072753905,-19.6133,-38.23170731707317,22.25609756097561,60.97560975609757,44.48882352941177
2.6555407759999525,4.571728070068359,-3.2980127868652342,-4.410119458007812,27.500000000000004,77.6829268292683,84.26829268292684,44.50058823529412
2.669286849999935,-5.944802722167968,19.61270144958496,-3.7612908081054686,-54.51219512195122,75.1829268292683,-44.75609756097561,44.494705882352946
2.683044423999945,-3.446453289794922,3.1567548889160153,-7.029376074218749,-40.73170731707317,-27.5609756097561,-41.03658536585366,44.48294117647059
2.6967930910000177,0.023942016601562498,5.291185668945312,4.094084838867187,9.085365853658537,-51.646341463414636,0.0,44.494705882352946
2.710530164999909,-0.09816226806640624,11.85488952026367,-0.7936778503417968,-39.32926829268293,-49.085365853658544,-2.7439024390243905,44.494705882352946
2.7242881649999617,2.703053674316406,4.908113403320312,2.6192566162109374,36.15853658536586,-26.76829268292683,-21.951219512195124,44.48882352941177
2.7380575719998888,2.2349872497558594,0.2741360900878906,-0.3938461730957031,12.987804878048781,-4.024390243902439,-26.463414634146343,44.47705882352941
2.7517931279999175,1.2318167541503906,8.087613208007811,2.426523382568359,38.47560975609756,0.24390243902439027,-15.000000000000002,44.494705882352946
2.765560960999892,-6.133944653320312,4.617217901611328,-6.704961749267578,25.0609756097561,-44.451219512195124,-49.51219512195122,44.48294117647059
2.7793057950000275,8.068459594726562,19.61270144958496,-10.031704956054687,-14.390243902439027,-10.792682926829269,106.82926829268294,44.50058823529412
2.793048219999946,-8.70771143798828,18.325219506835936,-0.26336218261718747,23.231707317073173,109.87804878048782,7.621951219512196,44.48294117647059
2.8068051089999244,-7.056909393310547,0.44053310546874996,-3.4811692138671875,-29.451219512195124,55.00000000000001,18.597560975609756,44.48294117647059
2.820577313000058,1.1707646118164061,19.61270144958496,7.806294512939453,17.98780487804878,22.25609756097561,14.207317073170733,44.48294117647059
2.8348116459999346,-6.448782171630859,3.8379052612304685,-5.246892938232421,-19.695121951219512,-56.03658536585366,-40.60975609756098,44.48294117647059
2.8501020169999265,6.549338641357421,11.621454858398437,-6.129156249999999,-54.57317073170732,-20.60975609756098,1.402439024390244,44.48294117647059
2.8653973319999295,0.15442600708007811,9.026140258789061,7.077260107421875,21.34146341463415,-7.073170731707318,-3.7195121951219514,44.48882352941177
2.880689887000017,0.59376201171875,0.08140285644531249,-3.7397429931640622,5.121951219512195,-4.329268292682928,-8.597560975609756,44.46529411764706
2.896079701999952,0.48243163452148435,9.475053070068359,0.8463502868652343,58.41463414634147,12.317073170731708,-60.67073170731708,44.46529411764706
2.91140099800009,-1.6998831787109374,19.61270144958496,-0.49200844116210934,0.853658536585366,-34.390243902439025,-6.951219512195123,44.47117647058823
2.926748127999872,-0.35314474487304687,19.61270144958496,7.593210565185546,55.304878048780495,-43.90243902439025,67.07317073170732,44.47705882352941
2.9410414060000676,9.843760125732421,6.357802508544921,-1.0486603271484374,25.731707317073173,103.29268292682927,71.82926829268294,44.46529411764706
2.9547952939999504,-4.074931225585937,11.18511160583496,2.7281927917480466,28.84146341463415,37.743902439024396,12.80487804878049,44.494705882352946
2.968533460999879,2.133233679199219,-5.932831713867187,-6.323086584472656,38.04878048780488,13.29268292682927,4.573170731707317,44.47705882352941
2.982269793999876,-5.23492192993164,5.6563014221191406,-11.969811199951172,-31.58536585365854,-50.00000000000001,-31.402439024390247,44.48882352941177
2.9960224060000655,1.2928688964843749,16.84919418334961,1.8722656982421875,-13.597560975609758,-39.75609756097561,-11.585365853658537,44.494705882352946
3.0097602389998883,-0.24660277099609373,-3.2237925354003902,3.0992940490722654,40.243902439024396,-14.634146341463415,-24.32926829268293,44.48882352941177
3.0235127199998715,1.0283096130371092,19.61270144958496,8.650250598144531,-72.5609756097561,-16.82926829268293,-10.426829268292684,44.48294117647059
3.037290460999884,0.565031591796875,4.46877739868164,2.8718448913574215,67.19512195121952,-2.1341463414634148,-30.30487804878049,44.50058823529412
3.051044479999973,-4.338293408203125,1.7956512451171873,-2.009932293701172,13.353658536585368,-35.1829268292683,-55.67073170731708,44.47117647058823
3.064798719999999,-0.17357962036132812,14.86260535583496,2.2206220397949217,17.195121951219512,-52.25609756097561,53.90243902439025,44.47705882352941
3.078540256999986,7.996633544921875,10.029310754394531,-12.014103930664062,-26.951219512195124,76.03658536585367,57.13414634146342,44.48882352941177
3.0922741649999352,-3.362656231689453,0.8092401611328125,-3.6918589599609373,14.939024390243905,70.48780487804879,45.73170731707317,44.50058823529412
3.1060227200000554,-0.33758243408203126,2.147598889160156,0.5339069702148437,60.60975609756098,60.73170731707317,33.04878048780488,44.506470588235295
3.1200214430000415,-1.7860744384765623,17.44774459838867,-14.252682482910155,-82.8658536585366,-17.073170731707318,-21.34146341463415,44.47117647058823
3.133786998000005,0.8954314208984374,17.16762300415039,9.715670336914062,6.036585365853659,-16.402439024390244,-17.743902439024392,44.506470588235295
3.1475248500000816,2.5917232971191404,13.65532916870117,3.1364041748046874,-71.82926829268294,-32.6829268292683,-7.743902439024391,44.48294117647059
3.1612815349999437,-2.0661960327148434,1.5215151550292967,1.3970166687011718,24.451219512195124,-11.341463414634147,-26.646341463414636,44.494705882352946
3.1750244239999574,-1.85790048828125,7.660846762084961,4.055777612304687,7.500000000000001,-29.634146341463417,-18.353658536585368,44.50058823529412
3.1888390910000908,-0.037110125732421874,-4.517858532714843,-7.581239556884765,23.84146341463415,-16.82926829268293,1.829268292682927,44.48294117647059
3.2026249240000197,0.3076549133300781,5.758054992675781,1.944091748046875,55.426829268292686,-9.329268292682928,-19.939024390243905,44.50058823529412
3.2163803680000456,7.0652890991210935,19.056648114013672,4.308365887451171,-40.243902439024396,19.634146341463417,40.60975609756098,44.50058823529412
3.2301494789999197,4.6459483215332025,11.413159313964844,-7.758410479736328,-45.60975609756098,44.146341463414636,65.73170731707317,44.48882352941177
3.24397046099989,0.45489831542968745,-2.558204473876953,-0.04668693237304687,58.71951219512196,61.09756097560976,71.34146341463415,44.48294117647059
3.257780830999991,-0.04668693237304687,19.61270144958496,5.017049578857422,-31.280487804878053,65.97560975609757,-6.951219512195123,44.47705882352941
3.2715461279999545,1.974019268798828,10.803834991455078,-8.744821563720702,-37.926829268292686,-5.0,-40.243902439024396,44.50058823529412
3.285278293999909,-2.768894219970703,-11.125855114746093,7.049726788330077,46.03658536585366,-63.17073170731708,-9.26829268292683,44.494705882352946
3.2990417020000677,0.06105214233398437,6.603208178710937,-2.0973206542968748,-30.487804878048784,-56.951219512195124,-34.32926829268293,44.494705882352946
3.312828053999965,-0.5925649108886718,19.61270144958496,3.0226795959472654,-19.207317073170735,-45.36585365853659,-28.475609756097562,44.48294117647059
3.3265695350000897,1.1168950744628905,4.036623999023437,0.22505495605468748,58.78048780487806,-24.390243902439025,-46.707317073170735,44.48882352941177
3.3403085719999126,0.9804255798339843,7.814075668334961,7.013813763427734,61.463414634146346,-19.75609756097561,-3.414634146341464,44.50058823529412
3.3540653309999016,0.6428431457519531,-0.3495534423828125,-9.170989459228515,-37.86585365853659,-12.073170731707318,46.768292682926834,44.494705882352946
3.367798035000078,2.427720483398437,-4.492719415283203,-6.099228729248047,-0.6707317073170732,70.1219512195122,63.10975609756098,44.494705882352946
3.381547850000061,0.18555062866210936,12.885593334960937,4.20062681274414,31.158536585365855,87.6219512195122,11.52439024390244,44.453529411764706
3.3952916460000324,-3.1771056030273437,19.540276849365235,-2.4492682983398435,-54.69512195121952,25.792682926829272,14.085365853658537,44.48294117647059
3.4092492199999924,-1.3682862487792968,-6.5768719604492185,1.678335363769531,81.15853658536587,20.30487804878049,36.15853658536586,44.47705882352941
3.423226090000071,-2.4444798950195312,19.61270144958496,2.7856536315917966,-50.487804878048784,9.146341463414634,-38.10975609756098,44.53
3.4371806280000783,-3.5589807678222654,2.7928362365722657,1.838746875,-13.78048780487805,-67.98780487804879,-66.58536585365854,44.48882352941177
3.4510904789999586,0.062249243164062495,10.388441003417968,2.8790274963378906,9.878048780487806,-91.70731707317074,-11.76829268292683,44.494705882352946
3.464865515999918,3.7014357666015623,-4.800374328613281,2.069787335205078,69.45121951219512,-39.146341463414636,-15.243902439024392,44.512352941176474
3.4786013679999996,0.6189011291503906,-4.466383197021484,-8.37611450805664,75.1219512195122,-26.219512195121954,-13.841463414634148,44.494705882352946
3.492307035000067,1.150413897705078,19.61270144958496,2.327164013671875,-115.97560975609757,15.79268292682927,46.40243902439025,44.47705882352941
3.506023275999951,-2.421734979248047,18.947711938476562,2.7736826232910157,-8.536585365853659,52.37804878048781,30.365853658536587,44.47705882352941
3.5197800349999397,1.291671795654297,-6.2213330139160155,4.319139794921875,56.21951219512196,39.146341463414636,54.39024390243903,44.47705882352941
3.533549831000073,-1.236605157470703,14.463372229003905,1.274912384033203,-16.03658536585366,34.207317073170735,38.53658536585366,44.47705882352941
3.547302850000051,0.604535919189453,15.927426544189451,2.0973206542968748,-1.1585365853658538,47.01219512195122,29.26829268292683,44.48882352941177
3.561039572000027,2.1787235107421874,19.61270144958496,8.213308795166014,57.6219512195122,20.731707317073173,-24.451219512195124,44.506470588235295
3.5747916640000312,-3.630806817626953,7.0078282592773435,-8.647856396484375,-57.804878048780495,-43.59756097560976,-60.79268292682927,44.494705882352946
3.5885611829999107,-1.0941501586914062,4.993107562255859,1.6316484313964843,24.573170731707318,-44.69512195121952,-67.13414634146342,44.47117647058823
3.602309719999994,0.9744400756835937,19.61270144958496,11.741164941406248,-31.09756097560976,-69.26829268292684,22.134146341463417,44.48882352941177
3.6160744240000895,-0.5291185668945312,19.61270144958496,17.029956408691405,57.43902439024391,-38.04878048780488,-29.939024390243905,44.47117647058823
3.629876867999883,0.055066638183593745,-7.68658442993164,3.034650604248047,113.65853658536587,-35.243902439024396,-24.695121951219516,44.47117647058823
3.64369925699998,-2.2170307373046874,19.61270144958496,0.08379705810546874,-97.8048780487805,-12.865853658536587,45.243902439024396,44.47705882352941
3.657446164000021,1.1935095275878906,6.88213267211914,-0.44891281127929683,-20.426829268292686,68.53658536585367,60.060975609756106,44.48294117647059
3.6711810720000813,0.17836802368164062,6.1638721740722655,2.474407415771484,56.707317073170735,76.03658536585367,12.865853658536587,44.47705882352941
3.684933886999943,-1.4879963317871092,19.517531933593748,-1.4508862060546874,-35.79268292682927,64.57317073170732,34.63414634146342,44.48882352941177
3.698671923999882,-0.7529764221191406,0.8355763793945312,-1.6340426330566404,85.60975609756099,50.85365853658537,-23.04878048780488,44.512352941176474
3.7124313679998977,0.488417138671875,9.446322650146485,-11.403582507324218,-89.39024390243904,-40.426829268292686,-33.04878048780488,44.506470588235295
3.7261932940000406,0.958877764892578,1.8471265808105468,-2.512714642333984,-40.670731707317074,-42.6219512195122,-67.25609756097562,44.48882352941177
3.740419664000001,-0.027533319091796873,3.020285394287109,5.295974072265625,46.58536585365854,-64.26829268292684,-5.731707317073171,44.50058823529412
3.7557118309998714,0.5327098693847656,6.97790073852539,2.625242120361328,-10.121951219512196,-53.59756097560976,-26.89024390243903,44.494705882352946
3.771046589999969,-0.49320554199218747,-0.9876081848144531,0.04189852905273437,95.73170731707317,-33.35365853658537,-15.060975609756099,44.48294117647059
3.786342126999898,4.624400506591797,17.41063447265625,-11.73996784057617,-108.84146341463416,57.987804878048784,50.91463414634147,44.47705882352941
3.801670664000085,-0.13407529296874998,4.1383775695800775,-2.5725696838378904,-20.182926829268293,67.6219512195122,29.695121951219516,44.48882352941177
3.8170447200000126,-0.8990227233886718,19.61270144958496,6.912060192871094,9.878048780487806,22.195121951219512,21.28048780487805,44.48882352941177
3.8323399420000896,-0.6368576416015624,4.46279189453125,1.3814543579101561,61.40243902439025,4.75609756097561,57.926829268292686,44.50058823529412
3.8466164609999396,2.3738509460449215,19.61270144958496,-0.9923965881347656,-16.34146341463415,7.500000000000001,2.8658536585365857,44.48294117647059
3.8603407569999035,3.3411084167480465,8.180987072753906,-2.8275521606445313,-34.207317073170735,14.756097560975611,-28.170731707317074,44.47117647058823
3.874087645999907,1.1611878051757811,2.6671406494140624,3.5110967346191404,14.878048780487806,23.170731707317074,-69.20731707317074,44.48294117647059
3.888095071999942,-0.6643909606933593,13.898340637207031,-3.0142998901367184,15.243902439024392,-62.6219512195122,-12.378048780487806,44.47705882352941
3.901926497999966,-0.06823474731445311,-0.5602431884765625,-4.197035510253906,50.60975609756098,-44.93902439024391,-32.13414634146342,44.50058823529412
3.9156948120000834,0.39983167724609375,11.411962213134766,2.416946575927734,34.207317073170735,-25.121951219512198,-29.207317073170735,44.48882352941177
3.929446941999913,-1.47482822265625,5.999869360351562,-7.9104422851562495,-35.85365853658537,-3.536585365853659,33.04878048780488,44.518235294117645
3.9431962379999277,1.849520782470703,9.970652813720703,1.618480322265625,-63.10975609756098,42.987804878048784,67.25609756097562,44.506470588235295
3.95705762700004,0.7613561279296874,17.228675146484374,7.293935357666015,7.621951219512196,56.82926829268293,-7.25609756097561,44.494705882352946
3.9708498859999963,0.30047230834960936,9.185354669189453,-6.226121417236328,-61.82926829268293,-8.597560975609756,21.463414634146343,44.512352941176474
3.9846953119999853,4.557362860107421,11.978190905761718,-0.928950244140625,1.3414634146341464,13.353658536585368,52.31707317073171,44.506470588235295
3.9984763309998925,1.0773907470703123,19.61270144958496,12.650961572265624,47.25609756097561,7.500000000000001,-10.365853658536587,44.48882352941177
4.012226516000055,-0.7673416320800781,-3.017891192626953,-5.662286926269531,23.658536585365855,-20.426829268292686,-39.207317073170735,44.506470588235295
4.025977294000086,1.1384428894042968,1.3826514587402343,0.7038952880859375,-6.097560975609756,-10.182926829268293,-55.1829268292683,44.50058823529412
4.039760256999898,-1.3575123413085937,18.186355810546875,-13.576320513916015,-41.15853658536586,-25.853658536585368,-43.23170731707317,44.494705882352946
4.053517293999903,-0.9265560424804687,-2.934094134521484,-4.774038110351563,74.45121951219512,-58.41463414634147,-9.146341463414634,44.47705882352941
4.067257331000064,10.873266839599609,13.18367144165039,-3.058592620849609,-60.426829268292686,32.43902439024391,38.71951219512196,44.48294117647059
4.080999942000062,-2.1583727966308595,13.788207360839843,4.357447021484375,-23.04878048780488,50.1219512195122,25.121951219512198,44.506470588235295
4.094733274999953,0.7302315063476562,0.6715735656738281,8.021772662353515,23.902439024390247,45.54878048780488,21.82926829268293,44.506470588235295
4.108492571999932,-1.9141642272949217,-1.9776105712890624,-5.941211419677734,8.170731707317074,5.426829268292684,21.28048780487805,44.48294117647059
4.1222292749998815,0.9373299499511718,1.3778630554199218,1.4712369201660156,35.79268292682927,21.707317073170735,50.91463414634147,44.48882352941177
4.135986478999939,0.6428431457519531,8.1594392578125,-3.5027170288085934,59.268292682926834,26.219512195121954,46.58536585365854,44.494705882352946
4.150924885999984,-0.709880792236328,19.61270144958496,-9.932345587158203,-72.98780487804879,9.756097560975611,-17.98780487804878,44.494705882352946
4.166227256999946,1.2832920898437499,3.8953661010742184,-4.6076410949707025,-2.804878048780488,-7.073170731707318,-64.57317073170732,44.518235294117645
4.181524311999965,-1.1635820068359375,0.8930372192382812,-0.38786066894531246,34.451219512195124,-78.47560975609757,-57.743902439024396,44.494705882352946
4.196822700999974,0.8595183959960937,18.02953560180664,-1.4137760803222656,-10.487804878048781,-77.5,-29.634146341463417,44.494705882352946
4.212106997000092,8.576030346679687,5.3019595764160155,-11.218031878662108,-79.69512195121952,55.97560975609757,46.89024390243903,44.506470588235295
4.227419349000002,-5.722141967773437,10.369287390136718,1.5155296508789062,-59.024390243902445,43.47560975609756,20.853658536585368,44.48882352941177
4.242417645999922,0.9325415466308593,19.61270144958496,15.580267303466796,-44.93902439024391,38.71951219512196,2.6219512195121952,44.50058823529412
4.256184738000002,3.4105402648925778,2.598905902099609,-2.9089550170898435,45.426829268292686,24.32926829268293,37.5609756097561,44.494705882352946
4.269927422999899,-0.9181763366699218,7.8733321594238275,8.98304462890625,53.04878048780488,20.182926829268293,19.26829268292683,44.512352941176474
4.283668719999923,-0.05626373901367187,2.2397756530761717,-1.9680337646484374,-5.7926829268292686,11.52439024390244,21.03658536585366,44.48882352941177
4.297413127000027,-0.9097966308593749,19.61270144958496,11.465831750488281,-27.500000000000004,5.182926829268293,-29.81707317073171,44.506470588235295
4.311181497000007,2.3235727111816407,3.8798037902832028,-12.032060443115233,-58.53658536585366,-37.5609756097561,-57.6219512195122,44.494705882352946
4.3249337939998895,-0.6428431457519531,-0.2166752502441406,1.20667763671875,38.170731707317074,-47.6829268292683,-69.93902439024392,44.48882352941177
4.338678905000052,-0.06703764648437499,0.9445125549316405,-0.2980781066894531,60.91463414634147,-50.79268292682927,47.6829268292683,44.512352941176474
4.352431775000014,1.7322049011230467,9.016563452148437,-6.87614716796875,-1.0975609756097562,-19.634146341463417,42.50000000000001,44.512352941176474
4.366166607999958,-0.2657563842773437,-4.35385571899414,-1.6531962463378904,-26.82926829268293,-8.78048780487805,25.48780487804878,44.512352941176474
4.379913256999998,5.060145208740234,19.61270144958496,-3.436876483154297,-68.35365853658537,32.5609756097561,31.58536585365854,44.48882352941177
4.393665200999976,0.5566518859863281,-0.105344873046875,-2.8993782104492185,35.0609756097561,50.79268292682927,18.475609756097562,44.494705882352946
4.407418145000065,-0.8008604553222656,19.61270144958496,9.368511096191405,-60.304878048780495,52.86585365853659,6.646341463414635,44.48882352941177
4.421157978999872,-4.205415216064453,-0.26216508178710934,-6.807912420654296,0.853658536585366,7.195121951219513,11.829268292682928,44.506470588235295
4.434897886000044,2.290053887939453,12.143390820312499,-2.7916391357421872,23.170731707317074,21.76829268292683,38.90243902439025,44.506470588235295
4.449687238000024,0.32082302246093747,19.61270144958496,19.595343487548828,-82.31707317073172,-5.731707317073171,-43.170731707317074,44.494705882352946
4.464992089999896,-2.9508535461425778,6.9168485961914055,-9.841365924072266,-27.865853658536587,-69.02439024390245,-87.6829268292683,44.512352941176474
4.480277497000088,0.015562310791015624,2.6036943054199218,1.868674395751953,39.51219512195122,-63.10975609756098,-5.365853658536586,44.50058823529412
4.495596626999941,7.058106494140625,-0.011971008300781249,-3.4811692138671875,-21.890243902439025,45.60975609756098,38.59756097560976,44.48294117647059
4.510891349000076,0.5770026000976562,-4.046200805664062,-1.695094775390625,7.134146341463415,40.54878048780488,18.902439024390244,44.494705882352946
4.526187644999936,-0.2166752502441406,19.61270144958496,-0.3842693664550781,-80.60975609756099,39.93902439024391,9.878048780487806,44.518235294117645
4.541417331000048,-2.0171148986816405,6.264428643798828,0.9600748657226562,14.26829268292683,8.658536585365855,38.23170731707317,44.494705882352946
4.555168349000041,0.055066638183593745,14.271836096191405,4.879382983398437,-16.463414634146343,13.109756097560977,12.865853658536587,44.50058823529412
4.568905033999954,0.9121908325195311,0.13287819213867186,-3.6810850524902343,78.53658536585367,12.073170731707318,34.69512195121951,44.494705882352946
4.582665959999986,1.4736311218261717,7.542932330322265,1.5131354492187499,40.1219512195122,23.29268292682927,25.365853658536587,44.506470588235295
4.596402997000041,2.461239306640625,11.895590948486328,-18.383877447509764,-54.146341463414636,-12.865853658536587,-35.36585365853659,44.50058823529412
4.61016103399993,-3.3195606018066406,-3.5972879943847653,-0.6440402465820312,19.512195121951223,-56.524390243902445,-68.47560975609757,44.494705882352946
4.6238998680000805,0.8702923034667969,-0.7206546997070312,0.3459621398925781,53.90243902439025,-58.53658536585366,15.79268292682927,44.512352941176474
4.637643275000073,2.2553379638671873,1.5574281799316405,1.1360486877441405,-38.35365853658537,-18.658536585365855,38.65853658536586,44.506470588235295
4.651408145000005,5.659892724609374,13.141772912597656,3.6810850524902343,-15.243902439024392,37.19512195121951,15.914634146341465,44.48294117647059
4.665428070999951,1.0115502014160156,-3.5248633941650387,8.684966522216797,9.207317073170733,33.963414634146346,7.8048780487804885,44.50058823529412
4.679201590000048,2.0159177978515626,4.565742565917969,-9.677363110351562,-13.231707317073171,10.548780487804878,17.804878048780488,44.506470588235295
4.692936460000055,0.36391865234375,7.398083129882812,4.4376527770996095,34.87804878048781,9.207317073170733,35.487804878048784,44.512352941176474
4.706673867000063,1.301248602294922,19.61270144958496,6.946776116943359,-35.670731707317074,12.987804878048781,-4.2682926829268295,44.48882352941177
4.720430459999989,0.622492431640625,1.8171990600585937,0.7230489013671875,66.40243902439025,7.25609756097561,-7.682926829268293,44.512352941176474
4.734252718999869,-0.6823474731445313,7.325059979248047,2.8526912780761715,76.28048780487805,-9.146341463414634,-21.707317073170735,44.494705882352946
4.748046053000053,0.4848258361816406,3.0418332092285154,-3.9552211425781247,-10.0,-21.219512195121954,-51.21951219512196,44.512352941176474
4.76179038600003,-4.053383410644531,13.715184210205077,4.244919543457031,54.51219512195122,-58.53658536585366,-50.97560975609756,44.512352941176474
4.775599866999983,3.84987626953125,7.293935357666015,-13.406332196044922,-54.32926829268293,23.902439024390247,46.463414634146346,44.506470588235295
4.789399107999998,0.9205705383300781,-1.4329296936035156,-2.455253802490234,-5.548780487804878,39.51219512195122,18.78048780487805,44.506470588235295
4.803160774999924,-3.096899847412109,-0.7673416320800781,-7.882908966064453,-11.036585365853659,35.91463414634147,-13.902439024390246,44.494705882352946
4.8168951269999525,0.6967126831054687,19.61270144958496,10.23401499633789,31.52439024390244,15.060975609756099,15.426829268292684,44.494705882352946
4.830646792999914,-0.45489831542968745,4.707000463867187,-8.238447912597655,-21.707317073170735,14.085365853658537,13.963414634146343,44.50058823529412
4.844414774999905,-0.8834604125976562,14.844050292968749,7.4794859863281244,10.670731707317074,2.3170731707317076,52.804878048780495,44.50058823529412
4.8581593859998975,0.33518823242187495,19.61270144958496,10.568006127929687,13.353658536585368,15.060975609756099,10.609756097560977,44.512352941176474
4.871898940999927,0.3387795349121094,-3.2908301818847656,-2.6982652709960937,54.75609756097561,6.341463414634147,-5.060975609756098,44.52411764705882
4.885657367000022,-0.1640028137207031,19.563021765136718,-16.686388470458983,-83.10975609756099,-62.865853658536594,-55.426829268292686,44.494705882352946
4.899455293000074,1.7669208251953124,8.31865366821289,-13.94861887207031,27.743902439024392,-100.73170731707317,-76.46341463414635,44.48882352941177
4.913238274999912,11.897985150146484,19.61270144958496,5.17746109008789,-88.17073170731707,-15.853658536585368,17.804878048780488,44.50058823529412
4.9269742750000205,-0.08738836059570312,13.04959614868164,0.6512228515624999,-12.865853658536587,54.085365853658544,26.76829268292683,44.48882352941177
4.940788422999958,-4.298789080810547,8.525752111816406,-4.952406134033203,-44.69512195121952,12.256097560975611,11.76829268292683,44.518235294117645
4.955967644999873,-0.21068974609375,19.61270144958496,-2.806004345703125,-54.146341463414636,8.353658536585366,18.719512195121954,44.518235294117645
4.971267014999967,1.6723498596191406,19.61270144958496,-8.327033374023436,-47.31707317073171,10.365853658536587,9.756097560975611,44.512352941176474
4.986551275000011,0.29448680419921874,3.451241693115234,2.327164013671875,52.804878048780495,4.939024390243903,35.73170731707317,44.494705882352946
5.001844551999966,0.6631938598632812,19.48401311035156,-7.746439471435546,-45.1219512195122,18.963414634146343,10.24390243902439,44.494705882352946
