0.015508500000123604,-2.948459344482422,18.254590557861327,1.6340426330566404,-18.04878048780488,-28.475609756097562,-2.6219512195121952,44.230000000000004
0.0310407590000068,2.1823148132324217,18.11213555908203,6.37815322265625,21.03658536585366,-18.963414634146343,0.06097560975609757,44.224117647058826
0.04666566700007024,2.6431986328124997,15.035586425781249,4.939238024902344,19.81707317073171,-12.256097560975611,13.963414634146343,44.25352941176471
0.0619887220000237,1.5598223815917969,0.4644751220703125,0.5410895751953124,110.79268292682927,-7.073170731707318,1.0365853658536586,44.24764705882353
0.07465181500015206,1.9692308654785156,19.61270144958496,-0.9540893615722655,76.21951219512196,23.53658536585366,64.57317073170732,44.24764705882353
0.08733438900003421,-19.6133,19.61270144958496,-16.44696830444336,-47.86585365853659,-4.329268292682928,-32.5,44.24176470588235
0.10023124100007408,2.588131994628906,-0.09457096557617187,-1.2785036865234374,-84.02439024390245,-2.6219512195121952,-15.731707317073171,44.24764705882353
0.11320724100005464,1.7477672119140624,4.339490509033203,-0.8355763793945312,-40.1829268292683,15.54878048780488,41.890243902439025,44.235882352941175
0.12782198100012465,0.9181763366699218,19.61270144958496,5.524620330810547,-61.34146341463415,-9.878048780487806,-13.231707317073171,44.25352941176471
0.1408238330000131,-0.2645592834472656,0.47884033203125,-1.0857704528808594,27.25609756097561,-8.902439024390244,-0.7926829268292683,44.27117647058824
0.1534502040001371,-0.9097966308593749,12.260706701660155,-1.5107412475585937,-6.341463414634147,-0.426829268292683,-3.2926829268292686,44.25352941176471
0.1648100740001155,-0.2813186950683594,1.7908628417968748,-4.329913702392578,44.93902439024391,-16.03658536585366,-5.975609756097562,44.25941176470588
0.17181716599998254,0.23223756103515625,11.799822882080077,3.939658831787109,94.69512195121952,-12.987804878048781,-4.146341463414634,44.24764705882353
0.17883253700006208,-0.4261678955078125,8.632294085693358,1.0989385620117187,61.40243902439025,-10.30487804878049,-14.085365853658537,44.24764705882353
0.18590218500003175,0.07781155395507812,4.025850091552734,-2.129642376708984,70.60975609756098,-9.878048780487806,-4.451219512195122,44.24764705882353
0.19289188900006593,3.746925598144531,19.61270144958496,-6.110002636718749,17.5,30.0609756097561,86.46341463414635,44.25352941176471
0.1998833889999787,-19.6133,12.919112158203124,-3.0047230834960934,-58.53658536585366,-12.195121951219512,2.5609756097560976,44.25352941176471
0.20676670400007424,1.8758570007324218,0.5374982727050781,-3.2932243835449215,-76.40243902439025,-26.82926829268293,-11.28048780487805,44.25352941176471
0.21357316600006016,-0.6344634399414062,5.367800122070312,3.038241906738281,-78.65853658536587,-27.80487804878049,-15.914634146341465,44.224117647058826
0.22039427799995792,0.2861070983886719,5.941211419677734,-8.696937530517578,-54.146341463414636,-27.926829268292686,-10.182926829268293,44.235882352941175
0.22724631500000214,1.5861585998535155,4.132392065429687,0.834379278564453,-6.646341463414635,-8.170731707317074,25.000000000000004,44.24764705882353
0.23416792600005465,1.2737152832031249,19.61270144958496,0.14724340209960937,-45.85365853658537,-6.2804878048780495,-1.524390243902439,44.235882352941175
0.2411129439999513,1.820790362548828,-1.7118541870117185,-5.257666845703125,-37.07317073170732,-2.8658536585365857,-2.804878048780488,44.26529411764706
0.24794866599995657,0.8511386901855468,5.951985327148437,0.6643909606933593,5.426829268292684,2.25609756097561,-6.402439024390245,44.26529411764706
0.2547682409999652,0.4860229370117187,7.522581616210937,0.5123591552734374,-30.792682926829272,4.329268292682928,-4.817073170731708,44.235882352941175
0.261641796000049,0.9002198242187499,-3.4620156005859375,-6.823474731445312,-22.134146341463417,6.707317073170732,-7.378048780487806,44.235882352941175
0.26845801800004665,0.9804255798339843,13.524845178222655,3.2333693420410152,25.121951219512198,8.170731707317074,-9.695121951219512,44.235882352941175
0.2752745000000232,0.8798691101074219,-0.6296750366210937,-1.3287819213867187,32.5,8.963414634146343,-3.048780487804878,44.24764705882353
0.28209433300003184,-0.3591302490234375,16.207548138427732,2.511517541503906,61.524390243902445,7.01219512195122,-10.30487804878049,44.24176470588235
0.289002574000051,-0.2765302917480469,7.969100225830077,-2.8371289672851563,29.634146341463417,4.939024390243903,-8.231707317073171,44.25941176470588
0.29588829599993005,-0.22505495605468748,0.622492431640625,-2.935291235351562,57.6829268292683,6.7682926829268295,-0.9756097560975611,44.25352941176471
0.30296714800010704,-0.5255272644042969,7.4974424987792965,-0.39145197143554683,97.01219512195122,3.2926829268292686,-5.182926829268293,44.24176470588235
0.31009824000011577,10.447098944091795,19.61270144958496,3.6858734558105466,62.926829268292686,32.01219512195122,88.04878048780489,44.24764705882353
0.3175974440000573,-11.538854901123047,19.61270144958496,-5.665878228759765,-28.353658536585368,-13.536585365853659,-8.109756097560977,44.25941176470588
0.32447620300013114,-1.618480322265625,10.307038146972655,-0.29568390502929687,-71.40243902439025,-25.182926829268293,-18.475609756097562,44.24176470588235
0.3313007030001245,2.6755203552246094,2.0973206542968748,0.6619967590332031,-61.463414634146346,-26.158536585365855,-7.439024390243903,44.235882352941175
0.3381342960001348,4.040215301513672,7.692569934082031,-1.675941162109375,-61.40243902439025,-9.817073170731708,19.573170731707318,44.24176470588235
0.34502720299997236,0.737414111328125,0.411802685546875,-3.7888241271972656,-38.90243902439025,-7.560975609756098,31.03658536585366,44.230000000000004
0.3519213150000269,-2.4863784240722655,19.61270144958496,0.06703764648437499,-7.865853658536586,-12.865853658536587,1.1585365853658538,44.24764705882353
0.3587628519999271,1.656787548828125,10.007762939453125,-2.023100402832031,-35.1829268292683,-7.743902439024391,-5.060975609756098,44.24764705882353
0.36558677700008957,1.4377180969238281,2.8514941772460936,0.6859387756347656,28.353658536585368,-5.548780487804878,-8.841463414634147,44.24176470588235
0.37242788899993684,3.4452561889648434,19.61270144958496,6.054935998535156,20.670731707317074,-0.6097560975609757,-4.146341463414634,44.26529411764706
0.37926729600008,0.8571241943359375,10.95466969604492,-6.045359191894531,-45.1829268292683,3.1707317073170733,-8.353658536585366,44.25352941176471
0.38610040699995807,1.5179238525390624,-2.366668341064453,-3.7529111022949215,11.52439024390244,7.439024390243903,-16.585365853658537,44.224117647058826
0.39291587000002437,0.6404489440917969,9.472658868408203,2.147598889160156,36.34146341463415,12.256097560975611,-22.500000000000004,44.224117647058826
0.39974974000006114,1.4281412902832031,11.81059678955078,1.0043675964355467,34.51219512195122,13.04878048780488,-13.597560975609758,44.224117647058826
0.4065859070001352,0.5877765075683593,2.261323468017578,-0.6081272216796875,36.951219512195124,14.634146341463415,-15.731707317073171,44.21823529411765
0.4134178140000131,0.11851298217773437,1.236605157470703,-1.1695675109863282,77.8658536585366,16.82926829268293,-22.621951219512198,44.24176470588235
0.42025136999995993,1.3275848205566405,19.61270144958496,-12.33372985229492,116.89024390243904,21.34146341463415,-3.8414634146341466,44.235882352941175
0.4270807220000279,1.8195932617187498,19.61270144958496,2.91134921875,34.268292682926834,83.04878048780489,78.17073170731707,44.235882352941175
0.43391512900007,1.39821376953125,0.30406361083984373,-8.476670977783202,-2.6219512195121952,88.17073170731707,80.1219512195122,44.24764705882353
0.44074750000004315,3.3770214416503905,19.61270144958496,4.717774371337891,38.35365853658537,44.024390243902445,-5.975609756097562,44.25941176470588
0.44758020300014323,1.1791443176269532,4.927267016601562,1.291671795654297,-31.402439024390247,28.780487804878053,-16.34146341463415,44.224117647058826
0.4544148889999633,0.8690952026367187,4.511873028564453,2.9544448486328125,-48.78048780487805,28.84146341463415,-18.04878048780488,44.24176470588235
0.46124909200011643,-2.418143676757812,11.797428680419921,-2.9568390502929685,-77.01219512195122,26.58536585365854,-10.365853658536587,44.21823529411765
0.4682700920000116,1.2330138549804688,9.203311181640624,-1.16837041015625,-71.58536585365854,9.26829268292683,-0.3658536585365854,44.24764705882353
0.47512062900000274,0.8355763793945312,2.6108769104003904,-2.3690625427246093,-45.97560975609756,8.597560975609756,-1.829268292682927,44.24176470588235
0.4819564629999604,-0.07062894897460938,12.376825482177734,1.0474632263183594,-8.719512195121952,7.195121951219513,-12.256097560975611,44.224117647058826
0.48879037000006065,0.7158662963867187,7.162254266357421,0.430956298828125,-19.207317073170735,8.475609756097562,-11.158536585365855,44.24764705882353
0.4956227770001078,1.656787548828125,4.023455889892578,-2.5354595581054684,-8.048780487804878,11.707317073170733,-13.597560975609758,44.25352941176471
0.502902296000002,0.22385785522460935,3.9181110168457027,-0.39145197143554683,38.170731707317074,15.243902439024392,-19.02439024390244,44.24764705882353
0.5097421110001505,0.3711012573242187,4.92846411743164,3.584119885253906,56.03658536585366,13.902439024390246,-12.378048780487806,44.224117647058826
0.516559443999995,-0.93852705078125,17.21191573486328,6.362590911865234,38.41463414634147,14.451219512195124,-14.817073170731708,44.24176470588235
0.5233765739999399,1.6998831787109374,-6.008249066162109,-6.757634185791015,55.304878048780495,16.82926829268293,-13.536585365853659,44.24176470588235
0.5301912590000484,-0.7529764221191406,6.4356140625,0.939724151611328,101.21951219512196,17.31707317073171,-18.597560975609756,44.24764705882353
0.537018628999931,0.7613561279296874,9.666589202880859,2.6096798095703124,101.03658536585367,29.32926829268293,16.646341463414636,44.24764705882353
0.5439282590000403,-0.08020575561523437,19.61270144958496,0.6655880615234374,-28.170731707317074,60.426829268292686,82.6829268292683,44.224117647058826
0.5519977769999969,-13.678074084472655,17.99721387939453,-19.6133,-60.00000000000001,32.6219512195122,5.731707317073171,44.224117647058826
0.5590601850001349,-3.3973721557617185,8.544905725097657,3.7517140014648436,-26.402439024390247,11.28048780487805,-40.79268292682927,44.24764705882353
0.566188129000011,1.2773065856933592,3.9468414367675777,-2.615665313720703,-46.09756097560976,19.390243902439025,-0.9146341463414634,44.24176470588235
0.5730503330000829,0.48243163452148435,1.927332336425781,0.31004911499023435,-56.951219512195124,22.98780487804878,2.1951219512195124,44.235882352941175
0.5798859260000881,-0.5422866760253906,15.624560034179687,-5.468356591796875,-64.69512195121952,13.841463414634148,-3.536585365853659,44.24176470588235
0.5867356290000316,3.687070556640625,4.540603448486328,-1.753752716064453,-60.365853658536594,7.439024390243903,-6.036585365853659,44.26529411764706
0.593634388000055,0.3591302490234375,6.9168485961914055,-2.069787335205078,-35.0609756097561,7.073170731707318,-2.7439024390243905,44.24176470588235
0.6004782400000295,1.8243816650390623,7.433996154785156,-0.7517793212890624,-25.60975609756098,8.231707317073171,-4.695121951219512,44.25352941176471
0.6072987400000329,1.5586252807617187,7.936778503417968,0.373495458984375,-4.451219512195122,11.341463414634147,-9.51219512195122,44.24764705882353
0.6141132960001414,0.6787561706542968,5.517437725830078,-2.7641058166503907,4.75609756097561,13.841463414634148,-7.195121951219513,44.230000000000004
0.6209287220001443,1.5789759948730469,7.1023992248535155,1.370680450439453,31.03658536585366,15.182926829268293,-13.902439024390246,44.224117647058826
0.6277574250000271,-0.029927520751953124,10.963049401855468,2.1631611999511717,30.182926829268297,13.902439024390246,-11.341463414634147,44.235882352941175
0.63459779599998,0.00718260498046875,6.166266375732421,0.277727392578125,39.51219512195122,13.841463414634148,-3.1707317073170733,44.235882352941175
0.6414452220001294,0.047884033203124995,5.843049151611328,0.5746083984375,45.487804878048784,16.70731707317073,-12.01219512195122,44.24764705882353
0.6482871480000085,1.0043675964355467,-4.298789080810547,-3.902548706054687,90.91463414634147,18.414634146341466,-8.170731707317074,44.24176470588235
0.6551362220000101,-0.26695348510742184,19.61270144958496,0.41539398803710936,126.64634146341464,17.804878048780488,-4.451219512195122,44.24176470588235
0.6619760739999947,-1.8160019592285155,19.61270144958496,5.143942266845703,84.39024390243902,65.1219512195122,63.53658536585366,44.235882352941175
0.6688111660000686,-18.94292353515625,19.61270144958496,-18.953697442626954,-52.31707317073171,23.902439024390247,-23.78048780487805,44.24176470588235
0.6756454070000473,-0.4644751220703125,5.528211633300781,-3.180696905517578,-74.57317073170732,12.621951219512196,-42.13414634146342,44.25352941176471
0.6824793509999836,1.9692308654785156,-0.7948749511718749,-1.3766659545898436,-89.02439024390245,20.48780487804878,-12.378048780487806,44.25352941176471
0.6893114810000043,4.92247861328125,5.736507177734374,-2.9652187561035155,-50.304878048780495,30.121951219512198,8.963414634146343,44.235882352941175
0.6961449069999617,-1.4185644836425781,3.957615344238281,-4.285620971679688,-41.707317073170735,30.121951219512198,20.60975609756098,44.235882352941175
0.7030208700000458,1.3658920471191405,19.61270144958496,0.09696516723632811,-41.524390243902445,11.463414634146343,-7.317073170731708,44.24764705882353
0.7098468330000287,2.1416133850097654,7.595604766845702,-4.377797735595703,-40.0,15.670731707317074,-14.817073170731708,44.25352941176471
0.7166618700000527,0.013168109130859374,2.098517755126953,-0.003591302490234375,6.158536585365854,12.865853658536587,1.2195121951219514,44.27117647058824
0.723477037000066,-0.44891281127929683,14.510059161376953,2.464830609130859,0.30487804878048785,8.109756097560977,-4.024390243902439,44.25352941176471
0.7302930180001113,1.1432312927246093,-0.31483751831054685,-4.484339709472656,-33.41463414634146,6.036585365853659,-3.536585365853659,44.24764705882353
0.737119648000089,2.7042507751464844,7.277175946044921,-1.045069024658203,5.487804878048781,7.073170731707318,-1.2804878048780488,44.235882352941175
0.7439553510000678,-0.12210428466796874,11.549628808593749,3.4488474914550777,2.1341463414634148,7.865853658536586,-5.731707317073171,44.24764705882353
0.7508067400001437,-0.020350714111328123,-5.124788653564453,-1.7429788085937499,72.13414634146342,7.926829268292684,-5.121951219512195,44.25352941176471
0.7576421850001225,0.2609679809570312,9.540893615722656,6.9731123352050774,115.1829268292683,5.609756097560976,11.76829268292683,44.24764705882353
0.7644776849999744,0.27293898925781246,7.842207537841796,0.23343466186523437,73.53658536585367,6.829268292682928,10.792682926829269,44.24764705882353
0.7712899250000191,7.184999182128906,19.61270144958496,-3.1292215698242187,78.10975609756099,6.463414634146342,39.207317073170735,44.25352941176471
0.7781101289999697,-19.6133,19.61270144958496,-19.42774937133789,-82.31707317073172,-4.146341463414634,-8.536585365853659,44.235882352941175
0.7849312220000684,-4.295197778320312,2.7928362365722657,-7.190984686279297,-115.79268292682927,-11.890243902439025,-19.512195121951223,44.235882352941175
0.791769499000111,0.023942016601562498,0.719457598876953,2.6755203552246094,-96.82926829268294,-12.500000000000002,-21.463414634146343,44.24176470588235
0.7985977400001047,-0.05985504150390625,-3.1926679138183593,-1.6891092712402342,-64.9390243902439,-12.865853658536587,-20.60975609756098,44.24764705882353
0.805419018000066,-0.4584896179199218,6.9731123352050774,-4.180276098632812,-18.29268292682927,-11.036585365853659,-18.902439024390244,44.25941176470588
0.8122510360001343,3.1830911071777344,11.142614526367186,2.929305731201172,-11.219512195121952,4.085365853658537,46.03658536585366,44.25941176470588
0.8190926110000873,1.1563994018554686,-2.4899697265625,-2.2158336364746094,2.0121951219512195,5.914634146341464,50.1219512195122,44.277058823529416
0.8259244989999388,2.2541408630371094,19.61270144958496,7.577648254394531,6.890243902439025,-0.426829268292683,1.3414634146341464,44.277058823529416
0.8327575180001077,0.28371289672851563,-2.589329095458984,-6.749254479980468,-61.03658536585366,0.12195121951219513,0.06097560975609757,44.24764705882353
0.8395898510000279,-0.354341845703125,-3.5877111877441403,1.637633935546875,39.57317073170732,0.5487804878048781,0.12195121951219513,44.24176470588235
0.846686869999985,0.29927520751953124,14.459780926513671,3.418919970703125,49.024390243902445,14.695121951219514,2.073170731707317,44.28294117647059
0.8535267960000965,-0.7422025146484375,15.210363146972655,1.9309236389160156,7.926829268292684,-7.01219512195122,0.7317073170731708,44.25941176470588
0.8603733699999339,1.3682862487792968,4.297591979980469,-5.216965417480468,-4.51219512195122,-6.829268292682928,-1.2804878048780488,44.27117647058824
0.8681246660000852,0.201112939453125,1.0558429321289062,-2.252943762207031,18.963414634146343,-11.158536585365855,-2.987804878048781,44.26529411764706
0.8834223139999722,0.7158662963867187,-0.93852705078125,-2.3044190979003907,113.04878048780489,-9.695121951219512,21.28048780487805,44.26529411764706
0.898908259000109,-3.361459130859375,19.61270144958496,2.6791116577148437,-168.65853658536588,-42.19512195121951,-21.219512195121954,44.25352941176471
0.914202110000133,-0.853532891845703,3.5865140869140624,0.17118541870117188,-110.73170731707319,-46.21951219512196,-28.10975609756098,44.27117647058824
0.9294599249999465,-0.4273649963378906,5.21576831665039,-1.849520782470703,-34.390243902439025,-45.304878048780495,14.146341463414636,44.24176470588235
0.9447159250000823,1.2581529724121092,1.2665326782226562,-3.997119671630859,15.731707317073171,-37.13414634146342,65.3658536585366,44.235882352941175
0.9613325919999625,3.3877953491210935,19.61270144958496,1.467645617675781,-51.21951219512196,-17.195121951219512,0.48780487804878053,44.25352941176471
0.9768860730000597,-0.18315642700195311,1.7561469177246092,-0.9433154541015625,25.48780487804878,-14.817073170731708,9.817073170731708,44.27117647058824
0.9925991659999909,-0.4752490295410156,19.61270144958496,9.02135185546875,41.951219512195124,-18.170731707317074,-0.6097560975609757,44.25941176470588
1.008104425000056,-0.6667851623535156,19.61270144958496,-16.389507464599607,72.43902439024392,-2.378048780487805,-7.134146341463415,44.25352941176471
1.0234974249999595,0.9983820922851562,-0.9911994873046874,0.44532150878906246,-81.15853658536587,-41.40243902439025,-17.134146341463417,44.24176470588235
1.0388779810000415,1.0630255371093749,-3.4835634155273434,-4.587290380859375,-36.890243902439025,-41.890243902439025,-16.70731707317073,44.24176470588235
1.0542613330001132,3.414131567382812,9.951499200439452,4.572925170898437,-29.39024390243903,-22.80487804878049,69.14634146341464,44.24764705882353
1.0690841099999489,-0.6512228515624999,19.61270144958496,0.18076222534179687,-20.243902439024392,-15.79268292682927,7.682926829268293,44.24176470588235
1.0788581660001455,0.8547299926757812,4.492719415283203,-2.4660277099609376,22.865853658536587,-13.597560975609758,-1.829268292682927,44.235882352941175
1.0886411660001158,-0.1304839904785156,4.885368487548828,-1.3766659545898436,9.207317073170733,-12.987804878048781,-11.707317073170733,44.25941176470588
1.0984372210000402,0.47764323120117186,2.452859600830078,-1.4903905334472656,80.85365853658537,-16.82926829268293,7.01219512195122,44.25941176470588
1.1082392769999387,-0.2166752502441406,5.680243438720702,-2.023100402832031,75.85365853658537,-12.439024390243903,-5.182926829268293,44.24764705882353
1.1180321839999579,6.349422802734375,19.61270144958496,-5.798756420898437,101.09756097560977,13.963414634146343,15.000000000000002,44.25352941176471
1.1280633880001005,-3.6200329101562496,4.088099334716796,-4.12401235961914,-118.90243902439025,-16.70731707317073,-22.926829268292686,44.25352941176471
1.1378864810001232,0.7841010437011718,3.5098996337890624,-2.221819140625,-72.37804878048782,-19.02439024390244,-23.78048780487805,44.24176470588235
1.1478015180000511,2.0877438476562498,3.83072265625,0.40462008056640625,-28.902439024390247,-28.170731707317074,24.573170731707318,44.25352941176471
1.1578661470000498,0.7242460021972655,19.61270144958496,-2.6862942626953124,-18.902439024390244,-12.01219512195122,11.158536585365855,44.24764705882353
1.1678729990001102,1.236605157470703,0.5985504150390625,-2.6982652709960937,-46.09756097560976,-14.573170731707318,5.2439024390243905,44.224117647058826
1.1816776840000784,-0.08978256225585937,12.19366905517578,3.554192364501953,8.231707317073171,-6.890243902439025,-0.6097560975609757,44.24176470588235
1.1954333139999562,1.2342109558105467,-2.262520568847656,-5.680243438720702,-21.158536585365855,0.0,6.158536585365854,44.235882352941175
1.209143240000003,0.044292730712890624,7.7787611938476555,-0.0526724365234375,36.768292682926834,2.1341463414634148,-0.1829268292682927,44.25352941176471
1.2228532030001134,-1.351526837158203,7.827842327880859,0.8702923034667969,47.987804878048784,1.2195121951219514,-8.841463414634147,44.235882352941175
1.236562461999938,2.1212626708984375,-0.16519991455078123,-2.3738509460449215,135.609756097561,8.78048780487805,17.134146341463417,44.24176470588235
1.250271795000117,-3.1016882507324217,4.8889597900390624,-8.62511148071289,-163.59756097560978,-29.207317073170735,-18.963414634146343,44.24176470588235
1.2639826839999841,0.8738836059570312,-2.5354595581054684,-1.3922282653808593,-92.6829268292683,-29.695121951219516,-23.414634146341466,44.230000000000004
1.2787362030001077,-0.41419688720703124,0.6548141540527344,-3.3004069885253906,-28.231707317073173,-27.743902439024392,-13.658536585365855,44.25352941176471
1.294020129000046,1.9656395629882812,14.040795635986328,1.370680450439453,-10.548780487804878,-22.743902439024392,78.41463414634147,44.27117647058824
1.3093384620001416,1.121683477783203,19.61270144958496,15.533580371093748,1.8902439024390245,-24.695121951219516,2.25609756097561,44.24764705882353
1.3246207029999368,0.25737667846679685,-2.1499930908203124,-0.824802471923828,55.487804878048784,-30.975609756097565,-9.26829268292683,44.24764705882353
1.3398981469999853,1.2294225524902342,7.726088757324218,-2.692279766845703,48.71951219512196,-15.000000000000002,7.8048780487804885,44.230000000000004
1.3552049990000796,1.6328455322265625,1.6077064147949218,-13.690045092773437,113.35365853658537,-13.109756097560977,12.74390243902439,44.24176470588235
1.3704844809999486,-2.877830395507812,-0.5662286926269531,-0.04189852905273437,-98.10975609756099,-35.73170731707317,-19.939024390243905,44.25941176470588
1.3857892579999316,1.0342951171875,-4.310760089111328,-1.4101847778320311,-52.926829268292686,-32.926829268292686,-18.658536585365855,44.24176470588235
1.4011188879999281,1.9692308654785156,14.875174914550781,-1.8315642700195311,-18.414634146341466,-24.878048780487806,62.13414634146342,44.25352941176471
1.4164185730001009,-0.34715924072265625,19.46126819458008,-3.841496563720703,-34.146341463414636,-15.365853658536587,-1.8902439024390245,44.230000000000004
1.4317092950000188,0.30526071166992186,10.104728106689452,1.7621324218749999,7.134146341463415,-14.634146341463415,1.8902439024390245,44.25352941176471
1.4470040730000164,-0.239420166015625,-2.3977929626464842,-4.531026641845703,73.84146341463415,-22.073170731707318,2.1341463414634148,44.25352941176471
1.462297647000014,-0.9241618408203125,9.980229620361328,1.8926164123535154,75.3658536585366,-14.085365853658537,-17.25609756097561,44.235882352941175
1.4776172399999723,12.786233966064453,19.61270144958496,-0.6153098266601562,-102.56097560975611,-34.75609756097561,-13.353658536585368,44.21823529411765
1.4929139060000125,1.121683477783203,3.366247534179687,0.97683427734375,-84.87804878048782,-36.09756097560976,-11.52439024390244,44.24176470588235
1.5082554810001056,0.6332663391113281,-5.396530541992187,-3.7397429931640622,4.024390243902439,-35.91463414634147,32.926829268292686,44.25352941176471
1.5235512950000611,0.11133037719726561,3.190273712158203,-2.8131869506835936,46.89024390243903,-31.280487804878053,4.878048780487806,44.24764705882353
1.5388932949999798,0.8128314636230468,-6.362590911865234,-7.589619262695312,20.243902439024392,-24.939024390243905,1.1585365853658538,44.24176470588235
1.5542109800001072,0.15083470458984374,8.853757739257812,-1.3156138122558594,20.731707317073173,-26.03658536585366,-2.25609756097561,44.25352941176471
1.5695192400000906,1.3335703247070312,5.289988568115234,0.30406361083984373,67.43902439024392,-19.573170731707318,-4.695121951219512,44.235882352941175
1.5851341100001264,-0.10414777221679687,5.42047255859375,0.4165910888671875,95.91463414634147,7.317073170731708,56.89024390243903,44.235882352941175
1.6015640729999632,-11.43351002807617,19.50556092529297,-4.514267230224609,-76.82926829268294,-15.731707317073171,-18.170731707317074,44.230000000000004
1.617126313999961,3.0358477050781247,8.016984259033203,-1.2306196533203124,-40.0609756097561,-2.804878048780488,28.10975609756098,44.24764705882353
1.6339720549999583,-1.7322049011230467,9.526528405761718,0.9133879333496093,-52.01219512195122,-13.597560975609758,-6.707317073170732,44.25941176470588
1.6495751100001144,0.6751648681640625,10.947487091064453,1.5562310791015623,-2.987804878048781,-5.060975609756098,-6.097560975609756,44.25352941176471
1.6651192580000043,1.2725181823730467,5.1523219726562495,-3.5386300537109374,12.926829268292684,3.4756097560975614,-4.878048780487806,44.25941176470588
1.6758993509999982,1.4425065002441406,7.406462835693359,-5.1690813842773435,10.792682926829269,1.8902439024390245,-8.963414634146343,44.235882352941175
1.682930813999974,-0.013168109130859374,3.9312791259765625,-0.4321533996582031,54.024390243902445,-0.06097560975609757,14.207317073170733,44.24176470588235
1.6901104250000571,0.9121908325195311,1.1959037292480468,-1.2521674682617188,86.03658536585367,3.231707317073171,5.182926829268293,44.25941176470588
1.6972378880000178,4.3442789123535155,15.049951635742186,-2.4779987182617185,117.98780487804879,0.426829268292683,33.109756097560975,44.27117647058824
1.7044482950000202,-2.7533319091796873,19.61270144958496,-0.15322890625,-12.195121951219512,68.53658536585367,79.39024390243902,44.24176470588235
1.7115186840001115,-0.93852705078125,9.726444244384766,4.1754876953124995,-57.926829268292686,36.28048780487805,-26.89024390243903,44.24176470588235
1.7183536659999845,2.232593048095703,5.5653217590332025,-0.06584054565429687,-84.51219512195122,22.31707317073171,-14.02439024390244,44.24176470588235
1.7251712209999823,0.5339069702148437,1.0749965454101562,-0.6212953308105469,-45.1219512195122,27.682926829268297,-3.7195121951219514,44.21823529411765
1.7319846469999902,0.005985504150390624,11.354501373291015,2.005143890380859,-22.621951219512198,21.097560975609756,10.792682926829269,44.230000000000004
1.7387874060000286,0.22744915771484372,19.61270144958496,0.7673416320800781,-77.19512195121952,7.439024390243903,-0.06097560975609757,44.24176470588235
1.745588257999998,-0.47644613037109373,4.071339923095703,-0.7493851196289062,-42.37804878048781,5.426829268292684,3.1707317073170733,44.26529411764706
1.7523886840001524,0.35793314819335936,7.206546997070312,0.5135562561035156,-17.865853658536587,8.536585365853659,-10.792682926829269,44.25352941176471
1.7591860170000473,2.9855694702148434,12.871228125,2.059013427734375,-29.87804878048781,18.04878048780488,-5.182926829268293,44.24176470588235
1.765985776999969,1.6651672546386718,5.858611462402344,-0.3842693664550781,-1.5853658536585367,21.890243902439025,-1.4634146341463417,44.230000000000004
1.7727820909999537,0.26695348510742184,15.073893652343749,2.9281086303710935,17.98780487804878,18.10975609756098,-3.7195121951219514,44.24764705882353
1.7795976659999724,0.679953271484375,1.3359645263671873,-3.0789433349609374,11.890243902439025,19.573170731707318,-4.085365853658537,44.235882352941175
1.7864138320001075,0.6308721374511719,16.069881542968748,5.419275457763671,51.15853658536586,19.32926829268293,-1.0975609756097562,44.235882352941175
1.7932282399999622,0.5446808776855468,5.649118817138672,1.448492004394531,27.073170731707318,19.573170731707318,0.853658536585366,44.24764705882353
1.8000418139999965,0.06703764648437499,4.301183282470703,-2.9795839660644527,44.75609756097561,17.926829268292686,1.5853658536585367,44.25352941176471
1.8068592399999943,-0.48123453369140623,3.6475662292480466,0.1292868896484375,72.5609756097561,19.878048780487806,-13.78048780487805,44.235882352941175
1.8136762579999868,-0.9205705383300781,-0.93852705078125,-0.4285620971679687,112.92682926829269,19.390243902439025,-11.341463414634147,44.24176470588235
1.8204959619999954,1.8219874633789062,19.61270144958496,-19.6133,123.04878048780489,29.81707317073171,35.79268292682927,44.26529411764706
1.8273143320000145,-1.3946224670410154,19.61270144958496,-4.265270257568359,-39.75609756097561,-9.26829268292683,-20.670731707317074,44.25352941176471
1.8341327770001499,-2.051830822753906,7.41244833984375,-8.24203921508789,-121.40243902439025,-27.073170731707318,-17.5,44.25941176470588
1.840949351000063,-0.6727706665039062,3.1555577880859373,0.40940848388671874,-109.69512195121952,-28.902439024390247,-18.29268292682927,44.25941176470588
1.8477662770001189,1.0905588562011719,-4.886565588378906,1.0079588989257813,-102.37804878048782,-28.902439024390247,-20.0,44.24764705882353
1.854581091,0.5219359619140624,-4.120421057128906,1.1420341918945311,-40.79268292682927,-28.780487804878053,-18.78048780487805,44.25941176470588
1.8613990359999661,1.6615759521484375,-8.961496813964843,-5.476736297607421,-47.01219512195122,-29.87804878048781,-27.865853658536587,44.27117647058824
1.868212590999974,2.2936451904296873,12.453439935302734,2.1511901916503904,47.6219512195122,-31.402439024390247,37.43902439024391,44.24176470588235
1.875028777000125,3.446453289794922,13.223175769042967,-5.533000036621093,-11.829268292682928,-28.353658536585368,69.93902439024392,44.24764705882353
1.8818432210000537,1.5538368774414062,5.735310076904296,-1.3766659545898436,26.76829268292683,-27.987804878048784,18.475609756097562,44.24764705882353
1.8886600729999827,-0.4991910461425781,19.61270144958496,13.096283081054686,-17.743902439024392,-25.30487804878049,-17.5,44.25352941176471
1.8954758879999645,7.526172918701171,-3.2154128295898436,-3.446453289794922,-0.1829268292682927,-15.121951219512196,0.6097560975609757,44.24764705882353
1.9023087020000276,0.201112939453125,6.666654522705078,1.2174515441894531,50.243902439024396,-15.426829268292684,15.060975609756099,44.26529411764706
1.9091368140000213,0.6787561706542968,7.357381701660156,2.8562825805664063,30.182926829268297,-14.878048780487806,20.914634146341466,44.24764705882353
1.915953221000109,0.6177040283203125,9.677363110351562,2.6048914062499997,85.3048780487805,-10.121951219512196,2.073170731707317,44.24176470588235
1.9227686100000483,2.1356278808593747,8.88009395751953,2.663549346923828,84.26829268292684,-18.231707317073173,-9.26829268292683,44.25941176470588
1.92960035100009,-0.6236895324707031,8.866925848388671,-4.92247861328125,45.1829268292683,-21.585365853658537,-12.134146341463415,44.26529411764706
1.936490147000086,-19.6133,19.61270144958496,-18.98242786254883,69.93902439024392,4.878048780487806,38.41463414634147,44.25941176470588
1.943312110000079,-3.9456443359374997,19.61270144958496,-1.7166425903320313,-117.92682926829269,-27.621951219512198,-12.926829268292684,44.24176470588235
1.950130240000135,-2.996343377685547,5.122394451904297,-1.1133037719726562,-103.29268292682927,-27.31707317073171,-14.634146341463415,44.25941176470588
1.9569651839999551,-1.9728221679687499,-1.3539210388183593,-2.663549346923828,-79.63414634146342,-30.975609756097565,-21.402439024390247,44.24764705882353
1.9637830540000323,1.6843208679199217,-5.787982513427734,-0.6835445739746093,-24.26829268292683,-27.195121951219516,-11.28048780487805,44.25352941176471
1.970600461999993,2.8419173706054686,6.514622717285156,2.7078420776367187,-24.573170731707318,-23.04878048780488,21.646341463414636,44.26529411764706
1.977417738999975,0.2537853759765625,-2.6048914062499997,-4.144363073730468,-44.63414634146342,-19.390243902439025,37.13414634146342,44.24764705882353
1.9842349800001102,-0.36750995483398435,19.61270144958496,-0.2214636535644531,-36.40243902439025,-18.902439024390244,1.9512195121951221,44.230000000000004
1.9910544250001294,-0.6655880615234374,-5.668272430419922,-6.153098266601562,-34.390243902439025,-18.78048780487805,-6.341463414634147,44.235882352941175
1.9978736840000693,-0.5003881469726562,7.669825018310546,1.6519991455078125,20.121951219512198,-22.80487804878049,9.26829268292683,44.230000000000004
2.0046894800000246,1.9823989746093749,2.932897033691406,4.2137949218749995,25.670731707317074,-22.012195121951223,12.926829268292684,44.25941176470588
2.0116343510001116,1.7980454467773437,12.41034430541992,1.5251064575195312,17.743902439024392,-22.073170731707318,-1.402439024390244,44.25941176470588
2.018456517000004,0.8391676818847655,8.01818135986328,1.9608511596679685,-8.292682926829269,-26.09756097560976,-4.390243902439025,44.25352941176471
2.0252740729999914,0.8080430603027343,-1.8507178833007811,-1.3263877197265623,45.487804878048784,-27.195121951219516,0.7926829268292683,44.25941176470588
2.0320912950001,-0.4740519287109375,6.0716954101562495,0.16160861206054686,69.14634146341464,-21.52439024390244,-9.146341463414634,44.24764705882353
2.0389093510000293,0.834379278564453,-1.734599102783203,-2.2637176696777344,106.64634146341464,-18.53658536585366,-17.743902439024392,44.24764705882353
2.0457241100000374,0.4165910888671875,19.61270144958496,-17.20473312988281,120.1829268292683,-13.353658536585368,9.329268292682928,44.24764705882353
2.0530182580000655,-17.0467158203125,19.61270144958496,-4.565742565917969,60.00000000000001,15.79268292682927,11.219512195121952,44.25352941176471
2.059901072999992,0.28969840087890625,19.61270144958496,-2.577358087158203,-96.58536585365854,-3.1707317073170733,-14.329268292682928,44.25352941176471
2.0667539430000943,-0.3076549133300781,6.28837066040039,0.258573779296875,-73.96341463414635,-6.890243902439025,-16.82926829268293,44.24764705882353
2.0735971470001004,1.8231845642089843,9.381679205322266,-3.3016040893554686,-66.28048780487805,-6.036585365853659,7.01219512195122,44.24176470588235
2.080438554000011,1.3060370056152344,-0.39743747558593745,-1.5574281799316405,-37.43902439024391,-5.670731707317073,24.02439024390244,44.26529411764706
2.0872788130000117,2.0937293518066404,19.61270144958496,0.42497079467773435,-10.121951219512196,-1.829268292682927,-2.9268292682926833,44.28294117647059
2.0941166469999644,0.07422025146484375,4.764461303710937,-6.104017132568359,-42.25609756097561,0.6097560975609757,-10.24390243902439,44.27117647058824
2.100958684000034,1.5119383483886717,9.184157568359375,3.058592620849609,20.30487804878049,2.5,-5.853658536585367,44.25941176470588
2.1078026100001352,-0.6751648681640625,19.61270144958496,4.44363828125,-2.7439024390243905,-4.75609756097561,0.853658536585366,44.26529411764706
2.114642073000141,0.3064578125,3.6762966491699216,-0.22385785522460935,-20.79268292682927,-6.341463414634147,-1.2804878048780488,44.26529411764706
2.1214576840000063,0.5363011718749999,6.645106707763672,-0.3842693664550781,3.414634146341464,-6.463414634146342,7.439024390243903,44.25352941176471
2.1283070730000873,1.3168109130859373,5.633556506347656,-0.2214636535644531,29.26829268292683,-3.048780487804878,0.30487804878048785,44.24176470588235
2.1352631100000963,0.4261678955078125,2.1404162841796874,3.417722869873047,45.97560975609756,-3.4756097560975614,2.378048780487805,44.230000000000004
2.142111239000087,0.16160861206054686,12.83890640258789,3.764882110595703,31.76829268292683,-3.5975609756097566,-5.487804878048781,44.24176470588235
2.1490427579999505,0.7003039855957031,-0.7170633972167968,-2.474407415771484,48.78048780487805,-3.4756097560975614,-0.48780487804878053,44.24764705882353
2.15593131300011,1.0139444030761717,9.463082061767578,1.0091559997558592,84.32926829268294,-1.4634146341463417,3.2926829268292686,44.26529411764706
2.1627635730001202,-0.23582886352539062,6.976703637695312,0.5925649108886718,74.93902439024392,-0.30487804878048785,-15.54878048780488,44.25352941176471
2.1696002210001097,3.508702532958984,0.5363011718749999,-4.247313745117188,117.25609756097562,19.75609756097561,45.91463414634147,44.25941176470588
2.176433868999993,-5.864596966552734,19.61270144958496,-2.924517327880859,21.158536585365855,8.109756097560977,43.78048780487805,44.25941176470588
2.183253127999933,-0.4369418029785156,16.761805822753907,-3.878606689453125,-99.69512195121952,-33.65853658536586,-18.53658536585366,44.25941176470588
2.190090720999933,1.7932570434570312,0.15322890625,-2.9556419494628905,-102.25609756097562,-31.707317073170735,-19.207317073170735,44.26529411764706
2.19698436900012,1.772906329345703,-3.7050270690917966,-1.054645831298828,-64.51219512195122,-33.41463414634146,-18.231707317073173,44.25941176470588
2.20382596200011,0.020350714111328123,4.604049792480469,0.6093243225097655,-38.65853658536586,-32.07317073170732,-1.829268292682927,44.25941176470588
2.2106455170001027,3.8989574035644528,-2.39420166015625,-4.018667486572266,-47.19512195121952,-25.243902439024392,34.69512195121951,44.24764705882353
2.217474313000139,0.9181763366699218,-4.633977313232422,-3.7098154724121093,-2.7439024390243905,-17.134146341463417,39.268292682926834,44.25352941176471
2.2243132950000017,-2.205059729003906,19.61270144958496,1.8902222106933593,-16.646341463414636,-25.914634146341466,4.085365853658537,44.25352941176471
2.231133258,-0.239420166015625,-4.714183068847656,-6.694187841796874,-65.42682926829269,-29.207317073170735,-2.6219512195121952,44.24764705882353
2.23796444300001,-1.2689268798828124,-0.2920926025390625,-2.9460651428222655,-13.109756097560977,-22.926829268292686,0.853658536585366,44.25352941176471
2.244802054000047,1.2593500732421874,5.881356378173828,4.746504791259765,40.1219512195122,-20.975609756097562,-4.207317073170732,44.26529411764706
2.2516377580000153,0.9241618408203125,9.87727894897461,0.824802471923828,8.048780487804878,-20.731707317073173,-4.75609756097561,44.27117647058824
2.2584751839999626,0.2561795776367187,0.08379705810546874,-3.805583538818359,45.91463414634147,-14.390243902439027,-1.1585365853658538,44.25352941176471
2.2653114619999997,0.15083470458984374,1.8507178833007811,2.6886884643554687,71.03658536585367,-11.829268292682928,-1.4634146341463417,44.25941176470588
2.272149906000095,0.5183446594238281,-0.05985504150390625,-0.7577648254394531,60.304878048780495,-10.426829268292684,-6.2804878048780495,44.25941176470588
2.278988627999979,0.2920926025390625,2.479195819091797,-0.5135562561035156,109.45121951219514,-11.158536585365855,-0.426829268292683,44.26529411764706
2.285824702000127,2.357091534423828,19.61270144958496,3.6810850524902343,86.82926829268294,12.80487804878049,43.04878048780488,44.28294117647059
2.292663702000027,-17.8619414855957,19.61270144958496,-14.913482141113281,-36.890243902439025,10.792682926829269,-7.317073170731708,44.25941176470588
2.29950146200008,-0.43454760131835934,6.9360022094726554,-1.7369933044433592,-68.90243902439025,1.524390243902439,-12.378048780487806,44.24764705882353
2.3063469620001342,2.365471240234375,7.811082916259765,0.009576806640625,-52.6219512195122,-0.853658536585366,-18.719512195121954,44.27117647058824
2.31318775800014,2.436100189208984,-0.3699041564941406,-3.70263286743164,-66.58536585365854,11.402439024390246,17.5,44.24176470588235
2.3200252950000504,-1.20667763671875,9.475053070068359,4.1563340820312495,-32.07317073170732,6.097560975609756,-0.853658536585366,44.230000000000004
2.3268629240001246,1.6915034729003906,-0.7529764221191406,-5.2816088623046875,-71.46341463414635,5.609756097560976,5.2439024390243905,44.24176470588235
2.333699443000114,0.7410054138183594,5.823895538330078,-1.6053122131347655,-8.963414634146343,6.585365853658537,0.9756097560975611,44.26529411764706
2.3405179430001226,0.7984662536621093,8.653841900634765,-0.07422025146484375,-21.646341463414636,7.8048780487804885,-3.658536585365854,44.26529411764706
2.3473451840000052,0.47644613037109373,4.220977526855468,-2.540247961425781,-20.54878048780488,8.353658536585366,-4.329268292682928,44.26529411764706
2.3541815910000423,0.08499415893554688,9.823409411621093,0.26216508178710934,-5.731707317073171,9.02439024390244,-3.9024390243902443,44.24176470588235
2.360998849999987,0.4333505004882812,-1.6029180114746093,-5.074510418701172,0.7317073170731708,11.951219512195124,-10.426829268292684,44.25352941176471
2.3678796280000824,-0.1352723937988281,4.672284539794922,-1.1659762084960936,44.32926829268293,10.0,-7.073170731707318,44.25352941176471
2.374720276000062,-0.7457938171386719,16.33803212890625,1.618480322265625,22.500000000000004,11.463414634146343,-4.085365853658537,44.25352941176471
2.3885184979999394,0.42377369384765623,-3.944447235107422,-4.7201685729980465,67.5609756097561,13.109756097560977,-13.170731707317074,44.26529411764706
2.404062997999972,-0.38666356811523434,7.875726361083984,-1.20667763671875,76.82926829268294,17.743902439024392,94.75609756097562,44.26529411764706
2.419371869000088,-10.881646545410156,19.61270144958496,-3.1495722839355467,-63.35365853658537,1.1585365853658538,-35.79268292682927,44.25941176470588
2.4346735730000546,0.6428431457519531,-1.1923124267578125,-2.096123553466797,-70.1219512195122,11.402439024390246,0.12195121951219513,44.26529411764706
2.4499942580000607,0.5746083984375,-1.1145008728027344,-3.4105402648925778,-0.30487804878048785,14.817073170731708,8.231707317073171,44.25941176470588
2.4653064609999547,0.9337386474609375,10.551246716308594,-6.363788012695312,-57.37804878048781,-13.109756097560977,-5.365853658536586,44.24176470588235
2.480638721000105,1.6519991455078125,5.756857891845703,2.7748797241210936,24.573170731707318,-0.24390243902439027,-5.609756097560976,44.27117647058824
2.495949610000025,-0.7015010864257812,-0.9516951599121093,-2.529474053955078,42.987804878048784,-1.3414634146341464,-4.695121951219512,44.26529411764706
2.5112581280000086,0.4477157104492187,4.487931011962891,1.2473790649414063,91.95121951219512,2.5609756097560976,-3.414634146341464,44.24764705882353
2.5272028500000943,13.046004846191405,19.61270144958496,-15.527594866943359,-62.865853658536594,-4.573170731707317,-15.243902439024392,44.25352941176471
2.542534610000075,-3.2118215270996093,0.9433154541015625,0.7050923889160156,-80.48780487804879,-17.682926829268293,-28.963414634146343,44.288823529411765
2.5578408129999843,4.253299249267578,9.605537060546874,1.6340426330566404,-66.76829268292684,-6.463414634146342,24.695121951219516,44.25941176470588
2.573140202000104,0.2693476867675781,19.61270144958496,3.1076737548828124,-58.04878048780488,-11.28048780487805,9.573170731707318,44.25941176470588
2.58868057199993,0.08259995727539061,4.10485874633789,2.8598738830566406,23.04878048780488,-16.646341463414636,14.817073170731708,44.25941176470588
2.6050810720000754,0.8008604553222656,9.083601098632812,3.2213983337402343,6.890243902439025,-18.414634146341466,2.6219512195121952,44.27117647058824
2.621471294999992,0.11372457885742186,11.117475408935546,0.6081272216796875,62.6219512195122,-14.085365853658537,5.3048780487804885,44.25941176470588
2.6378357759999744,0.6272808349609375,19.61270144958496,-18.509573034667966,-5.182926829268293,5.426829268292684,11.158536585365855,44.230000000000004
2.653157869000097,-1.7489643127441405,2.019509100341797,-4.224568829345703,-103.04878048780489,-20.670731707317074,-29.634146341463417,44.235882352941175
2.668426332000081,0.06584054565429687,-3.944447235107422,-2.749740606689453,-17.5,-21.34146341463415,9.02439024390244,44.28294117647059
2.683716832000073,2.578555187988281,-0.8056488586425781,-5.801150622558594,-4.085365853658537,-15.609756097560977,59.024390243902445,44.277058823529416
2.6991060170000765,2.7461493041992187,19.61270144958496,7.023390570068359,-22.195121951219512,-7.682926829268293,2.3170731707317076,44.27117647058824
2.7144683129999976,1.235408056640625,-0.488417138671875,0.19393033447265623,31.89024390243903,1.1585365853658538,-8.414634146341465,44.25352941176471
2.7303923690001284,0.30047230834960936,6.663063220214843,-0.6823474731445313,32.80487804878049,1.0365853658536586,-2.073170731707317,44.25352941176471
2.7459393320000345,-0.28969840087890625,4.398148449707031,-0.7625532287597656,100.42682926829269,22.865853658536587,32.19512195121951,44.24764705882353
2.7614898130000256,-6.4739212890625,19.47323920288086,-2.3020248962402343,-110.48780487804879,-13.658536585365855,-17.012195121951223,44.25352941176471
2.7769002390000423,-0.5913678100585937,4.1946413085937495,-2.70065947265625,-93.59756097560977,-19.32926829268293,-16.76829268292683,44.26529411764706
2.7898030540000036,1.6735469604492186,13.788207360839843,-5.327098693847656,-40.1829268292683,-6.097560975609756,44.08536585365854,44.25941176470588
2.8022946650000904,1.1324573852539062,19.61270144958496,5.310339282226562,-68.53658536585367,-9.634146341463415,-7.500000000000001,44.26529411764706
2.8147977390001415,-0.05985504150390625,-2.644395733642578,5.36899722290039,46.707317073170735,-9.329268292682928,4.2682926829268295,44.25352941176471
2.8272869800000535,2.3977929626464842,-3.087323040771484,-2.8191724548339843,20.426829268292686,-9.756097560975611,-11.890243902439025,44.26529411764706
2.8397760350001136,-0.7900865478515624,14.034810131835936,-7.473500482177734,3.9024390243902443,-6.402439024390245,4.695121951219512,44.27117647058824
2.852272628000037,0.5422866760253906,6.872555865478515,2.3726538452148436,100.67073170731709,-7.01219512195122,-15.000000000000002,44.24764705882353
2.86475894299997,2.1487959899902345,10.265738168334961,-16.469713220214842,54.024390243902445,38.65853658536586,83.59756097560977,44.25352941176471
2.877301756999941,3.2812533752441406,18.69272946166992,-3.057395520019531,-95.85365853658537,-16.82926829268293,-19.512195121951223,44.24764705882353
2.8920947569999953,-0.7541735229492187,3.294421484375,-4.563348364257812,-62.865853658536594,-10.24390243902439,4.207317073170732,44.24764705882353
2.9073979239999517,0.11851298217773437,4.045003704833984,0.7158662963867187,-12.073170731707318,-8.841463414634147,23.53658536585366,44.25352941176471
2.9227078320000146,1.1959037292480468,-4.023455889892578,-4.256890551757812,32.6219512195122,-16.03658536585366,-12.682926829268293,44.26529411764706
2.938005127999986,-1.495178936767578,11.617863555908203,0.8774749084472656,-8.231707317073171,-22.5609756097561,1.9512195121951221,44.25941176470588
2.953295702000105,-0.06584054565429687,-0.36152445068359373,-4.487931011962891,52.50000000000001,-23.719512195121954,-6.341463414634147,44.25941176470588
2.968576905999953,0.5291185668945312,10.723629235839843,2.2469582580566403,56.34146341463415,-19.695121951219512,-9.146341463414634,44.277058823529416
2.9835748689999946,0.07422025146484375,17.514782244873047,-9.393650213623046,84.81707317073172,16.463414634146343,34.63414634146342,44.26529411764706
2.997354406000113,-3.436876483154297,6.093243225097656,-0.9325415466308593,-85.79268292682927,-31.82926829268293,-17.073170731707318,44.28294117647059
3.0111075350000647,0.3280056274414062,-5.913678100585937,-7.199364392089843,-75.1829268292683,-30.487804878048784,1.6463414634146343,44.235882352941175
3.0248680540000805,1.6053122131347655,1.0115502014160156,-1.3407529296874998,-21.28048780487805,-15.000000000000002,9.817073170731708,44.26529411764706
3.0386315350001496,0.2741360900878906,6.229712719726562,-1.1420341918945311,-36.09756097560976,-17.926829268292686,4.390243902439025,44.25352941176471
3.052436313000044,0.7015010864257812,19.61270144958496,7.278373046874999,-45.60975609756098,-16.28048780487805,-7.195121951219513,44.25941176470588
3.0661952939999537,0.21308394775390624,9.014169250488282,3.337517114257812,61.09756097560976,-12.500000000000002,5.365853658536586,44.25941176470588
3.079933591000099,0.5446808776855468,8.37611450805664,-2.337937921142578,34.146341463414636,-8.597560975609756,2.7439024390243905,44.26529411764706
3.093686239000135,-0.6248866333007812,5.367800122070312,-0.8487444885253905,77.6219512195122,-5.426829268292684,10.731707317073171,44.27117647058824
3.1074389430000338,12.879607830810546,19.61270144958496,-12.044031451416014,-96.70731707317074,-34.024390243902445,-6.036585365853659,44.27117647058824
3.1212092200000825,0.8750807067871094,-2.3403321228027343,-2.905363714599609,-96.95121951219512,-48.59756097560976,-27.134146341463417,44.27117647058824
3.134961627999928,-0.8379705810546875,-0.5111620544433594,-0.9038111267089843,-34.87804878048781,-42.50000000000001,11.402439024390246,44.24176470588235
3.148714239000128,0.5039794494628906,-4.299986181640625,-4.552574456787109,17.682926829268293,-31.219512195121954,58.963414634146346,44.26529411764706
3.1624689610000587,-1.1168950744628905,19.61270144958496,5.102043737792968,-84.69512195121952,-24.26829268292683,-4.451219512195122,44.26529411764706
3.1762521460000244,-0.3806780639648437,1.6519991455078125,0.48243163452148435,59.451219512195124,-18.353658536585368,-7.621951219512196,44.230000000000004
3.19004598000015,0.3363853332519531,14.821305377197264,3.640383624267578,63.35365853658537,-15.54878048780488,-7.865853658536586,44.25941176470588
3.2040774239999337,1.3120225097656248,-8.51018980102539,-5.305550878906249,60.60975609756098,-11.097560975609756,-7.560975609756098,44.25352941176471
3.2178554239999357,11.853692419433592,19.61270144958496,-8.186972576904296,29.87804878048781,17.439024390243905,85.3048780487805,44.27117647058824
3.2316091279999455,-2.269703173828125,-5.604826086425781,-5.9974751586914055,-95.67073170731709,-41.58536585365854,-2.3170731707317076,44.25352941176471
3.2453647199999978,0.22026655273437498,3.4428619873046875,-8.839392529296875,-61.40243902439025,-40.91463414634147,1.0365853658536586,44.24176470588235
3.2594080349999786,0.5530605834960938,15.831658477783202,3.842693664550781,-84.69512195121952,-27.134146341463417,6.097560975609756,44.277058823529416
3.273247312999956,-0.003591302490234375,14.962563275146483,4.0222587890625,-33.90243902439025,-27.80487804878049,10.426829268292684,44.235882352941175
3.2870721280000907,0.7398083129882812,11.589133135986328,2.3678654418945313,2.6219512195121952,-20.182926829268293,-5.2439024390243905,44.230000000000004
3.300854276000109,-0.622492431640625,2.4396914916992185,-1.0905588562011719,24.634146341463417,-18.902439024390244,-6.2804878048780495,44.24764705882353
3.3145887020000373,-0.17836802368164062,8.026561065673828,-4.546588952636719,23.04878048780488,-6.219512195121951,-15.243902439024392,44.27117647058824
3.328300145999947,0.7410054138183594,7.697358337402343,2.6575638427734374,86.70731707317074,-6.7682926829268295,-14.451219512195124,44.26529411764706
3.3420349049999913,10.991779821777342,19.61270144958496,-0.23582886352539062,-62.37804878048781,46.28048780487805,100.06097560975611,44.27117647058824
3.3557911279999644,-5.333084197998047,7.293935357666015,2.032677209472656,-26.951219512195124,-7.865853658536586,-33.90243902439025,44.27117647058824
3.3695661280000877,2.2469582580566403,2.0254946044921875,0.1149216796875,-55.00000000000001,7.439024390243903,12.073170731707318,44.25352941176471
3.383492572000023,4.698620758056641,15.136142895507811,-0.5351040710449219,-57.6219512195122,5.548780487804878,-14.51219512195122,44.28294117647059
3.3988190530001248,0.9277531433105468,9.48702407836914,0.34835634155273437,-3.1097560975609757,6.158536585365854,-13.597560975609758,44.25352941176471
3.414143645999957,0.3794809631347656,-2.3044190979003907,-4.06655151977539,38.29268292682927,5.853658536585367,-10.0,44.24764705882353
3.429415109000047,0.5913678100585937,11.235988391113281,3.286041778564453,14.146341463414636,4.451219512195122,-6.585365853658537,44.24764705882353
3.4447247020000304,0.8858546142578124,-2.2349872497558594,-3.2345664428710936,80.60975609756099,13.78048780487805,-17.195121951219512,44.24176470588235
3.4600263500001347,-2.521094348144531,19.61270144958496,7.520187414550781,-28.963414634146343,65.0,57.865853658536594,44.235882352941175
3.4753240899999582,0.5135562561035156,12.150573425292968,3.324349005126953,-50.487804878048784,18.10975609756098,-16.28048780487805,44.25941176470588
3.4906583680001404,1.533486163330078,-1.7298106994628906,-4.9069163024902345,-41.463414634146346,4.451219512195122,2.378048780487805,44.26529411764706
3.505979276000062,1.6891092712402342,5.309142181396484,-3.318363500976562,-35.54878048780488,-6.7682926829268295,-7.987804878048781,44.277058823529416
3.5212947940001413,0.6607996582031249,13.346477154541015,-2.568978381347656,-30.731707317073173,3.1097560975609757,-8.292682926829269,44.25352941176471
3.536597405000066,0.143652099609375,4.059368914794922,1.7405846069335937,31.76829268292683,3.1097560975609757,-17.5609756097561,44.27117647058824
3.5518954050000957,0.015562310791015624,-0.5159504577636719,1.7118541870117185,49.268292682926834,0.5487804878048781,8.902439024390244,44.25352941176471
3.5671994050001103,-0.8307879760742187,2.418143676757812,0.8726865051269531,134.69512195121953,17.25609756097561,7.987804878048781,44.277058823529416
3.582506720000083,-17.702727075195313,13.588291522216796,2.4779987182617185,-47.13414634146342,17.621951219512198,-22.926829268292686,44.235882352941175
3.597856571999955,1.0043675964355467,-1.0031704956054688,0.06584054565429687,-35.609756097560975,26.646341463414636,2.5609756097560976,44.24764705882353
3.6131882940001105,-3.77326181640625,8.993818536376953,0.0383072265625,-56.463414634146346,7.25609756097561,-3.1097560975609757,44.230000000000004
3.6284943130001466,0.49799394531249996,15.443797808837889,1.9823989746093749,-44.268292682926834,17.439024390243905,-0.7926829268292683,44.27117647058824
3.643801053000061,0.3555389465332031,17.061081030273435,1.9620482604980467,-11.707317073170733,10.24390243902439,-2.25609756097561,44.27117647058824
3.6591000529999747,0.594959112548828,17.513585144042967,5.494692810058593,26.34146341463415,6.585365853658537,2.6219512195121952,44.25352941176471
3.6744576640001014,0.00718260498046875,1.0869675537109373,-0.022744915771484374,88.47560975609757,14.207317073170733,-7.439024390243903,44.26529411764706
3.689799257000004,9.318232861328125,19.61270144958496,-7.107187628173827,87.8048780487805,21.402439024390247,-11.097560975609756,44.235882352941175
3.7051198680001107,-2.403778466796875,7.368155609130859,-3.9037458068847655,-105.60975609756099,-38.84146341463415,-18.04878048780488,44.25352941176471
3.720436146000111,0.8870517150878906,-2.3535002319335936,-1.6819266662597656,-69.69512195121952,-37.926829268292686,-19.939024390243905,44.24176470588235
3.7357446460000574,0.105344873046875,-3.725377783203125,-0.08140285644531249,56.463414634146346,-34.93902439024391,59.024390243902445,44.25941176470588
3.7510563309999725,0.6775590698242188,-5.925649108886718,-4.994304663085937,63.23170731707317,-32.80487804878049,-15.79268292682927,44.25352941176471
3.7663653680001516,3.4201170715332028,-6.400898138427734,-0.40581718139648437,13.475609756097562,-28.59756097560976,21.585365853658537,44.25941176470588
3.7816955719999896,1.772906329345703,13.154941021728515,3.2261867370605466,34.32926829268293,-17.98780487804878,0.06097560975609757,44.27117647058824
3.79700385000001,0.4129997863769531,3.0119056884765625,-0.6165069274902344,94.69512195121952,-19.634146341463417,-0.6707317073170732,44.277058823529416
3.8123127569999724,-2.085349645996094,19.5857666809082,3.286041778564453,-156.89024390243904,-14.634146341463415,-1.402439024390244,44.235882352941175
3.8276199980000456,0.02633621826171875,-4.667496136474609,-3.9432501342773434,-72.37804878048782,-11.585365853658537,1.0365853658536586,44.25941176470588
3.842929849000029,-0.3315969299316406,-1.9033903198242186,-1.7609353210449217,4.146341463414634,-11.707317073170733,-4.817073170731708,44.26529411764706
3.8582658679999895,0.4429273071289062,19.61270144958496,4.526238238525391,31.76829268292683,-14.939024390243905,23.414634146341466,44.25941176470588
3.873576035000042,0.42018239135742186,-0.3220201232910156,-6.745663177490234,33.47560975609756,-17.621951219512198,-1.524390243902439,44.277058823529416
3.8888807200000883,0.5626373901367188,16.475698724365234,3.822342950439453,43.35365853658537,-20.0,-2.8658536585365857,44.26529411764706
3.9041855719999603,0.6967126831054687,-7.857769848632812,-5.2073886108398435,110.3048780487805,-10.487804878048781,0.853658536585366,44.235882352941175
3.9194993490000343,-7.201758593749999,19.61270144958496,6.858190655517578,-9.51219512195122,11.219512195121952,-4.2682926829268295,44.25352941176471
3.934819867999977,-0.27174188842773433,3.8175545471191406,-0.4381389038085937,-72.31707317073172,-1.3414634146341464,-10.0,44.26529411764706
3.950097646000131,3.6260184143066403,9.6151138671875,2.8945898071289062,-5.914634146341464,-7.073170731707318,7.621951219512196,44.25941176470588
3.9654238680000162,2.1416133850097654,-3.8079777404785156,-4.633977313232422,-10.792682926829269,-10.121951219512196,-1.7682926829268295,44.25941176470588
3.9807338680000157,0.9169792358398436,6.323086584472656,-1.0043675964355467,-22.012195121951223,-4.207317073170732,-3.4756097560975614,44.27117647058824
3.996038535000025,1.1168950744628905,10.32978306274414,-2.4109610717773435,14.02439024390244,2.987804878048781,-1.402439024390244,44.27117647058824
4.01134146000004,0.8200140686035156,19.61270144958496,-2.767697119140625,4.878048780487806,2.25609756097561,-10.24390243902439,44.26529411764706
4.026896905000058,0.21188684692382811,10.304643945312499,1.514332550048828,66.64634146341464,5.2439024390243905,-24.634146341463417,44.25352941176471
4.042226997999933,3.575740179443359,19.61270144958496,-19.6133,16.34146341463415,15.54878048780488,-13.414634146341465,44.27117647058824
4.057574590000058,1.2593500732421874,0.16998831787109375,0.5003881469726562,-86.58536585365854,-3.1707317073170733,-24.085365853658537,44.277058823529416
4.073084609000034,1.4796166259765624,1.0558429321289062,-0.4800374328613281,-32.987804878048784,4.024390243902439,31.646341463414636,44.277058823529416
4.089165942000136,-3.718195178222656,6.8964978820800775,-4.140771771240234,-28.658536585365855,-6.158536585365854,-4.695121951219512,44.25352941176471
4.105451979000009,3.1483751831054687,19.61270144958496,8.204929089355469,-20.243902439024392,-0.48780487804878053,-6.2804878048780495,44.27117647058824
4.120763386000135,1.389834063720703,3.3255461059570313,3.778050219726562,34.268292682926834,5.182926829268293,-8.414634146341465,44.25352941176471
4.136059533999969,1.3539210388183593,-2.214636535644531,4.2317514343261715,86.76829268292684,6.829268292682928,-7.439024390243903,44.235882352941175
4.1513389599999755,-0.3711012573242187,3.4775779113769527,-2.864662286376953,74.20731707317074,35.91463414634147,50.1829268292683,44.25941176470588
4.166650015999949,-8.60595786743164,17.77395457458496,-9.106346014404297,-24.695121951219516,13.475609756097562,-25.0609756097561,44.277058823529416
4.182192645999976,1.6508020446777343,0.296881005859375,-1.7645266235351562,-59.39024390243903,20.60975609756098,-0.9756097560975611,44.27117647058824
4.197545108999975,-4.674678741455078,6.630741497802734,-0.5686228942871093,-75.3048780487805,19.634146341463417,5.548780487804878,44.24176470588235
4.212800923000032,0.4860229370117187,13.297396020507811,3.3782185424804685,-15.182926829268293,21.34146341463415,-8.231707317073171,44.25941176470588
4.228109941999946,1.1959037292480468,6.223727215576171,-0.044292730712890624,0.6707317073170732,24.939024390243905,-14.939024390243905,44.277058823529416
4.243384405000143,-0.11731588134765625,9.91558617553711,4.384980340576171,53.65853658536586,22.621951219512198,-9.573170731707318,44.25352941176471
4.258718775000034,0.2609679809570312,-6.827066033935546,-5.947196923828125,86.21951219512196,21.82926829268293,-0.6707317073170732,44.24764705882353
4.274007997000126,-0.3890577697753906,19.61270144958496,-1.5705962890624998,-16.28048780487805,71.21951219512195,50.91463414634147,44.26529411764706
4.289341126999943,-15.00326470336914,13.041216442871093,1.5969325073242187,-58.53658536585366,9.939024390243903,-20.670731707317074,44.25941176470588
4.304666831000077,3.365050433349609,0.719457598876953,1.1528080993652343,-66.95121951219512,15.54878048780488,19.512195121951223,44.230000000000004
4.3199723310001445,-4.5585599609375,19.61270144958496,-6.356605407714843,-7.682926829268293,-11.341463414634147,5.914634146341464,44.26529411764706
4.335270348999984,-0.10654197387695312,10.812214697265624,1.2713210815429687,-19.146341463414636,-1.1585365853658538,-4.695121951219512,44.28294117647059
4.3505765340000835,0.47764323120117186,11.901576452636718,1.5741875915527344,13.719512195121952,3.048780487804878,-3.780487804878049,44.27117647058824
4.365880441999934,-0.2920926025390625,2.4205378784179685,1.6041151123046875,57.804878048780495,1.829268292682927,-4.146341463414634,44.25352941176471
4.381187164000039,-0.06105214233398437,2.839523168945312,-0.20470424194335937,83.41463414634147,5.2439024390243905,-4.451219512195122,44.24764705882353
4.396507811999982,-19.6133,19.61270144958496,-1.1839327209472656,-62.43902439024391,-15.30487804878049,-28.414634146341466,44.24176470588235
4.411819053000045,0.6955155822753906,1.3814543579101561,-0.4944026428222656,-76.03658536585367,-17.31707317073171,-33.53658536585366,44.25941176470588
4.42712527499998,2.147598889160156,7.335833886718749,-2.3714567443847656,-49.024390243902445,-2.9268292682926833,35.609756097560975,44.25941176470588
4.4424050530001296,-1.0690110412597655,19.61270144958496,3.1292215698242187,-2.9268292682926833,-17.926829268292686,0.6097560975609757,44.25352941176471
4.457706385999927,-0.06823474731445311,6.647500909423828,1.216254443359375,42.6219512195122,-20.731707317073173,5.426829268292684,44.24764705882353
4.473022071000059,0.7026981872558593,-7.511807708740234,-5.617994195556641,47.50000000000001,-18.719512195121954,-4.207317073170732,44.28294117647059
4.488356238000051,0.30526071166992186,1.8555062866210936,-0.9923965881347656,81.52439024390245,-16.76829268292683,14.085365853658537,44.25941176470588
4.5036689230000775,0.622492431640625,12.74912384033203,-3.1459809814453124,105.3048780487805,-9.695121951219512,0.5487804878048781,44.27117647058824
4.518972330999986,-1.4353238952636718,8.267178332519531,-1.70467158203125,-114.75609756097562,-16.463414634146343,-10.365853658536587,44.288823529411765
4.53427303400008,1.0342951171875,-7.690175732421874,-5.483918902587891,-42.926829268292686,-14.756097560975611,-8.536585365853659,44.277058823529416
4.549581626999952,0.14006079711914063,-4.241328240966797,-5.025429284667968,44.146341463414636,-15.060975609756099,51.40243902439025,44.27117647058824
4.564928645000009,-8.777143286132812,14.226346264648436,-6.203376501464843,15.79268292682927,-11.890243902439025,1.7682926829268295,44.27117647058824
4.580233681999971,0.27892449340820313,-0.105344873046875,-2.530671154785156,21.585365853658537,-12.195121951219512,-8.414634146341465,44.277058823529416
4.5956012930000725,-0.3687070556640625,4.149151477050781,-2.4097639709472656,52.6829268292683,-10.914634146341465,-0.5487804878048781,44.277058823529416
4.610914923000109,-0.967257470703125,5.931634613037109,-2.128445275878906,87.7439024390244,-5.548780487804878,51.585365853658544,44.28294117647059
4.626219904999971,-3.784035723876953,19.61270144958496,-3.536235852050781,-126.76829268292684,-36.463414634146346,-3.048780487804878,44.25352941176471
4.6415310340000815,0.10893617553710937,3.815160345458984,-3.342305517578125,-93.17073170731707,-41.21951219512196,-5.853658536585367,44.27117647058824
4.65684160800015,0.7709329345703124,5.987898352050781,-3.919308117675781,-4.451219512195122,-37.6219512195122,47.37804878048781,44.27117647058824
4.672155755999938,-0.23822306518554687,12.701239807128905,-4.435258575439453,-41.646341463414636,-34.93902439024391,-2.9268292682926833,44.28294117647059
4.687491460000047,1.3096283081054687,19.603723193359375,0.029927520751953124,-1.1585365853658538,-30.365853658536587,-2.1951219512195124,44.26529411764706
4.702802534000057,-1.1887211242675781,11.256339105224608,1.4413093994140624,41.707317073170735,-23.04878048780488,-2.7439024390243905,44.25352941176471
4.718103015999986,0.8212111694335937,12.447454431152343,4.159925384521484,106.70731707317074,-15.914634146341465,-8.353658536585366,44.288823529411765
4.733391867000137,5.84783755493164,19.61270144958496,1.1049240661621094,-37.5609756097561,47.86585365853659,106.28048780487806,44.21235294117647
4.748723756000118,-2.886210101318359,14.419079498291016,-1.898601916503906,-74.87804878048782,-6.890243902439025,-18.414634146341466,44.277058823529416
4.764024311999947,0.5111620544433594,2.214636535644531,0.28371289672851563,-37.80487804878049,0.5487804878048781,29.75609756097561,44.25352941176471
4.77933440400011,-4.121618157958984,9.56962403564453,-1.458068811035156,-34.93902439024391,-13.963414634146343,-15.79268292682927,44.25352941176471
4.794640589999972,0.5315127685546874,7.122749938964843,5.155913275146484,7.682926829268293,-15.426829268292684,-5.853658536585367,44.27117647058824
4.809940516000097,0.9756371765136718,0.6512228515624999,-2.437297290039062,23.719512195121954,-21.646341463414636,-9.451219512195122,44.28294117647059
4.825246015999937,0.6153098266601562,6.584054565429687,1.3874398620605468,53.53658536585366,-18.719512195121954,-15.731707317073171,44.26529411764706
4.840549719000137,1.0223241088867188,6.8402341430664055,0.28490999755859375,89.14634146341464,-1.1585365853658538,94.69512195121952,44.26529411764706
4.85585703400011,-15.686809277343748,16.84679998168945,3.0741549316406247,17.25609756097561,10.24390243902439,-16.097560975609756,44.24764705882353
4.8714467380000315,-0.9313444458007812,2.062604730224609,-0.4644751220703125,-40.487804878048784,-1.524390243902439,9.085365853658537,44.26529411764706
4.88680897800009,2.6994623718261717,10.74517705078125,0.9193734375,-74.45121951219512,-7.134146341463415,-7.01219512195122,44.26529411764706
4.9021148490001,0.5734112976074218,7.292738256835937,1.9512743530273435,-6.158536585365854,-3.414634146341464,-8.536585365853659,44.27117647058824
4.917427589999988,0.6643909606933593,1.4353238952636718,1.6938976745605467,17.804878048780488,-1.402439024390244,-12.987804878048781,44.24176470588235
4.932923071000005,0.239420166015625,0.16041151123046873,-1.159990704345703,43.35365853658537,5.3048780487804885,-11.829268292682928,44.24764705882353
4.949564348999957,0.5781997009277343,4.450820886230469,0.22744915771484372,87.07317073170732,4.75609756097561,-7.500000000000001,44.27117647058824
4.967417941000122,3.6715082458496093,19.61270144958496,-1.0893617553710937,-39.146341463414636,42.987804878048784,35.97560975609756,44.25941176470588
4.982866275000106,0.46208092041015625,12.221202374267577,-2.4301146850585935,-35.54878048780488,12.073170731707318,-8.109756097560977,44.26529411764706
4.9963962560000255,0.6955155822753906,17.085023046874998,-1.7741034301757812,-62.25609756097562,4.51219512195122,1.4634146341463417,44.25941176470588
5.008954608000067,0.30526071166992186,-1.3587094421386718,-6.962338427734375,-46.03658536585366,-5.365853658536586,-5.7926829268292686,44.277058823529416
