0.015537184999857345,4.272452862548828,6.3973068359375,-12.442666027832031,-36.15853658536586,-46.21951219512196,8.963414634146343,44.48882352941177
0.031127296000022397,-3.106476654052734,11.110292803955078,-5.233724829101562,-103.90243902439025,-23.353658536585368,6.890243902439025,44.47705882352941
0.046706184999948164,-1.9764134704589842,1.9596540588378906,-4.843469958496094,-22.98780487804878,-29.02439024390244,8.414634146341465,44.52411764705882
0.06204396299995096,1.5741875915527344,5.877765075683594,1.5263035583496092,-24.634146341463417,-17.134146341463417,9.146341463414634,44.518235294117645
0.07742053699985263,0.19991583862304688,8.445546356201172,-0.6500257507324219,-23.231707317073173,-15.79268292682927,6.402439024390245,44.494705882352946
0.09304481499998474,0.12090718383789062,10.307038146972655,2.3367408203125,4.207317073170732,-11.463414634146343,5.7926829268292686,44.494705882352946
0.10739670399993884,0.2549824768066406,3.4488474914550777,-0.9911994873046874,53.47560975609757,-8.841463414634147,8.414634146341465,44.50058823529412
0.11814990699986083,0.16280571289062498,8.122329132080077,0.8176198669433593,24.695121951219516,-7.317073170731708,5.2439024390243905,44.494705882352946
0.12850220299992543,0.488417138671875,0.3399766357421875,-0.9181763366699218,35.426829268292686,-5.670731707317073,4.329268292682928,44.50058823529412
0.13870316599991384,-2.6527754394531247,11.432312927246093,-0.5219359619140624,123.47560975609757,-27.682926829268297,-43.59756097560976,44.50058823529412
0.14863862900006097,4.236539837646484,19.61270144958496,-7.894879974365234,-24.695121951219516,-3.8414634146341466,15.609756097560977,44.50058823529412
0.15877094400002534,1.2425906616210938,2.3439234252929686,-2.971204260253906,-80.97560975609757,-0.12195121951219513,17.621951219512198,44.47705882352941
0.1688091109999732,0.34237083740234375,-2.6240450195312497,-2.7665000183105466,-56.951219512195124,3.963414634146342,14.51219512195122,44.48294117647059
0.1787650549999853,-3.527856146240234,13.967772485351562,2.9831752685546875,-9.51219512195122,6.951219512195123,-38.90243902439025,44.47705882352941
0.1886901109999144,-0.8463502868652343,19.61270144958496,3.0442274108886718,-0.6097560975609757,20.243902439024392,-5.182926829268293,44.48294117647059
0.1986882589999368,-1.2880804931640624,0.051475335693359374,-2.816778253173828,-17.012195121951223,17.621951219512198,3.8414634146341466,44.506470588235295
0.20750468500000352,-1.6077064147949218,8.010998754882811,0.37828386230468747,-24.451219512195124,11.890243902439025,-1.7682926829268295,44.518235294117645
0.2143142780000744,-1.2018892333984375,4.544194750976562,-0.8056488586425781,-4.634146341463415,8.048780487804878,-1.2804878048780488,44.50058823529412
0.22111623999990115,0.4836287353515625,3.4632127014160154,-0.19393033447265623,13.78048780487805,9.695121951219512,-5.853658536585367,44.47705882352941
0.22791429599988078,0.41060558471679687,9.550470422363281,2.128445275878906,25.60975609756098,12.073170731707318,-6.951219512195123,44.48294117647059
0.23471714800007248,0.9253589416503906,13.439851019287108,-0.11611878051757812,7.01219512195122,14.390243902439027,-1.9512195121951221,44.48294117647059
0.2415514809999877,1.1563994018554686,3.9695863525390624,-1.466448516845703,21.03658536585366,21.585365853658537,-6.646341463414635,44.48294117647059
0.24837849999994432,0.3699041564941406,-0.3172317199707031,-2.0638018310546875,74.93902439024392,24.390243902439025,-13.29268292682927,44.48294117647059
0.25518901800001004,-0.23223756103515625,17.316063507080077,4.283226770019531,105.73170731707317,25.48780487804878,-16.82926829268293,44.47117647058823
0.26220638899985715,0.9121908325195311,19.61270144958496,8.761580975341797,77.8658536585366,27.012195121951223,4.207317073170732,44.494705882352946
0.2691217770000094,8.237250811767577,19.61270144958496,-0.9265560424804687,14.02439024390244,50.243902439024396,71.76829268292684,44.48294117647059
0.2759631480000735,-16.226701751708983,19.61270144958496,-18.316839801025388,0.6097560975609757,52.50000000000001,1.3414634146341464,44.46529411764706
0.28276844399988477,-1.1731588134765625,17.44774459838867,3.555389465332031,-67.13414634146342,1.7682926829268295,-6.036585365853659,44.494705882352946
0.2895952589999524,2.223016241455078,7.484274389648437,-1.0438719238281249,-80.67073170731707,-0.30487804878048785,-7.01219512195122,44.494705882352946
0.2965197219998572,4.060566015625,3.153163586425781,-4.806359832763672,-54.207317073170735,-8.414634146341465,15.975609756097562,44.46529411764706
0.30344062899985147,-0.699106884765625,18.448520892333985,-2.0973206542968748,-57.13414634146342,6.707317073170732,-1.5853658536585367,44.48294117647059
0.3103590000000622,2.0302830078125,0.9504980590820312,-4.856638067626953,-53.47560975609757,7.378048780487806,-10.792682926829269,44.48882352941177
0.31736951799985036,1.590947003173828,7.953537915039062,1.4401122985839843,-14.878048780487806,7.743902439024391,-6.829268292682928,44.48882352941177
0.3241907589999755,0.6787561706542968,10.600327850341797,0.8463502868652343,-31.158536585365855,9.695121951219512,-7.378048780487806,44.48882352941177
0.3309923889999027,0.49320554199218747,3.3171664001464842,-2.9376854370117185,-38.78048780487805,8.597560975609756,-1.524390243902439,44.48294117647059
0.33780618499986304,-1.2892775939941405,4.109647149658203,-2.1344307800292968,16.097560975609756,2.25609756097561,-0.426829268292683,44.48882352941177
0.3447254630000316,0.46208092041015625,14.589067816162109,-0.2932897033691406,-10.365853658536587,1.2195121951219514,-4.329268292682928,44.46529411764706
0.35153846299999714,0.00239420166015625,5.717353564453124,0.15442600708007811,4.939024390243903,14.939024390243905,-5.914634146341464,44.48882352941177
0.35835516599991024,0.01915361328125,10.230423693847655,2.3965958618164063,12.621951219512196,-2.9268292682926833,-1.3414634146341464,44.494705882352946
0.3651763889999984,0.4740519287109375,3.870226983642578,-1.3024457031249999,16.646341463414636,-1.707317073170732,-4.939024390243903,44.48294117647059
0.37198050000006333,0.9445125549316405,5.194220501708984,0.23223756103515625,34.08536585365854,-3.9024390243902443,-4.390243902439025,44.48294117647059
0.3787815179998688,0.86191259765625,9.06564458618164,1.6424223388671875,49.51219512195122,-3.353658536585366,-1.8902439024390245,44.47705882352941
0.3855893699999342,-0.6452373474121094,0.7541735229492187,-2.8215666564941406,31.58536585365854,-0.48780487804878053,-13.841463414634148,44.46529411764706
0.39241423999988,1.4233528869628906,-3.9659950500488277,-3.2537200561523436,47.987804878048784,7.865853658536586,-19.512195121951223,44.48294117647059
0.3992154439999922,2.663549346923828,7.955932116699218,6.760028387451172,109.87804878048782,25.0609756097561,29.695121951219516,44.494705882352946
0.40602342600004704,-4.311957189941406,16.37514225463867,0.4908113403320312,-25.853658536585368,63.65853658536586,46.89024390243903,44.46529411764706
0.4128457219999291,-12.163741534423828,19.61270144958496,-11.556811413574218,-10.975609756097562,26.158536585365855,-15.426829268292684,44.48294117647059
0.41965918500000043,0.6416460449218749,18.091784844970704,-2.1787235107421874,-68.10975609756098,22.5609756097561,-11.097560975609756,44.48294117647059
0.42646681399992303,1.5167267517089842,0.7170633972167968,-0.05386953735351562,-79.69512195121952,30.670731707317074,8.109756097560977,44.47705882352941
0.4332829259999471,1.2497732666015624,7.433996154785156,-1.8411410766601561,-46.89024390243903,10.060975609756099,7.560975609756098,44.47705882352941
0.44010518499999307,2.5139117431640625,8.109161022949218,-3.9276878234863277,-62.19512195121952,6.52439024390244,-5.853658536585367,44.48294117647059
0.44692220299998553,1.1049240661621094,2.2445640563964844,-2.8000188415527343,-31.280487804878053,8.963414634146343,-7.195121951219513,44.494705882352946
0.45373920299994097,0.09576806640624999,8.21690009765625,3.670311145019531,-14.26829268292683,7.987804878048781,-7.073170731707318,44.48882352941177
0.46055431399986446,1.149216796875,10.200496173095702,1.6328455322265625,-34.93902439024391,8.170731707317074,-4.451219512195122,44.47117647058823
0.4675445000000309,1.3623007446289062,5.955576629638672,-1.3682862487792968,-32.6219512195122,12.987804878048781,-7.25609756097561,44.46529411764706
0.4743788329999461,1.2497732666015624,9.331400970458985,-1.0869675537109373,-7.926829268292684,16.646341463414636,-6.585365853658537,44.47705882352941
0.48119629600000735,0.5374982727050781,7.37414111328125,0.9816226806640624,11.341463414634147,19.32926829268293,-8.902439024390244,44.48294117647059
0.48801518499999474,1.1959037292480468,7.042544183349609,2.357091534423828,17.682926829268293,23.414634146341466,-5.182926829268293,44.50058823529412
0.4948894439999094,-0.709880792236328,6.084863519287109,-1.2976572998046874,0.9146341463414634,20.975609756097562,-4.817073170731708,44.512352941176474
0.5017495550000604,1.1731588134765625,0.6763619689941406,-2.883815899658203,10.853658536585368,19.634146341463417,-9.817073170731708,44.48882352941177
0.5085624440000629,2.005143890380859,8.949525805664061,2.536656658935547,50.304878048780495,23.04878048780488,-13.658536585365855,44.50058823529412
0.5153670550000697,0.5135562561035156,8.560468035888672,1.4532804077148436,45.1829268292683,22.134146341463417,-4.573170731707317,44.494705882352946
0.5221895550000681,-1.6065093139648436,2.7150246826171873,-1.2593500732421874,43.59756097560976,21.707317073170735,-20.243902439024392,44.48882352941177
0.5289958329999536,-0.59376201171875,5.039794494628906,-2.308010400390625,77.7439024390244,19.878048780487806,-17.865853658536587,44.494705882352946
0.5357995370000026,-1.9692308654785156,19.61270144958496,2.8730419921875,95.85365853658537,33.78048780487805,45.54878048780488,44.50058823529412
0.5427050549999421,-19.6133,19.61270144958496,-14.08389126586914,14.634146341463415,22.865853658536587,4.085365853658537,44.48882352941177
0.5495307030000731,-0.9265560424804687,14.788983654785156,-2.2002713256835937,-68.29268292682927,6.2804878048780495,-8.048780487804878,44.48294117647059
0.5563456479999331,-0.18076222534179687,1.1695675109863282,-2.3642741394042965,-66.46341463414635,1.0365853658536586,-10.426829268292684,44.50058823529412
0.5631680369999685,2.422932080078125,1.9704279663085937,-0.2214636535644531,-28.658536585365855,-0.30487804878048785,9.26829268292683,44.50058823529412
0.5699766660000023,1.2952630981445312,19.61270144958496,1.600523809814453,-22.926829268292686,-5.0,11.097560975609756,44.48882352941177
0.5767916659999628,2.3151930053710936,5.576095666503906,-3.0885201416015624,-62.13414634146342,-15.79268292682927,4.634146341463415,44.48294117647059
0.5836123699998552,1.8076222534179687,5.240907434082031,-2.0254946044921875,-25.243902439024392,-11.585365853658537,-2.1341463414634148,44.48294117647059
0.5904298329999165,1.7262193969726563,6.49307490234375,0.10414777221679687,-28.04878048780488,-7.743902439024391,-4.939024390243903,44.47117647058823
0.5972467029998825,1.5251064575195312,9.50617769165039,0.5195417602539062,-19.32926829268293,-2.5,-4.207317073170732,44.494705882352946
0.6040601849999803,1.2773065856933592,3.9624037475585934,1.9321207397460936,5.487804878048781,1.0975609756097562,-3.536585365853659,44.48882352941177
0.6108739070000411,0.1640028137207031,7.217320904541015,1.2078747375488281,5.975609756097562,4.695121951219512,-8.231707317073171,44.494705882352946
0.6176883880000332,1.5035586425781249,4.886565588378906,-0.7433996154785156,2.378048780487805,9.26829268292683,-7.073170731707318,44.47705882352941
0.6245049619999463,-0.19991583862304688,13.620613244628906,0.7266402038574218,-2.3170731707317076,7.134146341463415,-5.060975609756098,44.48882352941177
0.6313225740000235,1.1384428894042968,-2.061407629394531,-4.279635467529297,-1.0365853658536586,7.743902439024391,-9.939024390243903,44.48882352941177
0.6381382029999259,0.604535919189453,1.5023615417480467,-1.1935095275878906,80.42682926829269,13.231707317073171,-12.621951219512196,44.494705882352946
0.6449537030000556,0.6009446166992187,15.94179175415039,6.011840368652344,43.84146341463415,14.146341463414636,-10.975609756097562,44.47705882352941
0.6517690369998945,0.4465186096191406,1.476025323486328,-3.0442274108886718,13.475609756097562,15.853658536585368,-9.51219512195122,44.48294117647059
0.6585897959998874,0.9744400756835937,4.453215087890625,-1.1671733093261718,68.59756097560977,18.53658536585366,-10.365853658536587,44.48882352941177
0.6654072219998852,1.2904746948242187,19.61270144958496,-8.073247998046874,115.54878048780489,22.195121951219512,-8.231707317073171,44.494705882352946
0.6722038509999493,-4.132392065429687,19.61270144958496,8.049305981445311,50.91463414634147,71.28048780487805,83.53658536585367,44.48294117647059
0.6790200180000738,-6.331466290283203,3.7241806823730466,-10.79545528564453,-5.2439024390243905,53.35365853658537,39.207317073170735,44.48882352941177
0.6858330360000764,4.73094248046875,14.660893865966797,3.015496990966797,10.853658536585368,17.073170731707318,-18.170731707317074,44.48294117647059
0.6926299069998549,3.220201232910156,10.848127722167968,5.153519073486327,-24.878048780487806,25.54878048780488,6.036585365853659,44.459411764705884
0.6994437589999052,1.4257470886230468,1.1276689819335937,2.6659435485839844,-53.59756097560976,25.243902439024392,-0.5487804878048781,44.48294117647059
0.7065208330000132,3.556586566162109,15.470134027099608,-1.350329736328125,-80.3658536585366,29.87804878048781,-10.792682926829269,44.48294117647059
0.7133207960000618,3.2154128295898436,-4.872200378417968,-6.667851623535156,-16.28048780487805,11.829268292682928,-5.3048780487804885,44.48294117647059
0.720140813999933,2.157175695800781,13.526042279052733,3.9659950500488277,-12.987804878048781,11.890243902439025,-5.182926829268293,44.48882352941177
0.7269511110000622,0.3746925598144531,3.2740707702636715,-1.9991583862304687,-39.87804878048781,8.292682926829269,-5.365853658536586,44.459411764705884
0.7337626660000751,0.14963760375976562,8.479065179443358,0.9241618408203125,-5.670731707317073,6.097560975609756,-6.52439024390244,44.48882352941177
0.7405802769999354,-0.22505495605468748,5.6946086486816405,-0.3076549133300781,-15.30487804878049,4.2682926829268295,-8.963414634146343,44.48294117647059
0.7473987399998805,-0.4465186096191406,5.36899722290039,-0.1580173095703125,15.000000000000002,-0.06097560975609757,-6.219512195121951,44.47117647058823
0.7544943699999749,-0.38786066894531246,12.957419384765624,-0.6727706665039062,0.0,-4.390243902439025,-10.24390243902439,44.494705882352946
0.7613634809999894,1.0103531005859374,7.034164477539062,1.5322890624999999,24.573170731707318,-6.036585365853659,-6.890243902439025,44.47117647058823
0.7682747960000142,0.3459621398925781,12.925097662353515,2.3906103576660156,12.865853658536587,-6.585365853658537,-7.865853658536586,44.47705882352941
0.7751964070000668,1.0390835205078124,1.956062756347656,-1.2569558715820313,29.634146341463417,-4.51219512195122,-12.621951219512196,44.47705882352941
0.7820359990000725,0.6691793640136718,12.05360825805664,1.7214309936523438,64.63414634146342,-3.048780487804878,-3.536585365853659,44.47705882352941
0.7888520179999432,1.2174515441894531,7.613561279296874,1.2797007873535156,51.09756097560976,1.3414634146341464,-6.219512195121951,44.47705882352941
0.7956701479999992,-2.110488763427734,8.049305981445311,-1.552639776611328,75.91463414634147,4.329268292682928,-22.80487804878049,44.46529411764706
0.8024849619998804,-0.11731588134765625,19.61270144958496,0.26216508178710934,67.6219512195122,53.41463414634147,82.6219512195122,44.459411764705884
0.8093045359998996,-3.446453289794922,12.631807958984375,-4.970362646484375,-28.231707317073173,68.41463414634147,90.73170731707317,44.47705882352941
0.8161299619998772,-11.975796704101562,19.61270144958496,-0.6368576416015624,39.69512195121951,52.13414634146342,37.5609756097561,44.48882352941177
0.8229675919999409,5.221753820800781,19.024326391601562,2.2397756530761717,-54.451219512195124,18.475609756097562,-5.670731707317073,44.494705882352946
0.8298042769999938,4.402936853027343,6.672640026855468,-6.004657763671875,-73.90243902439025,22.31707317073171,3.7195121951219514,44.48294117647059
0.83663827700002,0.9349357482910156,13.628992950439452,1.3024457031249999,-53.29268292682927,9.146341463414634,-6.52439024390244,44.47705882352941
0.843603628999972,4.352658618164062,12.52526598510742,-0.9852139831542969,-71.40243902439025,13.475609756097562,-11.463414634146343,44.47705882352941
0.8504442769999514,2.2397756530761717,7.333439685058593,-0.7110778930664062,-36.21951219512196,14.939024390243905,-15.731707317073171,44.47705882352941
0.8572791290000623,0.013168109130859374,9.011775048828124,1.2437877624511717,-21.28048780487805,11.219512195121952,-5.7926829268292686,44.47117647058823
0.8641162960000202,-1.0869675537109373,2.923320227050781,-1.4161702819824218,-3.780487804878049,8.719512195121952,-10.426829268292684,44.47705882352941
0.8709499070000675,0.2537853759765625,8.197746484375,-0.8056488586425781,-21.03658536585366,9.02439024390244,-13.475609756097562,44.47705882352941
0.8777847960000145,-0.42377369384765623,4.508281726074219,-2.2301988464355467,-26.76829268292683,8.292682926829269,-9.695121951219512,44.48294117647059
0.8846179069998925,-0.04908113403320312,1.905784521484375,4.378994836425781,34.81707317073171,7.987804878048781,-7.621951219512196,44.506470588235295
0.8914659990000473,0.9373299499511718,15.529989068603514,3.9815573608398434,18.29268292682927,6.158536585365854,-12.865853658536587,44.459411764705884
0.8983087399999476,0.7015010864257812,-1.2641384765625,-3.460818499755859,25.914634146341466,6.52439024390244,-11.890243902439025,44.48294117647059
0.9051427590000003,-0.2813186950683594,9.539696514892578,1.035492218017578,33.47560975609756,5.731707317073171,-8.048780487804878,44.50058823529412
0.9149275180000132,0.939724151611328,3.470395306396484,-0.5231330627441406,31.402439024390247,10.731707317073171,-21.34146341463415,44.47117647058823
0.9302277399999639,0.39983167724609375,2.560598675537109,-0.3172317199707031,107.8048780487805,31.951219512195124,52.07317073170732,44.48294117647059
0.9455258880000201,-2.9173347229003905,8.651447698974609,-6.293159063720703,-55.73170731707317,59.63414634146342,64.45121951219512,44.48294117647059
0.9608207960000072,5.342661004638671,19.564218865966797,-3.6236242126464844,-95.60975609756099,14.390243902439027,-10.731707317073171,44.47117647058823
0.9765985179999461,-0.6212953308105469,11.071985577392578,2.1823148132324217,-19.451219512195124,11.463414634146343,-3.658536585365854,44.46529411764706
0.9919228510000266,1.4987702392578124,3.0705636291503904,-2.1033061584472654,7.500000000000001,5.121951219512195,-9.451219512195122,44.48294117647059
1.0072261840000465,0.6919242797851562,7.259219433593749,-0.08738836059570312,-18.10975609756098,7.682926829268293,-10.792682926829269,44.47117647058823
1.022744203000002,1.5454571716308594,1.4772224243164063,-0.31004911499023435,58.29268292682927,13.536585365853659,-11.28048780487805,44.48294117647059
1.0381484810000075,0.2753331909179687,4.109647149658203,-0.44412440795898434,10.548780487804878,13.658536585365855,-16.158536585365855,44.48294117647059
1.0534857029999785,0.7338228088378905,6.967126831054687,1.5586252807617187,73.96341463414635,17.743902439024392,-22.865853658536587,44.47705882352941
1.0687823329999446,1.89620771484375,19.61270144958496,3.299209887695312,-42.6219512195122,49.32926829268293,77.7439024390244,44.48294117647059
1.0840793879999637,-13.705607403564452,19.61270144958496,-4.007893579101562,35.426829268292686,21.646341463414636,3.414634146341464,44.46529411764706
1.099379350999925,-0.5817910034179687,-2.8850130004882812,-4.7189714721679685,-63.65853658536586,6.402439024390245,-12.621951219512196,44.47117647058823
1.1146787210000184,4.090493536376953,15.25226167602539,-0.928950244140625,-48.170731707317074,21.219512195121954,-16.585365853658537,44.48294117647059
1.1299782579999373,-0.033518823242187495,9.066841687011719,5.142745166015625,-5.914634146341464,5.975609756097562,-15.30487804878049,44.494705882352946
1.1456292949999352,0.9720458740234375,-5.25407554321289,2.8227637573242186,31.280487804878053,2.5609756097560976,-6.402439024390245,44.47705882352941
1.1611523699998543,1.0283096130371092,-0.0909796630859375,2.3127988037109373,26.28048780487805,9.878048780487806,-13.170731707317074,44.494705882352946
1.1767950549999568,0.06464344482421874,-0.9900023864746094,-3.499125726318359,11.890243902439025,16.158536585365855,-18.231707317073173,44.47117647058823
1.1922277399999075,1.3934253662109375,9.853336932373047,3.8091748413085935,71.58536585365854,23.414634146341466,-17.31707317073171,44.494705882352946
1.2075055359998714,-9.78031378173828,2.7473464050292966,-0.316034619140625,-27.195121951219516,59.75609756097562,50.670731707317074,44.47705882352941
1.2208481099999062,-1.042674822998047,19.61270144958496,2.5450363647460934,-5.670731707317073,21.646341463414636,19.207317073170735,44.47705882352941
1.2332752770000752,1.8028338500976562,3.4524387939453125,-5.980715747070312,-84.14634146341464,-6.463414634146342,-10.731707317073171,44.47117647058823
1.2456992400000217,0.49799394531249996,13.481749548339844,4.584896179199219,-37.743902439024396,-4.207317073170732,-11.341463414634147,44.494705882352946
1.2581259439998576,1.935712042236328,-2.2828712829589843,1.0857704528808594,-13.597560975609758,4.51219512195122,-16.890243902439025,44.48294117647059
1.270548184000063,0.6189011291503906,5.785588311767578,-0.3232172241210937,-6.890243902439025,3.353658536585366,-15.853658536585368,44.50058823529412
1.2829674619999878,0.7050923889160156,5.738901379394531,0.6787561706542968,-1.829268292682927,2.1951219512195124,-20.731707317073173,44.48294117647059
1.2953853320000235,0.8008604553222656,6.985083343505859,1.0654197387695312,40.670731707317074,8.231707317073171,-21.34146341463415,44.47117647058823
1.307822109999961,0.296881005859375,6.849810949707031,-3.3506852233886715,24.390243902439025,13.658536585365855,-30.731707317073173,44.453529411764706
1.3222543140000198,1.5083470458984374,15.971719274902343,5.351040710449219,46.09756097560976,18.658536585365855,-30.54878048780488,44.47117647058823
1.3374993319998794,-2.7629087158203123,12.496535565185546,-2.710236279296875,-28.475609756097562,54.57317073170732,66.89024390243902,44.48294117647059
1.3527542399999675,-0.9325415466308593,4.309562988281249,1.0869675537109373,29.75609756097561,50.73170731707317,85.42682926829269,44.48882352941177
1.3680280359999415,-3.88818349609375,8.240842114257813,-10.710461126708983,-63.41463414634147,-16.585365853658537,-5.365853658536586,44.48882352941177
1.3832939249998617,-0.3758896606445312,3.632003918457031,2.262520568847656,-17.682926829268293,-14.634146341463415,-24.26829268292683,44.47705882352941
1.3985555179999665,2.971204260253906,5.838260748291015,-2.059013427734375,-35.97560975609756,8.902439024390244,-30.792682926829272,44.47117647058823
1.4138095549999434,0.27293898925781246,10.274716424560546,3.2046389221191403,3.353658536585366,13.29268292682927,-17.378048780487806,44.47117647058823
1.4290660550000212,0.11731588134765625,13.546392993164062,3.393780853271484,-9.695121951219512,10.426829268292684,-20.121951219512198,44.48294117647059
1.4443264989999989,0.13646949462890623,3.3770214416503905,0.9169792358398436,87.37804878048782,24.32926829268293,-50.243902439024396,44.459411764705884
1.4595855180000399,6.86297905883789,19.61270144958496,-8.796296899414061,-7.134146341463415,41.524390243902445,45.97560975609756,44.47117647058823
1.474841202999869,1.1827356201171875,-3.7002386657714843,2.3247698120117186,37.6219512195122,54.81707317073171,73.53658536585367,44.48294117647059
1.4901181289999386,-3.88818349609375,9.71686743774414,-4.141968872070312,-17.682926829268293,31.707317073170735,39.75609756097561,44.47117647058823
1.505426832000012,-0.027533319091796873,19.16678139038086,-7.957129217529296,-69.63414634146342,-23.53658536585366,-15.426829268292684,44.48294117647059
1.520735072999969,1.3670891479492187,9.86291373901367,2.1356278808593747,-15.487804878048783,-8.963414634146343,-20.79268292682927,44.47705882352941
1.535999036000021,1.3862427612304686,2.0075380920410155,-2.088940948486328,-17.926829268292686,3.658536585365854,-23.963414634146343,44.47705882352941
1.551229813999953,0.3603273498535156,2.1440075866699217,1.0414777221679687,30.30487804878049,2.1341463414634148,-27.25609756097561,44.47117647058823
1.566485683999872,-0.9002198242187499,11.129446417236327,-4.6639048339843745,-13.902439024390246,8.658536585365855,-27.5609756097561,44.47117647058823
1.582278610000003,0.04189852905273437,13.493720556640625,4.732139581298828,53.90243902439025,19.81707317073171,-45.85365853658537,44.47705882352941
1.5975504430000456,-7.254431030273437,10.50815108642578,-2.2385785522460937,-50.243902439024396,72.7439024390244,35.30487804878049,44.47705882352941
1.6128023879998636,-1.6053122131347655,8.768763580322265,3.134009973144531,-23.84146341463415,55.1829268292683,72.31707317073172,44.48294117647059
1.628054536000036,-1.7932570434570312,19.61270144958496,6.299144567871093,-11.463414634146343,35.487804878048784,-18.963414634146343,44.47117647058823
1.6433343690000584,0.39264907226562495,-0.8499415893554687,-4.848258361816406,-23.658536585365855,-2.682926829268293,-20.426829268292686,44.47117647058823
1.6588159989998985,1.878251202392578,10.953472595214842,-0.3232172241210937,-49.146341463414636,-5.731707317073171,-21.82926829268293,44.48294117647059
1.674178720999862,1.7717092285156248,6.3901242309570305,0.7517793212890624,-1.1585365853658538,14.573170731707318,-24.02439024390244,44.47117647058823
1.689560666000034,0.8355763793945312,9.968258612060547,0.45489831542968745,-8.414634146341465,-0.5487804878048781,-25.30487804878049,44.48294117647059
1.7048882029998822,1.0881646545410155,-2.7174188842773437,2.8215666564941406,65.1219512195122,9.878048780487806,-45.1219512195122,44.48294117647059
1.719726165999873,-0.6272808349609375,13.286622113037108,2.8993782104492185,40.304878048780495,13.414634146341465,-1.8902439024390245,44.494705882352946
1.7334840359999362,-4.824316345214844,12.957419384765624,-4.278438366699218,-37.07317073170732,30.182926829268297,66.70731707317074,44.48882352941177
1.7472221279999758,-0.21188684692382811,0.9983820922851562,0.17357962036132812,23.84146341463415,31.34146341463415,49.146341463414636,44.494705882352946
1.7609697400000641,-0.469263525390625,-3.1352070739746094,-5.578489868164062,-43.170731707317074,27.012195121951223,43.170731707317074,44.453529411764706
1.7747279799998523,1.8602946899414061,19.603723193359375,-5.92445200805664,-89.51219512195122,-24.573170731707318,-15.30487804878049,44.48294117647059
1.7884827400000631,2.232593048095703,3.564966271972656,3.132812872314453,2.987804878048781,-20.914634146341466,-38.84146341463415,44.46529411764706
1.8022296649999134,2.212242333984375,2.175132208251953,-4.623203405761719,-10.853658536585368,2.1341463414634148,-15.79268292682927,44.48882352941177
1.8159683879998738,1.265335577392578,1.3108254089355469,-3.356670727539062,-7.682926829268293,5.426829268292684,-30.975609756097565,44.48882352941177
1.8297332209999695,-0.22026655273437498,11.164162341308593,4.33470210571289,17.682926829268293,3.2926829268292686,-28.353658536585368,44.447647058823534
1.8441056469998784,-0.8212111694335937,-5.202600207519531,-5.868188269042968,58.53658536585366,9.817073170731708,-39.51219512195122,44.47117647058823
1.858352314000058,-4.691438153076172,19.61270144958496,4.237736938476562,-60.426829268292686,52.01219512195122,44.69512195121952,44.47705882352941
1.872127331999991,-0.8355763793945312,-4.842272857666015,-1.3096283081054687,39.75609756097561,59.39024390243903,59.57317073170732,44.47705882352941
1.8858753879999313,-4.007893579101562,9.230844500732422,-2.4947581298828125,-55.00000000000001,33.65853658536586,47.25609756097561,44.48882352941177
1.8996172019999449,-0.603338818359375,3.764882110595703,3.3315316101074215,42.743902439024396,5.426829268292684,22.012195121951223,44.46529411764706
1.9133669059999647,3.7110125732421873,8.142679846191406,-5.318718988037109,-71.70731707317074,-14.939024390243905,-39.390243902439025,44.47705882352941
1.9283325730000342,0.9828197814941406,5.776011505126953,1.926135235595703,-2.0121951219512195,-23.29268292682927,-12.621951219512196,44.46529411764706
1.9436328689998845,2.347514727783203,3.0705636291503904,-4.553771557617187,-11.646341463414634,-19.085365853658537,-32.5,44.47117647058823
1.9589221100000032,0.9157821350097656,5.911283898925781,0.8152256652832031,21.890243902439025,-7.987804878048781,-34.268292682926834,44.47705882352941
1.9742517580000367,0.29927520751953124,2.1068974609374997,-2.5450363647460934,42.5609756097561,12.560975609756099,-41.15853658536586,44.48294117647059
1.9895495729999766,8.8872765625,19.61270144958496,-12.236764685058594,41.707317073170735,42.926829268292686,35.0609756097561,44.48882352941177
2.0048407580000003,0.9026140258789062,-6.976703637695312,0.7541735229492187,4.146341463414634,62.804878048780495,51.09756097560976,44.47705882352941
2.0201802019998922,-4.732139581298828,18.478448413085935,1.1528080993652343,-23.04878048780488,30.853658536585368,47.6219512195122,44.48882352941177
2.035480998999901,-1.0785878479003905,2.048239520263672,0.15442600708007811,62.07317073170732,2.8658536585365857,32.86585365853659,44.46529411764706
2.050789739000038,2.7078420776367187,19.61270144958496,-12.27028350830078,-127.50000000000001,-21.82926829268293,-29.39024390243903,44.453529411764706
2.06606938799996,-0.7481880187988281,5.634753607177734,-3.096899847412109,-16.402439024390244,-21.951219512195124,-32.5,44.459411764705884
2.0813709990000007,1.3024457031249999,19.488801513671874,-7.319074475097656,-69.75609756097562,-7.073170731707318,-31.03658536585366,44.48882352941177
2.0966608319999978,0.8631096984863281,5.580884069824219,2.0266917053222655,32.743902439024396,6.585365853658537,-56.82926829268293,44.47117647058823
2.111949480000021,2.5067291381835934,12.497732666015624,1.7106570861816406,37.926829268292686,2.5609756097560976,-21.52439024390244,44.48294117647059
2.1272723499998847,-6.253654736328125,-1.8614917907714843,-6.38413872680664,-11.158536585365855,18.597560975609756,47.37804878048781,44.47705882352941
2.1425637390000247,-1.1623849060058593,16.870741998291013,7.168239770507812,-21.82926829268293,18.78048780487805,43.04878048780488,44.48882352941177
2.157854701999895,0.1005564697265625,7.281964349365234,-0.9959878906249999,23.84146341463415,4.817073170731708,52.07317073170732,44.48882352941177
2.1731557579998935,-0.5877765075683593,19.61270144958496,-9.74200655517578,21.34146341463415,-33.65853658536586,-13.04878048780488,44.48882352941177
2.1884521279998808,2.479195819091797,-8.130708837890625,-6.798335614013672,1.402439024390244,-37.01219512195122,-29.207317073170735,44.47705882352941
2.2037563500000488,0.9409212524414062,12.29542262573242,2.7617116149902343,-30.30487804878049,-31.82926829268293,-27.743902439024392,44.46529411764706
2.2190768129999014,1.1049240661621094,2.9891607727050777,-1.438915197753906,27.134146341463417,-7.8048780487804885,-48.47560975609756,44.447647058823534
2.234377832000064,1.6843208679199217,1.8997990173339843,-1.5646107849121094,26.646341463414636,-15.000000000000002,-36.82926829268293,44.459411764705884
2.249667776000024,0.3962403747558593,2.529474053955078,-0.612915625,64.45121951219512,21.097560975609756,25.975609756097562,44.459411764705884
2.2649673690000327,-0.7062894897460937,-4.7943888244628905,-2.1440075866699217,-19.939024390243905,39.87804878048781,47.01219512195122,44.46529411764706
2.280262738999909,-5.951985327148437,19.61270144958496,-1.908178723144531,-35.1219512195122,10.853658536585368,38.41463414634147,44.47705882352941
2.295555035999996,-2.009932293701172,6.323086584472656,0.20231004028320312,40.1219512195122,-12.073170731707318,69.87804878048782,44.47705882352941
2.310850701999925,-2.412158172607422,10.018536846923828,-6.655880615234374,46.28048780487805,-60.487804878048784,-6.158536585365854,44.47117647058823
2.3261476650000077,0.9469067565917968,2.469619012451172,0.5889736083984375,-39.207317073170735,-77.8048780487805,-32.6219512195122,44.459411764705884
2.341441609999947,8.52934341430664,15.32229207458496,7.382520819091797,-28.10975609756098,-47.86585365853659,-26.646341463414636,44.453529411764706
2.356766998000012,0.5614402893066406,6.311115576171875,3.1639374938964844,24.634146341463417,-34.32926829268293,-42.6219512195122,44.453529411764706
2.3720900539999548,1.7166425903320313,15.1313544921875,2.8335376647949215,34.32926829268293,-25.182926829268293,-42.987804878048784,44.47117647058823
2.3873859430000266,1.2665326782226562,15.515623858642577,0.23223756103515625,-57.926829268292686,8.78048780487805,51.585365853658544,44.47117647058823
2.402976849999959,-0.13766659545898435,19.61270144958496,7.100005023193359,-49.69512195121952,20.48780487804878,46.34146341463415,44.47117647058823
2.418273757999941,-2.3247698120117186,8.846575134277343,0.20350714111328125,8.78048780487805,7.743902439024391,50.487804878048784,44.447647058823534
2.4335783869998977,-0.6943184814453125,3.8462849670410155,-0.5351040710449219,36.951219512195124,-2.378048780487805,54.451219512195124,44.459411764705884
2.4488953129998663,-2.1775264099121094,13.409923498535155,0.1388636962890625,39.75609756097561,-28.59756097560976,-16.28048780487805,44.441764705882356
2.464276664999943,2.971204260253906,-6.661866119384765,-6.487089398193359,-1.402439024390244,-51.524390243902445,-33.84146341463415,44.47117647058823
2.4809249059999274,7.1215528381347655,18.933346728515623,-5.064933612060546,-66.64634146341464,-27.134146341463417,-29.32926829268293,44.46529411764706
2.496663091000073,1.3431471313476562,5.865794067382812,-1.7956512451171873,17.865853658536587,-6.463414634146342,-67.98780487804879,44.447647058823534
2.5120057579999866,0.5410895751953124,19.61270144958496,-8.768763580322265,52.6219512195122,23.658536585365855,5.0,44.47705882352941
2.5273151090000283,-0.24061726684570311,-1.7369933044433592,-4.183867401123047,-8.536585365853659,33.109756097560975,35.1219512195122,44.47705882352941
2.542624923999938,-0.6512228515624999,15.940594653320312,-0.6296750366210937,-33.78048780487805,15.121951219512196,29.146341463414636,44.46529411764706
2.557928886999889,-0.8355763793945312,4.467580297851562,0.6703764648437499,38.10975609756098,-12.01219512195122,62.19512195121952,44.447647058823534
2.573228368999935,-0.44412440795898434,19.61270144958496,6.76721099243164,2.1341463414634148,-5.548780487804878,39.146341463414636,44.46529411764706
2.5885254979998535,0.5434837768554687,19.61270144958496,-6.903680487060546,-14.26829268292683,-32.01219512195122,-26.58536585365854,44.441764705882356
2.603786682999953,2.6048914062499997,-2.798821740722656,-2.825157958984375,22.012195121951223,-42.987804878048784,-49.268292682926834,44.47117647058823
2.6190700170000127,4.587290380859375,17.91221972045898,2.8024130432128906,-27.500000000000004,-32.6219512195122,-32.31707317073171,44.46529411764706
2.634323497999958,0.9744400756835937,0.14724340209960937,-5.054159704589844,63.10975609756098,-0.5487804878048781,-64.81707317073172,44.453529411764706
2.6496336650000103,7.344213592529297,19.61270144958496,-9.846154327392577,-31.280487804878053,37.987804878048784,16.646341463414636,44.48882352941177
2.6649450719999095,-0.8511386901855468,-0.2501940734863281,-5.653907220458984,-1.2195121951219514,38.65853658536586,42.926829268292686,44.47117647058823
2.680253943000025,-3.384204046630859,19.092561138916015,3.494337322998047,-37.43902439024391,15.853658536585368,25.30487804878049,44.447647058823534
2.6955691279999883,-1.3826514587402343,4.61602080078125,0.48243163452148435,36.03658536585366,-4.146341463414634,59.146341463414636,44.46529411764706
2.71084255400001,-2.1452046874999997,10.013748443603514,3.201047619628906,21.585365853658537,-12.987804878048781,52.37804878048781,44.459411764705884
2.7261714429998847,-0.015562310791015624,19.56781016845703,-1.600523809814453,-36.707317073170735,-49.451219512195124,-38.29268292682927,44.453529411764706
2.7414699609998934,1.419761584472656,-0.47764323120117186,2.986766571044922,46.21951219512196,-42.50000000000001,-37.13414634146342,44.47705882352941
2.756767016999902,3.6810850524902343,4.848258361816406,-5.625176800537109,-41.524390243902445,-18.414634146341466,-44.63414634146342,44.453529411764706
2.7720622019999155,1.054645831298828,1.0809820495605469,-2.5234885498046875,16.34146341463415,-2.1951219512195124,-49.39024390243903,44.46529411764706
2.7873287570000684,2.04943662109375,19.61270144958496,-0.3112462158203125,-34.75609756097561,54.75609756097561,16.52439024390244,44.447647058823534
2.802581553999971,-0.7912836486816406,-3.544615557861328,-1.9919757812499999,16.158536585365855,61.707317073170735,42.50000000000001,44.447647058823534
2.8179070720000254,-4.708197564697265,13.838485595703125,0.45010991210937495,-62.6829268292683,36.768292682926834,24.451219512195124,44.447647058823534
2.8332051830000182,-0.8391676818847655,5.224148022460938,-0.4034229797363281,35.0,22.195121951219512,61.95121951219513,44.46529411764706
2.8485248689999025,-1.3383587280273437,19.10932055053711,5.182249493408203,-22.073170731707318,12.378048780487806,39.390243902439025,44.459411764705884
2.8638263870000173,-0.076614453125,19.61270144958496,0.3711012573242187,-34.32926829268293,-33.41463414634146,-40.36585365853659,44.447647058823534
2.8791211459999886,0.9301473449707031,-0.43933600463867184,-1.974019268798828,39.32926829268293,-38.963414634146346,-36.58536585365854,44.441764705882356
2.89442225699986,3.440467785644531,-3.3542765258789062,-7.074865905761718,-13.963414634146343,-18.597560975609756,-44.81707317073171,44.453529411764706
2.909721442999853,1.1707646118164061,-1.5969325073242187,-4.656722229003906,45.243902439024396,-10.060975609756099,-63.29268292682927,44.47117647058823
2.925040480000007,-1.7860744384765623,19.61270144958496,1.9967641845703124,-65.0,40.73170731707317,31.463414634146343,44.46529411764706
2.9403316650000306,-0.9193734375,-2.7653029174804686,1.5885528015136718,2.804878048780488,40.97560975609756,41.58536585365854,44.459411764705884
2.9556292019999546,-2.7150246826171873,11.068394274902342,-5.052962603759766,-45.85365853658537,20.54878048780488,38.04878048780488,44.46529411764706
2.971124553999971,-0.2657563842773437,-0.7685387329101562,0.4417302062988281,49.268292682926834,13.353658536585368,44.63414634146342,44.47117647058823
2.9863937019999867,-1.8531120849609375,12.279860314941406,-6.900089184570312,-21.28048780487805,-4.024390243902439,34.390243902439025,44.48294117647059
3.001644682999995,0.3591302490234375,4.596268637084961,3.372233038330078,71.46341463414635,-41.768292682926834,-28.04878048780488,44.47117647058823
3.0168985539999085,0.01915361328125,-8.772354882812499,-2.916137622070312,4.085365853658537,-42.743902439024396,-51.03658536585366,44.47117647058823
3.0322150719998717,2.8215666564941406,13.385981481933593,2.9759926635742184,-5.975609756097562,-43.78048780487805,-34.75609756097561,44.47117647058823
3.0475232019998657,2.088940948486328,8.149862451171874,0.488417138671875,47.987804878048784,-17.195121951219512,-58.78048780487806,44.441764705882356
3.0628288129998964,9.03332286376953,19.61270144958496,2.0841525451660154,-98.84146341463415,20.670731707317074,28.292682926829272,44.47117647058823
3.078098831000034,-0.6955155822753906,1.7896657409667969,0.8212111694335937,3.963414634146342,27.073170731707318,34.63414634146342,44.47705882352941
3.0943977570000243,-3.1316157714843746,17.788918334960936,0.19393033447265623,-41.09756097560976,7.560975609756098,37.19512195121951,44.47117647058823
3.110792201999857,-0.39983167724609375,0.3435679382324219,0.011971008300781249,61.15853658536586,-5.0,54.207317073170735,44.447647058823534
3.127186793999954,0.3938461730957031,14.915876342773437,-7.775169891357422,-31.280487804878053,-2.5609756097560976,40.60975609756098,44.447647058823534
3.1436083869998583,-8.457517364501953,19.61270144958496,-0.35673604736328124,-70.91463414634147,-41.21951219512196,-52.6829268292683,44.47705882352941
3.160010867999972,-0.3064578125,9.603142858886718,3.451241693115234,22.98780487804878,-31.402439024390247,-35.0609756097561,44.459411764705884
3.1757856090000587,3.0597897216796874,5.839457849121094,-1.5083470458984374,3.1097560975609757,-28.414634146341466,-51.646341463414636,44.459411764705884
3.1910850350000146,0.9277531433105468,7.053318090820312,5.595249279785156,46.524390243902445,14.146341463414636,24.939024390243905,44.47117647058823
3.2063811279999754,1.3958195678710936,-4.517858532714843,-4.274847064208984,-28.170731707317074,15.426829268292684,38.71951219512196,44.441764705882356
3.2216780159999416,-3.9181110168457027,19.591752185058592,1.9009961181640624,-42.804878048780495,3.048780487804878,29.146341463414636,44.447647058823534
3.236971682999865,-0.8894459167480468,4.838681555175781,0.5458779785156249,26.951219512195124,-5.487804878048781,45.79268292682927,44.47117647058823
3.252550238999902,1.5682020874023437,-4.783614916992187,-5.6395420104980465,37.07317073170732,-8.292682926829269,40.1829268292683,44.447647058823534
3.267878220000057,-0.86191259765625,19.61270144958496,-12.627019555664061,38.170731707317074,-51.09756097560976,-10.30487804878049,44.441764705882356
3.2831777199999124,2.2565350646972653,-8.426392742919921,-7.413645440673828,25.731707317073173,-56.646341463414636,-33.109756097560975,44.453529411764706
3.2984770900000058,1.7357962036132812,17.31247220458984,0.0,-35.487804878048784,-40.79268292682927,-37.5609756097561,44.441764705882356
3.313826830999915,2.2385785522460937,5.341463903808593,-1.380257257080078,42.50000000000001,-5.914634146341464,-70.42682926829269,44.46529411764706
3.3292977389999123,-6.083666418457031,19.61270144958496,8.89326206665039,-109.69512195121952,32.25609756097561,32.926829268292686,44.46529411764706
3.344623201999866,-2.175132208251953,2.3127988037109373,-1.3658920471191405,13.109756097560977,38.84146341463415,22.80487804878049,44.447647058823534
3.359938867999972,-1.1707646118164061,-3.6092590026855467,-5.948394024658203,-22.80487804878049,9.085365853658537,40.60975609756098,44.453529411764706
3.3752513130000352,-0.43933600463867184,7.137115148925781,-0.9074024291992187,-3.7195121951219514,5.487804878048781,39.390243902439025,44.47117647058823
3.3905516649999754,0.584185205078125,19.61270144958496,-3.6750995483398436,-23.414634146341466,5.426829268292684,24.26829268292683,44.46529411764706
3.4058458309998514,0.017956512451171875,8.325836273193358,-0.08858546142578125,53.47560975609757,-22.5609756097561,-3.658536585365854,44.459411764705884
3.421142015999976,3.585316986083984,19.61270144958496,-4.649539624023437,-77.6219512195122,-52.50000000000001,-48.65853658536586,44.453529411764706
3.436435830999926,0.6751648681640625,7.329848382568359,2.085349645996094,-0.5487804878048781,-42.6219512195122,-48.59756097560976,44.46529411764706
3.4517289610000716,2.2649147705078123,7.174225274658203,-2.062604730224609,16.463414634146343,-6.2804878048780495,-47.37804878048781,44.46529411764706
3.4670197939999525,-4.571728070068359,19.552247857666014,-6.740874774169922,-85.73170731707317,20.670731707317074,33.71951219512196,44.46529411764706
3.482314163999945,-2.541445062255859,19.61270144958496,6.470329986572265,-24.573170731707318,14.878048780487806,18.963414634146343,44.459411764705884
3.4976801459999933,0.034715924072265626,19.61270144958496,8.576030346679687,-44.63414634146342,14.756097560975611,28.10975609756098,44.459411764705884
3.5138171270000385,-0.3962403747558593,15.552733984375,5.785588311767578,12.682926829268293,10.060975609756099,45.73170731707317,44.46529411764706
3.529101700999945,-0.9313444458007812,6.974309436035155,0.003591302490234375,25.30487804878049,-3.963414634146342,41.15853658536586,44.46529411764706
3.5443680900000345,-0.7158662963867187,9.704896429443359,2.1679496032714844,76.76829268292684,-28.231707317073173,-35.79268292682927,44.46529411764706
3.559688441999924,0.824802471923828,-2.932897033691406,-7.043741284179687,-5.975609756097562,-75.48780487804879,-54.024390243902445,44.459411764705884
3.574984776000065,2.519897247314453,19.61270144958496,7.15028325805664,-52.987804878048784,-49.69512195121952,-56.89024390243903,44.459411764705884
3.5903047750000496,6.791153009033203,19.61270144958496,1.2988544006347655,8.658536585365855,-9.146341463414634,19.390243902439025,44.459411764705884
3.6056242199999815,-1.2342109558105467,-2.6503812377929687,-1.7094599853515624,-18.353658536585368,1.8902439024390245,35.73170731707317,44.43588235294118
3.6210720899998705,-4.3813890380859375,19.61270144958496,3.6391865234374996,-48.59756097560976,2.804878048780488,20.0,44.46529411764706
3.636723274999895,-1.0678139404296874,9.706093530273437,1.9704279663085937,12.682926829268293,1.9512195121951221,24.573170731707318,44.43588235294118
3.65209847899996,-0.5410895751953124,10.112509262084961,7.190984686279297,15.121951219512196,-5.731707317073171,21.03658536585366,44.441764705882356
3.6673955530000057,-0.027533319091796873,4.152742779541016,0.19991583862304688,91.89024390243904,-21.82926829268293,40.1829268292683,44.47117647058823
3.6826945529999193,0.46686932373046874,19.61270144958496,-6.232106921386718,28.414634146341466,-52.37804878048781,-16.34146341463415,44.46529411764706
3.697993237999981,1.7214309936523438,-2.090138049316406,-6.726509564208984,8.658536585365855,-66.46341463414635,-56.28048780487806,44.441764705882356
3.713292089999868,0.9373299499511718,8.256404425048828,1.419761584472656,-0.48780487804878053,-53.35365853658537,-72.13414634146342,44.47117647058823
3.7281381830000555,5.421669659423828,19.61270144958496,-3.229778039550781,-80.0,5.609756097560976,2.0121951219512195,44.47117647058823
3.741874460999952,0.15203180541992187,9.897629663085937,6.974309436035155,11.219512195121952,6.097560975609756,32.86585365853659,44.453529411764706
3.7556500159998905,-7.114370233154297,14.891934326171874,-1.9225439331054686,-54.268292682926834,-18.414634146341466,22.865853658536587,44.453529411764706
3.7694334979998985,0.11851298217773437,4.656722229003906,-1.6029180114746093,22.621951219512198,-18.414634146341466,32.6219512195122,44.48882352941177
3.783190090000062,1.7525556152343749,13.305775726318359,1.886630908203125,-42.25609756097561,-16.34146341463415,23.353658536585368,44.494705882352946
3.796945330999961,-0.31483751831054685,8.49821879272461,0.48123453369140623,38.78048780487805,-22.98780487804878,29.573170731707318,44.459411764705884
3.810698737999928,0.46686932373046874,5.2444987365722655,3.1675287963867187,83.90243902439025,-23.84146341463415,38.78048780487805,44.47705882352941
3.8244494789998953,-3.076549133300781,19.61270144958496,-2.986766571044922,-38.59756097560976,-56.585365853658544,-58.10975609756098,44.459411764705884
3.8381941269999515,-1.3563152404785155,0.49200844116210934,0.3651157531738281,33.170731707317074,-56.15853658536586,-77.6219512195122,44.46529411764706
3.851961941999889,2.5055320373535155,19.61270144958496,-1.9009961181640624,21.158536585365855,-2.7439024390243905,15.365853658536587,44.447647058823534
3.8657533309999508,0.49679684448242184,-9.508571893310547,3.881000891113281,-8.597560975609756,12.134146341463415,26.402439024390247,44.47705882352941
3.8794905529998687,-0.8200140686035156,8.447940557861328,5.617994195556641,-20.975609756097562,0.12195121951219513,9.51219512195122,44.453529411764706
3.8932401459999255,0.008379705810546874,3.171120098876953,-3.5960908935546874,-4.085365853658537,19.02439024390244,25.975609756097562,44.441764705882356
3.9069808859999284,0.37708676147460934,10.174159954833984,3.6535517333984373,24.451219512195124,17.25609756097561,16.03658536585366,44.453529411764706
3.920744589999913,-2.0937293518066404,10.714052429199219,-4.128800762939453,-19.207317073170735,6.829268292682928,17.743902439024392,44.441764705882356
3.9357153119999566,-0.2501940734863281,3.9037458068847655,2.6396073303222654,93.47560975609757,7.987804878048781,36.707317073170735,44.46529411764706
3.951043238000011,-0.6368576416015624,12.67250938720703,-3.5003228271484375,17.31707317073171,-33.170731707317074,-25.182926829268293,44.459411764705884
3.9663457009999092,1.983596075439453,6.348225701904297,-2.2936451904296873,-16.76829268292683,-54.146341463414636,-71.95121951219512,44.441764705882356
3.9816568490000463,3.2249896362304686,15.01583426208496,-3.5326445495605467,-5.975609756097562,-8.048780487804878,-8.78048780487805,44.447647058823534
3.9969541640000443,0.5147533569335937,2.1535843933105467,-3.841496563720703,-26.58536585365854,18.170731707317074,26.646341463414636,44.453529411764706
4.012253774999863,-4.420893365478515,19.487604412841797,-5.729324572753906,-80.79268292682927,5.975609756097562,15.914634146341465,44.459411764705884
4.027258905000053,-0.5015852478027344,5.9208607055664055,-1.697488977050781,-7.987804878048781,6.219512195121951,16.402439024390244,44.441764705882356
4.0410077569999885,0.05985504150390625,7.317877374267578,3.584119885253906,3.048780487804878,2.804878048780488,11.646341463414634,44.46529411764706
4.054739793999943,0.06105214233398437,0.8631096984863281,0.8092401611328125,38.10975609756098,-6.097560975609756,18.53658536585366,44.459411764705884
4.068768533999901,-0.8714894042968749,2.786850732421875,-1.1336544860839843,59.93902439024391,-9.939024390243903,12.134146341463415,44.43588235294118
4.082538868000029,0.6560112548828124,-3.005920184326172,-4.11802685546875,54.69512195121952,-15.30487804878049,21.707317073170735,44.43588235294118
4.09628794199989,-3.843890765380859,19.61270144958496,13.102268585205078,57.50000000000001,-59.93902439024391,-80.1829268292683,44.453529411764706
4.110038608999957,2.3331495178222657,-0.35793314819335936,-10.828974108886719,49.81707317073171,-56.09756097560976,4.75609756097561,44.459411764705884
4.123895515999948,-1.5981296081542968,2.136824981689453,-5.610811590576172,-90.54878048780489,-0.6707317073170732,6.036585365853659,44.447647058823534
4.139287089999925,-0.3591302490234375,19.067422021484372,7.936778503417968,-65.2439024390244,-7.926829268292684,17.378048780487806,44.453529411764706
4.155772349000017,-1.005564697265625,6.625953094482422,-1.0905588562011719,-7.439024390243903,-16.158536585365855,15.182926829268293,44.441764705882356
4.171303996999995,1.2581529724121092,11.401188305664062,3.2561142578125,-12.682926829268293,-13.231707317073171,11.52439024390244,44.459411764705884
4.186791182999968,-0.44532150878906246,5.0014872680664055,3.2213983337402343,32.25609756097561,-15.243902439024392,17.31707317073171,44.447647058823534
4.202152516000069,-0.33758243408203126,-4.550180255126953,0.8774749084472656,34.69512195121951,-18.04878048780488,27.134146341463417,44.459411764705884
4.217486978999887,-0.9097966308593749,4.954800335693359,5.8083332275390624,62.865853658536594,-9.146341463414634,11.219512195121952,44.453529411764706
4.22897571999988,0.9660603698730468,19.61270144958496,-0.6404489440917969,58.84146341463415,-46.15853658536586,-80.3048780487805,44.447647058823534
4.235990644999902,2.9460651428222655,16.84799708251953,-5.979518646240234,-20.731707317073173,-48.65853658536586,-78.96341463414635,44.459411764705884
4.243027237999968,11.40238540649414,19.61270144958496,-18.266561566162107,42.6219512195122,-38.23170731707317,12.74390243902439,44.441764705882356
4.2500299599998925,-1.4233528869628906,19.61270144958496,3.566163372802734,-69.26829268292684,3.780487804878049,16.646341463414636,44.441764705882356
4.2569731270000375,-1.0905588562011719,3.517082238769531,1.6927005737304686,-81.95121951219512,3.5975609756097566,17.439024390243905,44.447647058823534
4.2638058309999,-3.3698388366699215,9.247603912353515,-0.5458779785156249,-57.43902439024391,2.5609756097560976,8.048780487804878,44.447647058823534
4.270660163999992,-2.750937707519531,15.855600494384765,-5.541379742431641,-71.40243902439025,3.1097560975609757,8.902439024390244,44.447647058823534
4.2774648859999616,-0.09457096557617187,8.66940421142578,0.42497079467773435,-13.597560975609758,2.378048780487805,14.26829268292683,44.447647058823534
4.284267553000063,0.5734112976074218,11.93270107421875,3.72178648071289,-24.81707317073171,5.0,14.634146341463415,44.447647058823534
4.291064996999921,0.507570751953125,7.338228088378906,0.699106884765625,-26.402439024390247,6.951219512195123,8.841463414634147,44.447647058823534
4.297866663999912,0.2741360900878906,5.938817218017578,-0.3902548706054687,-14.756097560975611,9.207317073170733,10.853658536585368,44.43588235294118
4.304665515999886,0.21428104858398436,9.871293444824218,1.2964601989746094,0.0,7.8048780487804885,11.402439024390246,44.441764705882356
4.31146462699985,1.1372457885742187,2.521094348144531,-2.0841525451660154,-5.121951219512195,4.390243902439025,8.414634146341465,44.453529411764706
4.318266107999989,-0.24660277099609373,4.752490295410156,-0.3687070556640625,21.34146341463415,2.1341463414634148,11.585365853658537,44.459411764705884
4.325065553000059,0.316034619140625,11.238382592773437,3.8750153869628905,16.70731707317073,2.8658536585365857,7.865853658536586,44.441764705882356
4.331865182000001,0.7242460021972655,7.38012661743164,0.3327940307617187,22.926829268292686,3.414634146341464,10.670731707317074,44.43
4.338669181999876,-0.7900865478515624,7.125144140624999,-0.2932897033691406,35.79268292682927,2.9268292682926833,13.841463414634148,44.447647058823534
4.345471757000041,0.6392518432617187,0.6907271789550781,1.2988544006347655,73.96341463414635,2.8658536585365857,17.073170731707318,44.43588235294118
4.352319608000016,0.09457096557617187,9.50617769165039,2.4396914916992185,90.1219512195122,5.609756097560976,4.146341463414634,44.43588235294118
4.359152664000021,0.1580173095703125,12.597092034912109,0.7338228088378905,90.73170731707317,-9.390243902439025,-28.353658536585368,44.453529411764706
4.365969404999987,-0.6476315490722656,19.468450799560546,0.12569558715820311,-31.646341463414636,-43.170731707317074,-64.57317073170732,44.453529411764706
4.372785163999879,8.275558038330077,14.003685510253906,-10.026916552734374,-42.25609756097561,-29.87804878048781,11.341463414634147,44.459411764705884
4.379606793999983,0.5901707092285156,7.630320690917968,-2.7521348083496093,-38.35365853658537,-1.524390243902439,13.963414634146343,44.46529411764706
4.386435515999892,-3.3411084167480465,8.989030133056641,-5.419275457763671,-70.3048780487805,-8.841463414634147,2.1341463414634148,44.453529411764706
4.393258144999891,-3.689464758300781,10.067617980957031,-2.7557261108398436,-69.69512195121952,-12.134146341463415,9.329268292682928,44.46529411764706
4.400119367999878,-2.2457611572265623,5.7077767578125,-1.5227122558593749,-44.69512195121952,-13.78048780487805,9.51219512195122,44.453529411764706
4.406933330999891,-0.5734112976074218,5.491101507568359,-3.1459809814453124,-40.0,-14.207317073170733,10.487804878048781,44.43588235294118
4.4137462940000205,0.3591302490234375,9.62109937133789,2.2481553588867187,-16.28048780487805,-6.890243902439025,5.2439024390243905,44.447647058823534
4.42055914499997,0.6512228515624999,4.037821099853516,0.296881005859375,-7.500000000000001,-4.2682926829268295,6.7682926829268295,44.453529411764706
4.42737307099992,0.32920272827148434,12.291831323242187,2.910152117919922,2.5,-7.682926829268293,6.829268292682928,44.447647058823534
4.434187905000044,0.19632453613281248,8.819041815185546,0.8966285217285156,-20.48780487804878,-12.865853658536587,8.170731707317074,44.453529411764706
4.441064181999991,1.0378864196777342,1.886630908203125,0.8750807067871094,15.79268292682927,-12.865853658536587,4.573170731707317,44.441764705882356
4.447884034000026,0.40462008056640625,11.360486877441405,1.6543933471679686,25.30487804878049,-12.256097560975611,4.390243902439025,44.453529411764706
4.454698311999891,0.09696516723632811,4.149151477050781,0.39983167724609375,28.658536585365855,-9.695121951219512,4.146341463414634,44.441764705882356
4.46151153400001,0.8391676818847655,9.80665,0.5434837768554687,32.31707317073171,-8.597560975609756,3.4756097560975614,44.447647058823534
4.468325941999865,1.6986860778808592,-2.7557261108398436,-2.3690625427246093,22.682926829268293,-7.134146341463415,9.146341463414634,44.459411764705884
4.475144405000037,0.23343466186523437,10.238803399658202,3.9647979492187497,58.23170731707317,-4.939024390243903,2.5609756097560976,44.453529411764706
4.481962108000062,0.8906430175781249,1.149216796875,-1.8938135131835936,37.25609756097561,-4.51219512195122,-5.670731707317073,44.43588235294118
4.488828553000076,0.05386953735351562,2.6324247253417967,-2.029085906982422,77.07317073170732,-7.439024390243903,13.04878048780488,44.441764705882356
4.495684942000025,-0.15442600708007811,4.932055419921875,-11.286266625976562,93.84146341463415,-19.085365853658537,-16.82926829268293,44.43588235294118
4.502575626999942,5.0182466796875,19.61270144958496,-14.534001177978515,17.012195121951223,-17.5,16.463414634146343,44.43588235294118
4.509389663999855,1.5418658691406248,7.466317877197265,-7.123947039794921,-82.43902439024392,7.378048780487806,22.073170731707318,44.447647058823534
4.516204718999916,-0.4261678955078125,7.113173132324218,0.5315127685546874,-111.40243902439025,6.585365853658537,22.073170731707318,44.46529411764706
4.523019960000056,0.5255272644042969,-9.01536635131836,-5.941211419677734,-102.98780487804879,9.573170731707318,19.878048780487806,44.42411764705882
4.529964070999995,-0.201112939453125,0.09935936889648436,-1.5981296081542968,-20.60975609756098,9.634146341463415,16.890243902439025,44.41235294117647
4.536786904999872,-0.17238251953125,12.989741107177734,3.4632127014160154,2.682926829268293,15.54878048780488,-13.597560975609758,44.42411764705882
4.543657922999955,0.7661445312499999,-2.2972364929199216,-3.3590649291992185,-18.597560975609756,17.195121951219512,-44.268292682926834,44.43
4.550473923000027,3.592499591064453,19.61270144958496,1.2988544006347655,-2.5609756097560976,30.975609756097565,-5.914634146341464,44.441764705882356
4.557291274999898,-0.8487444885253905,-2.424129180908203,-7.192181787109375,-61.646341463414636,31.03658536585366,-0.24390243902439027,44.441764705882356
4.564107811999975,-1.3670891479492187,2.1583727966308595,-0.2813186950683594,-0.6707317073170732,23.231707317073173,6.158536585365854,44.441764705882356
4.570922811999935,-1.4149731811523436,19.61270144958496,-2.3163901062011716,-44.146341463414636,18.53658536585366,-3.1097560975609757,44.43588235294118
4.577764496999862,-0.47165772705078124,2.779668127441406,-0.9469067565917968,2.5609756097560976,12.621951219512196,2.8658536585365857,44.43
4.584619016000033,0.47884033203125,11.062408770751953,2.252943762207031,15.731707317073171,7.987804878048781,0.9756097560975611,44.43
4.591441866999958,-0.8882488159179687,1.3862427612304686,-1.552639776611328,20.48780487804878,4.634146341463415,-3.048780487804878,44.441764705882356
4.59825844199986,-0.23223756103515625,8.615534674072265,3.258508459472656,52.743902439024396,-3.8414634146341466,6.890243902439025,44.441764705882356
4.6050740339999265,-0.4333505004882812,18.951303240966794,7.138312249755859,8.048780487804878,-3.7195121951219514,0.7926829268292683,44.453529411764706
4.611893348999956,-0.6488286499023437,-3.460818499755859,-3.8175545471191406,31.09756097560976,-5.670731707317073,-3.780487804878049,44.453529411764706
4.618714275000002,-0.43933600463867184,-2.6791116577148437,-2.4480711975097655,84.14634146341464,-6.585365853658537,-11.097560975609756,44.459411764705884
4.625585441999874,1.1647791076660157,0.8798691101074219,-19.6133,122.98780487804879,-2.1951219512195124,14.939024390243905,44.43588235294118
4.632401479000009,-2.5570073730468748,19.61270144958496,-6.076483813476562,-44.69512195121952,-17.621951219512198,7.378048780487806,44.441764705882356
4.639217034000012,-1.7034744812011717,2.6288334228515624,-7.849390142822265,-136.52439024390245,-36.03658536585366,-8.597560975609756,44.441764705882356
4.646033978999867,-1.4975731384277342,1.9105729248046874,0.6428431457519531,-94.20731707317074,-37.6829268292683,-11.463414634146343,44.43588235294118
4.653614255999855,-0.3687070556640625,-5.249287139892578,-3.3255461059570313,-87.6829268292683,-37.926829268292686,-13.902439024390246,44.46529411764706
4.660452497000051,1.4592659118652342,-3.5901053894042967,-2.9364883361816405,-9.756097560975611,-36.58536585365854,-16.097560975609756,44.453529411764706
4.667265570999916,1.5789759948730469,17.718289385986328,1.351526837158203,10.121951219512196,-41.28048780487805,-0.1829268292682927,44.453529411764706
4.6740882560000045,0.051475335693359374,4.096479040527344,-1.5059528442382812,-18.53658536585366,-46.951219512195124,62.07317073170732,44.459411764705884
4.680887311999868,0.3076549133300781,6.962338427734375,12.751518041992187,38.41463414634147,-38.59756097560976,25.853658536585368,44.447647058823534
4.687702960000024,1.946485949707031,-1.3239935180664062,-7.3466077941894525,-56.34146341463415,-36.28048780487805,-0.5487804878048781,44.43588235294118
4.69452649699997,-0.028730419921875,-1.5705962890624998,-6.232106921386718,45.79268292682927,-31.03658536585366,-0.30487804878048785,44.441764705882356
4.701346552999894,1.5634136840820312,15.265429785156249,3.0322564025878904,5.670731707317073,-28.475609756097562,9.26829268292683,44.43
4.708165718999908,1.061828436279297,14.203601348876953,3.1411925781249996,-8.475609756097562,-22.865853658536587,-0.6097560975609757,44.453529411764706
4.714987459999975,0.5793968017578125,-0.5386953735351562,-3.6379894226074216,20.426829268292686,-21.890243902439025,-0.7926829268292683,44.459411764705884
4.7218074969998725,0.44053310546874996,4.313154290771484,-2.655169641113281,59.024390243902445,-21.646341463414636,8.658536585365855,44.447647058823534
4.728629089999913,0.38666356811523434,2.883815899658203,-0.16879121704101563,66.34146341463415,-17.378048780487806,-4.451219512195122,44.447647058823534
4.735448590000033,0.594959112548828,9.727641345214844,2.6527754394531247,91.52439024390245,-12.682926829268293,-12.865853658536587,44.441764705882356
4.74226742299993,3.470395306396484,10.602722052001953,-0.12689268798828124,28.353658536585368,-10.792682926829269,-15.54878048780488,44.441764705882356
4.749086775000023,-0.1292868896484375,0.07781155395507812,-2.6982652709960937,13.29268292682927,-7.987804878048781,4.085365853658537,44.43588235294118
4.755904922999889,1.2413935607910156,3.411737365722656,1.9021932189941406,53.17073170731708,-5.487804878048781,39.57317073170732,44.43588235294118
4.762723459999961,-11.91953296508789,19.61270144958496,0.49679684448242184,-11.76829268292683,1.829268292682927,3.4756097560975614,44.441764705882356
4.7697849779999615,-0.5422866760253906,3.6068648010253903,-7.213729602050781,-59.93902439024391,-40.73170731707317,-1.2804878048780488,44.43
4.776599516000033,-0.9576806640625,2.2493524597167966,0.59376201171875,-18.597560975609756,-42.6219512195122,-5.182926829268293,44.441764705882356
4.7834037009999975,2.5043349365234375,7.619546783447265,-0.14604630126953125,-19.878048780487806,-39.146341463414636,17.98780487804878,44.447647058823534
4.790228071000001,3.2154128295898436,10.551246716308594,4.763264202880859,-54.39024390243903,-32.80487804878049,14.695121951219514,44.441764705882356
4.79704003400002,3.9564182434082027,1.2725181823730467,-6.313509777832031,-91.03658536585367,-28.04878048780488,13.04878048780488,44.43588235294118
4.803983718999916,0.8690952026367187,5.820304235839844,-2.3977929626464842,-46.524390243902445,-10.975609756097562,-2.5,44.46529411764706
4.810912590000044,2.4001871643066406,12.970587493896483,-0.4944026428222656,-21.34146341463415,-3.9024390243902443,-3.536585365853659,44.47705882352941
4.817730812000036,0.5183446594238281,7.036558679199218,1.8758570007324218,-16.70731707317073,-1.4634146341463417,6.097560975609756,44.48294117647059
4.8245337930000005,0.8259995727539062,11.997344519042969,1.8818425048828125,-34.32926829268293,5.548780487804878,-1.0975609756097562,44.453529411764706
4.831353885999988,1.1540052001953125,5.030217687988281,1.426944189453125,-3.1707317073170733,10.060975609756099,-4.2682926829268295,44.453529411764706
4.838160848999905,1.905784521484375,4.394557147216797,-0.45010991210937495,-6.341463414634147,1.829268292682927,-2.0121951219512195,44.447647058823534
4.844965440999886,1.1552023010253905,-0.42377369384765623,-2.023100402832031,54.69512195121952,23.170731707317074,-5.975609756097562,44.459411764705884
4.851784626999915,0.469263525390625,17.226280944824218,7.4040686340332025,26.34146341463415,24.939024390243905,-12.01219512195122,44.47705882352941
4.858590977999938,1.2581529724121092,5.179855291748047,-1.4939818359375,-14.390243902439027,25.182926829268293,-5.853658536585367,44.453529411764706
4.865393811999866,0.4632780212402344,2.3714567443847656,-2.9460651428222655,42.13414634146342,26.89024390243903,-9.817073170731708,44.453529411764706
4.872211644999879,0.74699091796875,-2.105700360107422,-2.9640216552734375,71.21951219512195,29.634146341463417,-14.817073170731708,44.453529411764706
4.879026922999856,0.20231004028320312,10.414777221679687,3.801992236328125,106.40243902439025,28.231707317073173,-15.365853658536587,44.43
4.885842571000012,0.062249243164062495,19.61270144958496,0.9576806640625,22.439024390243905,26.76829268292683,-0.6707317073170732,44.43
4.892657090000057,6.023811376953125,19.61270144958496,-12.234370483398436,22.134146341463417,28.170731707317074,12.560975609756099,44.43588235294118
4.899473403999991,-2.996343377685547,19.61270144958496,0.8307879760742187,-12.01219512195122,39.51219512195122,61.28048780487806,44.441764705882356
4.906554626999878,-11.680112799072266,12.272677709960936,1.2294225524902342,-3.5975609756097566,4.329268292682928,3.780487804878049,44.447647058823534
4.913386737999872,1.3192051147460937,5.214571215820312,-0.9888052856445312,-43.29268292682927,-8.658536585365855,-7.987804878048781,44.447647058823534
4.920441793000009,4.724956976318359,5.543773944091797,-0.41539398803710936,-54.085365853658544,-2.682926829268293,1.0365853658536586,44.453529411764706
4.927306793000071,4.981136553955078,6.864176159667968,-5.7329158752441405,-80.67073170731707,3.5975609756097566,-9.390243902439025,44.459411764705884
4.939871051999944,3.3686417358398435,4.568136767578125,-4.489128112792969,-24.512195121951223,10.792682926829269,-1.707317073170732,44.46529411764706
4.955138367000018,0.24061726684570311,6.37815322265625,-1.0857704528808594,-15.975609756097562,11.463414634146343,-4.695121951219512,44.459411764705884
4.970416071000045,0.8822633117675781,6.2392895263671875,-1.3455413330078123,-5.121951219512195,10.853658536585368,-5.121951219512195,44.441764705882356
4.985764570999891,-0.1292868896484375,10.401609112548828,1.924938134765625,13.963414634146343,6.951219512195123,-7.25609756097561,44.447647058823534
5.001082275000044,0.8128314636230468,8.99501563720703,-1.792059942626953,16.951219512195124,10.975609756097562,-13.658536585365855,44.447647058823534
