0.015488463000110642,2.914940521240234,2.288856787109375,-1.4604630126953124,13.353658536585368,16.585365853658537,-1.2804878048780488,46.33
0.031007017999854725,0.5901707092285156,12.139799517822265,1.5897499023437498,-11.646341463414634,9.51219512195122,-26.707317073170735,46.29470588235294
0.04655259199989814,-0.38307226562499996,6.807912420654296,-0.39145197143554683,49.63414634146342,3.9024390243902443,-15.182926829268293,46.31235294117647
0.060253277999891,0.4321533996582031,11.10191309814453,1.8555062866210936,63.35365853658537,3.1097560975609757,-14.573170731707318,46.30058823529412
0.07282407399998192,3.920505218505859,18.99978582458496,-3.2549171569824216,57.560975609756106,48.04878048780488,87.6829268292683,46.31235294117647
0.08549651800012725,-10.346542474365235,17.8894748046875,-9.10395181274414,-7.926829268292684,29.146341463414636,34.207317073170735,45.565294117647056
0.09849142599978222,4.04739790649414,9.338583575439452,-0.469263525390625,-31.52439024390244,1.2195121951219514,-1.4634146341463417,46.31823529411765
0.11152453699969556,1.0773907470703123,4.1563340820312495,-0.958877764892578,-62.37804878048781,2.073170731707317,-4.695121951219512,46.3064705882353
0.12451151799996296,2.436100189208984,11.3006318359375,-0.411802685546875,-28.53658536585366,6.219512195121951,-10.609756097560977,46.30058823529412
0.13758662899999763,1.3311761230468748,8.536526019287109,-2.4947581298828125,-12.74390243902439,0.3658536585365854,-16.219512195121954,46.30058823529412
0.1504505180000706,0.17477672119140625,8.044517578125,1.7405846069335937,11.646341463414634,17.25609756097561,-14.085365853658537,46.31235294117647
0.15847644399991623,-1.0881646545410155,7.5345526245117185,1.4772224243164063,14.756097560975611,9.51219512195122,-14.939024390243905,46.31235294117647
0.1656176480000795,0.05027823486328125,2.4672248107910155,-2.1966800231933594,25.182926829268293,6.951219512195123,-11.951219512195124,47.059411764705885
0.1725847029997567,0.43933600463867184,6.242880828857421,0.2932897033691406,51.524390243902445,6.890243902439025,-14.02439024390244,46.3064705882353
0.17960403699999006,-0.21906945190429686,-0.5973533142089843,-2.224213342285156,80.0609756097561,6.890243902439025,-19.085365853658537,46.30058823529412
0.18661429599978874,2.2924480895996093,8.537723120117187,-1.7573440185546874,102.07317073170732,19.32926829268293,18.78048780487805,46.28294117647059
0.19357579600000463,3.7600937072753906,19.61270144958496,0.9983820922851562,6.585365853658537,50.426829268292686,95.2439024390244,46.277058823529416
0.2005895550000787,-13.036428039550781,19.61270144958496,-8.582015850830077,-65.60975609756098,56.585365853658544,22.926829268292686,46.30058823529412
0.20748357399997985,-7.025784771728516,10.21486138305664,-8.046911779785155,-28.902439024390247,-1.6463414634146343,-22.500000000000004,46.31823529411765
0.2144092029998319,2.099714855957031,7.445967163085937,-0.4225765930175781,-46.09756097560976,-5.487804878048781,-19.634146341463417,46.30058823529412
0.22136209199970835,2.5234885498046875,4.256890551757812,-0.9935936889648437,-62.926829268292686,2.9268292682926833,8.658536585365855,46.288823529411765
0.22822692599993388,3.573345977783203,6.047753393554687,-1.9129671264648436,-65.0609756097561,4.817073170731708,10.426829268292684,46.3064705882353
0.23507892599991465,3.2920272827148436,7.770381488037109,-2.0470424194335934,-48.41463414634147,2.0121951219512195,-9.390243902439025,46.29470588235294
0.2419015179998496,4.048595007324218,10.71285532836914,-0.719457598876953,-20.975609756097562,9.51219512195122,-14.451219512195124,46.29470588235294
0.24872383299998546,3.3782185424804685,7.5908163635253905,1.1791443176269532,-8.902439024390244,14.695121951219514,-13.963414634146343,46.3064705882353
0.2555593699999008,1.2593500732421874,5.442020373535156,-0.32082302246093747,-7.987804878048781,18.78048780487805,-10.182926829268293,46.31235294117647
0.2624022589998276,-0.2705447875976562,9.655815295410155,0.3962403747558593,-1.524390243902439,16.03658536585366,-14.146341463414636,46.29470588235294
0.269293277000088,1.4508862060546874,5.567715960693359,-0.9445125549316405,5.365853658536586,15.670731707317074,-12.80487804878049,46.277058823529416
0.2761807219999355,0.2154781494140625,10.259154113769531,1.0678139404296874,29.573170731707318,10.975609756097562,-9.329268292682928,46.277058823529416
0.28302442599988353,-0.001197100830078125,4.75009609375,-2.072181536865234,28.10975609756098,10.426829268292684,-11.28048780487805,46.288823529411765
0.2899325369999133,0.15442600708007811,6.084863519287109,-0.009576806640625,53.71951219512196,9.878048780487806,-13.353658536585368,46.28294117647059
0.29693729600012375,-0.3363853332519531,6.112396838378906,-0.08259995727539061,66.89024390243902,7.926829268292684,-8.963414634146343,46.288823529411765
0.3056572769996819,-0.5027823486328125,6.87614716796875,0.6272808349609375,62.560975609756106,8.475609756097562,-8.475609756097562,46.29470588235294
0.312692221999896,5.536591339111328,19.61270144958496,-5.646724615478515,58.35365853658537,30.243902439024392,47.5609756097561,46.3064705882353
0.3196610549998695,1.3754688537597655,19.61270144958496,-7.438784558105469,-14.573170731707318,54.146341463414636,102.56097560975611,46.3064705882353
0.32653972199977943,-10.103531005859374,18.29648908691406,-4.274847064208984,-35.0609756097561,-7.926829268292684,-17.743902439024392,46.3064705882353
0.3333761849999064,0.9840168823242187,8.730456353759765,-2.1440075866699217,-59.51219512195122,-12.500000000000002,-19.146341463414636,46.30058823529412
0.3402161660001184,2.8622680847167965,2.8143840515136715,-1.139639990234375,-62.37804878048781,-7.500000000000001,1.524390243902439,46.29470588235294
0.34705035099977977,2.565387078857422,2.9664158569335934,-1.3443442321777344,-50.85365853658537,0.7926829268292683,8.841463414634147,46.29470588235294
0.3538864070001182,1.705868682861328,12.835315100097656,-2.014720697021484,-41.463414634146346,2.5,7.560975609756098,46.31235294117647
0.36072018499999103,3.4428619873046875,10.940304486083983,-2.105700360107422,-45.79268292682927,4.329268292682928,-11.219512195121952,46.3064705882353
0.3675703330000033,4.08570513305664,10.474632263183594,-0.277727392578125,-22.25609756097561,7.621951219512196,-11.341463414634147,46.30058823529412
0.3744053329996859,1.9381062438964842,6.072892510986327,-0.7936778503417968,-6.219512195121951,10.975609756097562,-9.878048780487806,46.288823529411765
0.38123914800007697,-0.05386953735351562,7.13112964477539,1.523909356689453,5.121951219512195,8.719512195121952,-12.865853658536587,46.3064705882353
0.388071926000066,-0.33518823242187495,6.635529901123046,1.131260284423828,7.073170731707318,6.829268292682928,-14.878048780487806,46.31235294117647
0.39490566599988597,-0.4429273071289062,8.415618835449218,-0.8667010009765624,1.3414634146341464,4.51219512195122,-11.951219512195124,46.31823529411765
0.40174375900005543,-1.5155296508789062,4.292803576660156,-1.714248388671875,33.41463414634146,-4.390243902439025,-10.914634146341465,46.30058823529412
0.40857712899969556,-0.7158662963867187,6.981492041015625,-1.9967641845703124,38.04878048780488,-6.585365853658537,-10.426829268292684,46.277058823529416
0.4154111660000126,-0.4740519287109375,6.363788012695312,0.8750807067871094,67.6829268292683,-8.902439024390244,-9.939024390243903,46.30058823529412
0.4222438140000122,0.08140285644531249,1.2797007873535156,-0.7242460021972655,85.3048780487805,-8.902439024390244,-11.76829268292683,46.3064705882353
0.4290773329998956,0.3387795349121094,18.10734715576172,-0.37708676147460934,100.1829268292683,-7.926829268292684,-10.792682926829269,46.30058823529412
0.4359088880000854,3.4859576171874997,19.61270144958496,-3.574543078613281,78.65853658536587,39.268292682926834,101.03658536585367,46.30058823529412
0.4427454809997471,-11.470620153808593,19.61270144958496,-6.573280657958984,-52.926829268292686,25.60975609756098,62.31707317073171,46.30058823529412
0.44958311099981074,-11.93150397338867,6.944381915283203,-5.0948611328124995,-51.15853658536586,-8.78048780487805,-5.914634146341464,46.30058823529412
0.45641848100012794,2.9939491760253905,6.206967803955078,-1.6472107421875,-41.21951219512196,-13.841463414634148,-9.817073170731708,46.31235294117647
0.46343874000012875,3.8391023620605464,6.0142345703124995,-1.0235212097167967,-55.00000000000001,-8.109756097560977,3.414634146341464,46.31823529411765
0.4702904249998028,2.0542250244140625,4.842272857666015,-2.627636322021484,-59.69512195121952,-1.0975609756097562,10.853658536585368,46.288823529411765
0.4772059439997065,1.3910311645507811,13.120225097656249,-1.4891934326171874,-55.243902439024396,-0.7926829268292683,-4.939024390243903,46.29470588235294
0.484035054999822,3.7995980346679685,9.05367357788086,-2.558204473876953,-44.57317073170732,3.1097560975609757,-12.987804878048781,46.288823529411765
0.49085368499981996,2.9747955627441405,6.937199310302734,-0.9062053283691406,-24.573170731707318,11.76829268292683,-6.52439024390244,46.3064705882353
0.4976805549999881,2.608482708740234,7.592013464355468,0.16280571289062498,-9.51219512195122,15.731707317073171,-9.329268292682928,46.30058823529412
0.5045437959997798,1.1982979309082031,3.380612744140625,-1.1719617126464843,5.548780487804878,19.75609756097561,-15.121951219512196,46.30058823529412
0.511372166000001,0.23223756103515625,9.591171850585937,2.2744915771484373,5.426829268292684,16.82926829268293,-17.926829268292686,46.30058823529412
0.5181882219999352,-1.3587094421386718,4.035426898193359,0.2741360900878906,24.695121951219516,15.121951219512196,-13.29268292682927,46.30058823529412
0.5250284069998088,-0.9636661682128905,9.170989459228515,-0.30885201416015623,31.09756097560976,12.073170731707318,-13.658536585365855,46.31235294117647
0.5318657590000839,-0.010773907470703125,0.4704606262207031,-3.6535517333984373,67.07317073170732,5.182926829268293,-15.853658536585368,46.288823529411765
0.5388893330000428,-0.6081272216796875,7.504625103759765,2.165555401611328,89.32926829268294,3.1707317073170733,-13.78048780487805,46.30058823529412
0.5457502219996968,-1.4963760375976562,7.948749511718749,1.668758557128906,79.81707317073172,13.78048780487805,-7.743902439024391,46.3064705882353
0.5525842219999504,2.8371289672851563,13.53442198486328,-0.3711012573242187,59.51219512195122,10.609756097560977,23.231707317073173,46.288823529411765
0.5594196659999398,4.6830584472656245,19.61270144958496,-2.389413256835937,-3.780487804878049,46.28048780487805,91.46341463414635,46.27117647058824
0.5662522960001297,-13.244723583984374,19.61270144958496,-11.631031665039062,-33.23170731707317,23.170731707317074,16.76829268292683,46.29470588235294
0.5730867219999709,-7.502230902099609,13.190854046630859,0.3076549133300781,-12.378048780487806,-3.5975609756097566,-27.682926829268297,46.288823529411765
0.5799265919999925,3.708618371582031,7.445967163085937,-0.852335791015625,-45.1219512195122,-5.853658536585367,-16.585365853658537,46.31235294117647
0.5867608700000346,2.288856787109375,2.674323254394531,-1.9033903198242186,-55.00000000000001,1.6463414634146343,9.329268292682928,46.28294117647059
0.5935941660000026,0.9457096557617187,5.965153436279296,-1.5011644409179687,-74.39024390243902,1.0975609756097562,7.25609756097561,46.27117647058824
0.6004293699998016,2.9568390502929685,6.5505357421875,-6.975506536865234,-68.47560975609757,-0.6707317073170732,-13.536585365853659,46.29470588235294
0.6072628879996955,5.026626385498046,13.128604803466796,-0.9169792358398436,-33.90243902439025,3.963414634146342,-10.548780487804878,46.3064705882353
0.6140968509998856,4.278438366699218,4.125209460449218,-1.3826514587402343,-18.353658536585368,10.548780487804878,-10.24390243902439,46.29470588235294
0.6209293329998218,1.705868682861328,1.3826514587402343,-0.814028564453125,5.426829268292684,17.378048780487806,-11.890243902439025,46.31235294117647
0.6277619069996945,-0.2214636535644531,7.9092451843261715,1.8459294799804686,8.475609756097562,17.012195121951223,-14.146341463414636,46.29470588235294
0.6345952399997259,-0.6416460449218749,12.518083380126953,1.4867992309570313,7.560975609756098,14.756097560975611,-17.378048780487806,46.29470588235294
0.641429202999916,-0.74699091796875,8.348581188964843,-0.5961562133789062,-3.536585365853659,8.231707317073171,-11.890243902439025,46.27117647058824
0.6482627030000003,-1.2533645690917967,5.109226342773437,-0.8978256225585937,40.243902439024396,5.365853658536586,-10.548780487804878,46.277058823529416
0.6550952590000634,0.6165069274902344,-0.277727392578125,-2.0159177978515626,54.268292682926834,2.804878048780488,-13.963414634146343,46.277058823529416
0.6619274439999572,0.3854664672851562,2.8993782104492185,-0.3555389465332031,92.92682926829269,2.5,-16.70731707317073,46.32411764705883
0.6687545179997869,0.42377369384765623,5.5090580200195305,0.6955155822753906,93.96341463414635,2.1951219512195124,-14.51219512195122,46.30058823529412
0.6757339619998675,2.3331495178222657,19.61270144958496,-2.0829554443359375,68.04878048780489,16.28048780487805,90.97560975609757,46.29470588235294
0.6825598329996865,-6.279990954589843,19.61270144958496,-4.35385571899414,-53.963414634146346,51.585365853658544,95.73170731707317,46.3064705882353
0.6893768699997054,-10.787075579833983,13.423091607666015,-5.073313317871094,-3.536585365853659,27.500000000000004,36.707317073170735,46.288823529411765
0.6961937219998617,1.2904746948242187,11.532869396972655,-1.7202338928222656,-0.1829268292682927,-10.426829268292684,-25.0609756097561,46.288823529411765
0.7030111660001239,4.265270257568359,10.077194787597655,-0.967257470703125,-43.59756097560976,-5.2439024390243905,-7.560975609756098,46.30058823529412
0.7098256479998781,2.616862414550781,7.790732202148437,-0.3842693664550781,-52.25609756097561,1.9512195121951221,7.25609756097561,46.29470588235294
0.7166555549997611,2.940079638671875,12.234370483398436,0.41419688720703124,-62.926829268292686,2.7439024390243905,-7.378048780487806,46.288823529411765
0.7234900919997926,4.3239281982421875,8.652644799804687,-7.4579381713867186,-78.29268292682927,2.8658536585365857,-14.085365853658537,46.31235294117647
0.7303231109999615,3.7529111022949215,11.912350360107421,0.09337386474609374,-15.731707317073171,8.963414634146343,-6.402439024390245,46.28294117647059
0.7371560179999506,2.8730419921875,10.01015714111328,-0.16041151123046873,-18.414634146341466,14.756097560975611,-9.51219512195122,46.288823529411765
0.7439898509996965,0.6979097839355468,3.977966058349609,0.2980781066894531,-0.5487804878048781,15.243902439024392,-14.390243902439027,46.29470588235294
0.7508211099998334,0.38666356811523434,10.765527764892578,2.606088507080078,13.536585365853659,13.04878048780488,-20.48780487804878,46.31823529411765
0.7576537400000234,0.08858546142578125,4.436455676269531,-0.40581718139648437,15.853658536585368,13.04878048780488,-15.426829268292684,46.31235294117647
0.7644856480001181,-0.46686932373046874,9.916783276367187,1.199495031738281,41.707317073170735,9.207317073170733,-12.621951219512196,46.29470588235294
0.771318944000086,-1.2006921325683593,4.8686090759277345,-1.2689268798828124,34.32926829268293,3.2926829268292686,-13.353658536585368,46.28294117647059
0.7781510919999164,-0.35314474487304687,4.078522528076172,1.0307038146972656,65.67073170731707,2.3170731707317076,-14.207317073170733,46.29470588235294
0.7849845359996834,-2.001552587890625,6.19260259399414,-0.010773907470703125,77.13414634146342,-0.06097560975609757,-12.439024390243903,46.3064705882353
0.7918167769998945,-0.7589619262695312,14.742296722412108,2.2744915771484373,57.743902439024396,3.963414634146342,13.78048780487805,46.30058823529412
0.7986477219997141,8.86213744506836,19.61270144958496,-0.9840168823242187,9.451219512195122,43.41463414634147,94.32926829268294,46.29470588235294
0.8054806469999676,-11.975796704101562,19.61270144958496,-8.836998327636719,-18.84146341463415,55.1219512195122,34.51219512195122,46.288823529411765
0.8123152590001155,-10.060435375976562,16.63251893310547,-3.9085342102050777,-16.951219512195124,-6.890243902439025,-20.670731707317074,46.30058823529412
0.8191489810001258,3.921702319335937,8.684966522216797,-2.721010186767578,-39.63414634146342,-10.548780487804878,-21.219512195121954,46.31235294117647
0.8259818880001149,3.7720647155761715,3.775656018066406,-1.2102689392089843,-47.6219512195122,-1.8902439024390245,6.402439024390245,46.3064705882353
0.8328152770000088,2.3690625427246093,5.693411547851563,-1.3359645263671873,-63.41463414634147,-3.1707317073170733,4.75609756097561,46.31823529411765
0.8397713700001077,1.1109095703125,7.074865905761718,-2.6001030029296874,-80.42682926829269,-7.439024390243903,-10.121951219512196,46.31235294117647
0.8466106470000341,4.309562988281249,3.7517140014648436,-6.515819818115234,-71.95121951219512,-3.1097560975609757,-6.829268292682928,46.32411764705883
0.8534437769999386,2.2194249389648437,11.725602630615233,0.6943184814453125,-25.670731707317074,-1.0365853658536586,-6.707317073170732,46.3064705882353
0.8650431470000512,1.1851298217773436,3.2058360229492187,-3.0238766967773434,-44.63414634146342,5.548780487804878,-14.390243902439027,46.288823529411765
0.8803295180000532,0.5865794067382812,7.117961535644531,0.4572925170898437,18.10975609756098,5.7926829268292686,-15.060975609756099,46.31823529411765
0.8959362219998184,-0.7134720947265625,3.851073370361328,-1.686715069580078,50.73170731707317,0.30487804878048785,-12.621951219512196,46.31823529411765
0.91121510999983,0.26695348510742184,1.6891092712402342,-1.678335363769531,100.67073170731709,0.6097560975609757,-12.500000000000002,46.29470588235294
0.9265222029998768,4.2305543334960936,19.61270144958496,1.5322890624999999,-69.08536585365854,45.00000000000001,91.95121951219512,46.29470588235294
0.9418276100000185,-6.943184814453125,10.542867010498046,-0.7529764221191406,-38.29268292682927,-10.975609756097562,-3.4756097560975614,46.3064705882353
0.9571532029999616,4.2125978210449215,5.562927557373047,-1.7609353210449217,-69.08536585365854,2.8658536585365857,-6.463414634146342,46.30058823529412
0.9729283329997997,3.2022447204589843,11.021707342529297,-0.5614402893066406,-28.902439024390247,12.195121951219512,-12.01219512195122,46.288823529411765
0.9885647769997377,1.1133037719726562,5.233724829101562,-1.772906329345703,5.182926829268293,12.621951219512196,-14.26829268292683,46.3064705882353
1.0044099249998908,-1.2605471740722656,11.571176623535155,-2.559401574707031,-2.8658536585365857,3.536585365853659,-11.341463414634147,46.3064705882353
1.0206733879999774,-0.7601590270996094,9.532513909912108,-1.926135235595703,46.03658536585366,-0.426829268292683,-12.195121951219512,46.277058823529416
1.0370720549999533,-0.05746083984375,3.343502618408203,-0.4740519287109375,88.90243902439025,4.634146341463415,52.6829268292683,46.288823529411765
1.0535130729999764,-8.980650427246093,19.61270144958496,-4.9069163024902345,-41.21951219512196,35.91463414634147,-6.036585365853659,46.288823529411765
1.0680946469997252,3.39018955078125,7.468712078857421,-1.600523809814453,-54.57317073170732,-11.829268292682928,2.7439024390243905,46.288823529411765
1.0821607029997722,0.7673416320800781,5.481524700927734,-1.2713210815429687,-58.59756097560976,5.2439024390243905,-5.121951219512195,46.30058823529412
1.0959971839997706,5.204994409179688,9.82460651245117,-0.9923965881347656,-23.353658536585368,9.26829268292683,-9.756097560975611,46.28294117647059
1.1097268509997775,2.8371289672851563,1.092953057861328,-1.2593500732421874,-4.207317073170732,17.378048780487806,-11.28048780487805,46.277058823529416
1.1235145179998653,0.16041151123046873,8.282740643310547,-0.7541735229492187,9.878048780487806,16.34146341463415,-16.097560975609756,46.29470588235294
1.1374360179997893,-0.6356605407714844,6.874950067138672,-0.3268085266113281,40.79268292682927,11.707317073170733,-11.341463414634147,46.28294117647059
1.1513887209998757,0.2705447875976562,0.27293898925781246,-0.6308721374511719,86.46341463414635,11.219512195121952,-14.573170731707318,46.29470588235294
1.1661626659997637,2.7736826232910157,19.61270144958496,-2.020706201171875,-5.426829268292684,50.60975609756098,109.14634146341464,46.28294117647059
1.1817635550000887,-13.688847991943359,7.509413507080078,-7.824251025390624,-30.670731707317074,-16.585365853658537,-20.731707317073173,46.30058823529412
1.1971429249997527,2.683900061035156,1.879448303222656,0.28371289672851563,-55.304878048780495,-5.3048780487804885,12.439024390243903,46.288823529411765
1.2124545359997683,3.2225954345703123,10.05564697265625,-2.053027923583984,-30.914634146341466,2.25609756097561,-15.853658536585368,46.288823529411765
1.2277923689998715,2.874239093017578,8.125920434570313,-0.003591302490234375,-11.585365853658537,17.5,-11.036585365853659,46.31823529411765
1.2431345360000705,-0.04548983154296875,4.170699291992188,-1.291671795654297,24.573170731707318,12.256097560975611,-11.951219512195124,46.29470588235294
1.2584612030000244,-0.4429273071289062,3.1878795104980466,-1.85790048828125,43.23170731707317,3.5975609756097566,-11.28048780487805,46.28294117647059
1.271074962000057,-0.4010287780761719,4.309562988281249,0.25258827514648435,75.3658536585366,2.1951219512195124,-8.414634146341465,47.04176470588236
1.2836524989997997,1.8136077575683593,19.61270144958496,-4.979939453125,79.69512195121952,50.00000000000001,91.40243902439025,46.3064705882353
1.2961761289998321,-14.26225928955078,19.61270144958496,-7.62912359008789,-64.9390243902439,4.939024390243903,-4.146341463414634,46.30058823529412
1.3086845729999368,2.205059729003906,4.113238452148437,-1.9093758239746093,-57.987804878048784,0.24390243902439027,-2.682926829268293,46.3064705882353
1.321210906000033,2.272097375488281,4.511873028564453,-0.6057330200195312,-55.54878048780488,5.487804878048781,0.0,46.29470588235294
1.3338337209997917,2.437297290039062,8.11514652709961,-2.3427263244628906,-38.47560975609756,9.51219512195122,-10.914634146341465,46.30058823529412
1.3464123139997355,1.5825672973632812,3.688267657470703,-1.5119383483886717,3.536585365853659,15.54878048780488,-9.939024390243903,46.288823529411765
1.3589208509997661,1.0307038146972656,8.528146313476562,0.679953271484375,11.951219512195124,12.317073170731708,-13.04878048780488,46.29470588235294
1.3727446289999534,-0.8559270935058593,2.6563667419433594,0.8774749084472656,32.31707317073171,2.0121951219512195,-8.78048780487805,46.28294117647059
1.3866898510000283,0.040701428222656245,1.4508862060546874,-1.7310078002929687,83.53658536585367,2.0121951219512195,-9.51219512195122,46.30058823529412
1.4005337210001017,-0.11851298217773437,8.243236315917969,1.0630255371093749,82.13414634146342,3.048780487804878,-1.6463414634146343,46.277058823529416
1.414300257999912,-2.2098481323242187,19.61270144958496,-10.989385620117186,-42.6219512195122,10.914634146341465,12.01219512195122,46.277058823529416
1.4280593879998378,1.9009961181640624,5.815515832519531,-0.23582886352539062,-44.451219512195124,-7.25609756097561,-5.3048780487804885,46.277058823529416
1.441809739999826,3.2513258544921873,5.961562133789062,-1.1468225952148436,-60.79268292682927,4.695121951219512,2.5609756097560976,46.277058823529416
1.4555633509999097,3.189076611328125,11.104307299804686,-1.042674822998047,-35.426829268292686,12.073170731707318,-11.341463414634147,46.28294117647059
1.469331850999879,1.8267758666992187,4.167107989501953,1.954865655517578,3.231707317073171,20.30487804878049,-11.890243902439025,46.288823529411765
1.4830786289999196,-0.15203180541992187,11.089942089843749,-2.472013214111328,-10.975609756097562,31.03658536585366,-7.743902439024391,46.28294117647059
1.4968429800001104,-0.06105214233398437,13.229161273193359,1.4125789794921875,14.085365853658537,11.28048780487805,-11.829268292682928,46.288823529411765
1.5105997400000888,-0.5219359619140624,7.539341027832031,2.2972364929199216,87.13414634146342,11.402439024390246,-10.426829268292684,46.288823529411765
1.52433803599979,-0.201112939453125,12.25771394958496,-4.981136553955078,53.41463414634147,30.914634146341466,43.170731707317074,46.27117647058824
1.5380773510000836,-17.32085191040039,19.61270144958496,-6.1459156616210935,-61.28048780487806,4.451219512195122,-17.012195121951223,46.277058823529416
1.5518305729997337,1.6077064147949218,5.516240625,0.1592144104003906,-71.70731707317074,-10.609756097560977,1.707317073170732,46.29470588235294
1.5662331469998207,1.9512743530273435,1.4520833068847656,-3.239354846191406,-26.463414634146343,-0.5487804878048781,2.9268292682926833,46.31235294117647
1.5815321289996973,2.7641058166503907,11.10191309814453,0.5123591552734374,-25.54878048780488,7.682926829268293,-9.634146341463415,46.288823529411765
1.5968709619996844,1.4341267944335936,3.034650604248047,-1.4472949035644531,30.000000000000004,16.03658536585366,-9.02439024390244,46.3064705882353
1.6127727399998548,0.09457096557617187,13.210007659912108,1.1001356628417969,-0.9756097560975611,7.987804878048781,-8.536585365853659,46.288823529411765
1.6280998510001155,0.316034619140625,3.5889082885742187,-0.5327098693847656,51.707317073170735,-1.524390243902439,-9.756097560975611,46.288823529411765
1.6434024619998127,0.6847416748046875,7.996633544921875,0.8655039001464844,88.78048780487805,-1.6463414634146343,29.08536585365854,46.277058823529416
1.6587058879999859,-9.374496600341796,19.61270144958496,-4.203021014404297,-47.50000000000001,46.28048780487805,-3.231707317073171,46.288823529411765
1.672718795000037,3.465606903076172,7.025784771728516,-1.898601916503906,-45.426829268292686,-3.7195121951219514,3.353658536585366,46.29470588235294
1.6867950729997574,2.3726538452148436,6.160280871582031,0.49679684448242184,-66.82926829268293,3.7195121951219514,-5.731707317073171,46.288823529411765
1.700621664999744,3.593696691894531,10.049661468505859,-1.0917559570312498,-22.621951219512198,14.085365853658537,-9.085365853658537,46.288823529411765
1.7143728319997535,1.905784521484375,4.144363073730468,-0.258573779296875,11.219512195121952,22.31707317073171,-13.109756097560977,46.28294117647059
1.7281241099999534,0.29927520751953124,6.858190655517578,-0.22864625854492185,5.670731707317073,17.5,-11.890243902439025,46.288823529411765
1.7419135360000837,-1.0498574279785156,7.352593298339843,-1.0821791503906248,31.76829268292683,5.182926829268293,-10.975609756097562,46.30058823529412
1.7556818509997356,-0.17836802368164062,0.9265560424804687,-0.21308394775390624,100.97560975609757,1.3414634146341464,-11.76829268292683,46.31823529411765
1.769496035999964,4.7381250854492185,19.61270144958496,-4.684255548095702,45.79268292682927,61.463414634146346,101.21951219512196,46.288823529411765
1.7832937019998099,-14.276624499511717,19.61270144958496,-2.3977929626464842,-22.500000000000004,11.219512195121952,-20.60975609756098,46.28294117647059
1.7970655730000544,3.6810850524902343,3.484760516357422,-1.0019733947753906,-60.97560975609757,1.3414634146341464,6.7682926829268295,46.30058823529412
1.8110040359997583,1.1731588134765625,4.9416322265625,-5.367800122070312,-30.426829268292686,-2.987804878048781,-9.26829268292683,46.28294117647059
1.8248008689997732,3.678690850830078,8.044517578125,-1.2114660400390624,-33.78048780487805,-7.500000000000001,-5.0,46.277058823529416
1.8385311100000763,0.9337386474609375,1.6519991455078125,0.8487444885253905,15.487804878048783,-2.3170731707317076,-12.439024390243903,46.30058823529412
1.8522785909999584,-0.28969840087890625,7.098807922363281,0.2059013427734375,18.963414634146343,-4.085365853658537,-6.829268292682928,46.30058823529412
1.8664535170000818,-0.834379278564453,4.165910888671875,0.19871873779296872,48.90243902439025,-6.646341463414635,-7.743902439024391,46.288823529411765
1.8820386469997175,1.1671733093261718,3.0310593017578125,-0.7074865905761718,98.90243902439025,-8.719512195121952,-11.036585365853659,46.27117647058824
1.897335813999689,7.747636572265624,19.61270144958496,0.44412440795898434,-47.804878048780495,35.609756097560975,4.329268292682928,46.30058823529412
1.9126095910000913,2.013523596191406,5.604826086425781,-1.112106671142578,-50.00000000000001,-10.30487804878049,1.402439024390244,46.31235294117647
1.927867888000037,2.35589443359375,0.7565677246093749,-0.354341845703125,-42.743902439024396,1.402439024390244,2.7439024390243905,46.288823529411765
1.9431717389998084,3.0933085449218747,8.258798626708984,-1.4006079711914061,-19.32926829268293,6.7682926829268295,-7.317073170731708,46.288823529411765
1.9584835169998769,1.4891934326171874,0.4417302062988281,-2.9664158569335934,20.975609756097562,10.182926829268293,-12.378048780487806,46.277058823529416
1.9737935170001037,-0.8128314636230468,11.876437335205077,1.5227122558593749,-7.378048780487806,4.2682926829268295,-10.060975609756099,46.30058823529412
1.9891020729996853,-0.34117373657226563,6.941987713623046,-1.5789759948730469,47.37804878048781,-0.6707317073170732,-9.878048780487806,46.288823529411765
2.0043996099998367,0.44891281127929683,11.128249316406249,0.2549824768066406,73.17073170731707,1.4634146341463417,-7.987804878048781,46.28294117647059
2.019677702000081,-0.3064578125,19.61270144958496,-6.393715533447265,-15.914634146341465,40.85365853658537,39.93902439024391,46.3064705882353
2.0349749619999784,0.967257470703125,11.113884106445312,-2.1356278808593747,-62.25609756097562,5.182926829268293,-6.951219512195123,46.30058823529412
2.0502952389997517,2.098517755126953,3.725377783203125,-1.0510545288085937,-49.39024390243903,4.451219512195122,-2.378048780487805,46.277058823529416
2.065603627999735,3.2704794677734372,12.318167541503906,-2.120065570068359,-40.60975609756098,9.26829268292683,-10.853658536585368,46.288823529411765
2.0808937209999385,0.824802471923828,4.7117888671875,0.5434837768554687,12.865853658536587,10.548780487804878,-7.743902439024391,46.288823529411765
2.096163590999822,0.13766659545898435,5.181052392578125,-1.4245499877929686,21.34146341463415,5.609756097560976,-10.487804878048781,46.27117647058824
2.1114142209999045,-0.5973533142089843,4.516661431884765,0.5027823486328125,64.45121951219512,4.75609756097561,-10.487804878048781,46.28294117647059
2.1266874240000107,0.2501940734863281,3.9600095458984375,0.6428431457519531,97.98780487804879,3.9024390243902443,-14.26829268292683,46.288823529411765
2.1419946099999834,0.03232172241210937,19.61270144958496,-8.021772662353515,-73.71951219512195,9.390243902439025,25.853658536585368,46.30058823529412
2.1572978869999133,2.1679496032714844,5.389347937011719,0.8391676818847655,-54.39024390243903,-13.719512195121952,1.707317073170732,46.26529411764706
2.172633035999752,1.3922282653808593,3.6679169433593746,0.9373299499511718,-53.90243902439025,-5.670731707317073,10.30487804878049,46.30058823529412
2.187944368999979,3.7792473205566406,10.57159743041992,-1.6029180114746093,-15.000000000000002,5.182926829268293,-11.585365853658537,46.28294117647059
2.2032522760000575,0.8116343627929687,4.115632653808594,-0.1005564697265625,21.28048780487805,30.30487804878049,-9.329268292682928,46.30058823529412
2.2185610359997554,-1.0127473022460938,14.331691137695312,2.7198130859375,-5.182926829268293,5.2439024390243905,-9.756097560975611,46.29470588235294
2.233861702000013,-0.07422025146484375,7.206546997070312,0.8212111694335937,48.71951219512196,-1.4634146341463417,-5.365853658536586,46.27117647058824
2.249134201999823,0.2262520568847656,7.465120776367187,-4.236539837646484,93.10975609756099,9.329268292682928,48.90243902439025,46.25941176470588
2.264490535999812,-19.6133,19.61270144958496,-10.013748443603514,-78.90243902439025,-17.073170731707318,-20.48780487804878,46.30058823529412
2.280138572999931,2.147598889160156,2.1344307800292968,-0.8451531860351562,-73.23170731707317,-6.646341463414635,1.707317073170732,46.3064705882353
2.2963463689998207,1.7310078002929687,-1.2868833923339842,0.28012159423828126,-26.82926829268293,0.5487804878048781,14.146341463414636,46.29470588235294
2.312664738999956,1.8459294799804686,6.161477972412109,-2.6216508178710938,-5.365853658536586,8.719512195121952,-3.9024390243902443,46.288823529411765
2.3279837390000466,0.20829554443359374,3.4907460205078125,0.411802685546875,18.414634146341466,8.902439024390244,-12.865853658536587,46.27117647058824
2.3432929430000513,0.029927520751953124,7.481880187988281,-1.514332550048828,21.28048780487805,2.439024390243903,-7.500000000000001,46.277058823529416
2.3586038129997178,-0.20829554443359374,1.1073182678222655,-0.82360537109375,86.46341463414635,-4.329268292682928,-9.817073170731708,46.27117647058824
2.373903331999827,2.929305731201172,12.279860314941406,-1.2497732666015624,76.46341463414635,11.707317073170733,88.71951219512196,46.29470588235294
2.3891610719997516,-8.14627114868164,18.04868921508789,-3.8367081604003905,-68.59756097560977,-11.646341463414634,-16.03658536585366,46.277058823529416
2.4044824059997154,1.7609353210449217,4.094084838867187,-1.3287819213867187,-58.35365853658537,0.7317073170731708,11.829268292682928,46.28294117647059
2.4197775349998665,0.8774749084472656,7.8709379577636716,0.5626373901367188,-24.695121951219516,3.8414634146341466,-10.609756097560977,46.30058823529412
2.436066609000136,2.076969940185547,6.341043096923828,-0.5626373901367188,-15.365853658536587,13.902439024390246,-6.2804878048780495,46.28294117647059
2.4513894060000894,0.10414777221679687,7.869740856933594,2.461239306640625,10.426829268292684,14.451219512195124,-11.402439024390246,46.28294117647059
2.4667225719999806,-1.3431471313476562,4.935646722412109,-1.0187328063964842,28.84146341463415,7.01219512195122,-7.195121951219513,46.30058823529412
2.4820316840000487,-0.5159504577636719,4.504690423583984,1.236605157470703,76.70731707317074,1.0975609756097562,-4.51219512195122,46.277058823529416
2.497562943000048,0.6440402465820312,19.61270144958496,-6.0154316711425775,24.512195121951223,39.69512195121951,68.59756097560977,46.29470588235294
2.513099683999826,-0.9983820922851562,6.113593939208984,-6.251260534667968,-45.73170731707317,-19.451219512195124,-11.036585365853659,46.28294117647059
2.5284450350000043,2.1260510742187497,-0.06105214233398437,-0.5985504150390625,-57.743902439024396,-4.451219512195122,13.658536585365855,46.288823529411765
2.5437633870001264,0.17956512451171874,18.64245122680664,-1.7010802795410156,-35.36585365853659,-14.085365853658537,-12.682926829268293,46.29470588235294
2.5590724979997503,2.7449522033691403,4.802768530273437,-2.4061726684570313,-4.75609756097561,11.52439024390244,-5.609756097560976,46.26529411764706
2.574405738999758,0.001197100830078125,13.178883038330078,2.1906945190429687,-3.8414634146341466,7.865853658536586,-9.878048780487806,46.28294117647059
2.5897168319997945,-0.5746083984375,5.598840582275391,0.04668693237304687,38.29268292682927,-1.1585365853658538,-4.390243902439025,46.30058823529412
2.605025109000053,-0.00718260498046875,-0.39983167724609375,0.7661445312499999,94.63414634146342,-1.829268292682927,-9.939024390243903,46.30058823529412
2.6203272580000885,6.283582257080078,19.61270144958496,-1.9512743530273435,24.26829268292683,34.207317073170735,66.52439024390245,46.288823529411765
2.6356371649999346,-2.7712884216308593,9.227253198242186,-1.9129671264648436,-52.6219512195122,-15.000000000000002,-10.548780487804878,46.3064705882353
2.6510227949997898,1.887828009033203,1.7573440185546874,-1.7896657409667969,-54.63414634146342,-4.878048780487806,12.682926829268293,46.29470588235294
2.6663547759999346,3.0633810241699218,17.004817291259766,1.2797007873535156,-40.0609756097561,13.658536585365855,-7.134146341463415,46.29470588235294
2.6816737569997713,1.8902222106933593,2.2577321655273437,-0.00718260498046875,15.365853658536587,24.146341463414636,-14.02439024390244,46.30058823529412
2.6969970169998305,0.4477157104492187,10.875661041259765,1.388636962890625,11.097560975609756,19.451219512195124,-7.01219512195122,46.277058823529416
2.712272942999789,-0.008379705810546874,1.9680337646484374,-3.6164416076660153,57.6219512195122,7.134146341463415,-12.256097560975611,46.288823529411765
2.727571293999972,0.34237083740234375,8.163030560302733,3.2405519470214843,92.19512195121952,4.75609756097561,32.5609756097561,46.29470588235294
2.7428776460001245,6.016628771972656,19.61270144958496,-10.663774194335938,-46.28048780487805,24.634146341463417,-10.24390243902439,46.28294117647059
2.758179516999917,2.2206220397949217,6.246472131347656,0.12569558715820311,-57.865853658536594,-12.926829268292684,4.329268292682928,46.277058823529416
2.773486683000101,3.0166940917968748,3.047818713378906,-0.36750995483398435,-47.6219512195122,-4.878048780487806,4.634146341463415,46.30058823529412
2.788841664999836,5.05655390625,10.805032092285156,-4.030638494873046,-28.475609756097562,5.7926829268292686,-7.195121951219513,46.26529411764706
2.8047590349997336,1.140837091064453,-2.579752288818359,0.6117185241699218,25.853658536585368,11.707317073170733,-14.207317073170733,46.29470588235294
2.821378201999778,0.24779987182617186,13.213598962402344,0.55545478515625,-15.121951219512196,9.817073170731708,-8.353658536585366,46.29470588235294
2.8380467019997013,-1.0809820495605469,5.3007624755859375,0.06584054565429687,60.73170731707317,3.1097560975609757,-13.414634146341465,46.29470588235294
2.8544329609999295,1.7741034301757812,14.68483588256836,-0.44532150878906246,90.97560975609757,13.963414634146343,87.92682926829269,46.277058823529416
2.869211682999776,-12.733561529541015,18.499996228027342,-5.815515832519531,-28.475609756097562,-10.487804878048781,-22.073170731707318,46.29470588235294
2.8799006649996954,3.392583752441406,5.960365032958984,-0.30885201416015623,-57.31707317073171,-3.536585365853659,0.30487804878048785,46.277058823529416
2.8909536279998065,1.8555062866210936,4.29639487915039,-1.3108254089355469,-67.8048780487805,2.9268292682926833,4.939024390243903,46.27117647058824
2.901772961000006,3.3961750549316405,7.692569934082031,-0.6189011291503906,-29.81707317073171,2.804878048780488,-8.658536585365855,46.288823529411765
2.9126430349997463,3.6487633300781246,10.189722265624999,-2.1823148132324217,-22.073170731707318,14.451219512195124,-9.390243902439025,46.28294117647059
2.923306553999737,1.8339584716796873,6.809109521484374,1.8459294799804686,22.500000000000004,19.085365853658537,-18.597560975609756,46.288823529411765
2.9338993870001104,-0.7433996154785156,7.850587243652344,-0.3220201232910156,-7.682926829268293,10.487804878048781,-14.817073170731708,46.31235294117647
2.94444955400013,-1.2378022583007813,9.368511096191405,0.6524199523925781,33.23170731707317,3.1707317073170733,-10.426829268292684,46.3064705882353
2.954984591000084,-0.9636661682128905,1.3766659545898436,-0.9349357482910156,82.6829268292683,0.48780487804878053,-14.634146341463415,46.288823529411765
2.9656573500001286,-0.11252747802734374,8.309076861572265,1.0749965454101562,80.0,4.451219512195122,-7.926829268292684,46.288823529411765
2.978167886999927,3.1663316955566403,19.61270144958496,-3.6535517333984373,-14.878048780487806,57.50000000000001,89.81707317073172,46.277058823529416
2.990729053999985,-6.507440112304687,11.681309899902343,-5.039794494628906,-34.93902439024391,0.6097560975609757,-29.695121951219516,46.28294117647059
3.0033144049998555,3.9911341674804683,6.564900952148437,-0.24899697265624998,-54.57317073170732,8.475609756097562,7.25609756097561,46.288823529411765
3.01583992399992,2.001552587890625,5.7891796142578125,-3.8235400512695312,-41.463414634146346,1.5853658536585367,-3.2926829268292686,46.277058823529416
3.0283882939997966,4.432864373779297,13.051990350341796,-2.8215666564941406,-34.08536585365854,11.76829268292683,-10.487804878048781,46.26529411764706
3.0409152570000515,1.4927847351074217,5.577292767333984,-0.6440402465820312,2.5,15.79268292682927,-11.219512195121952,46.277058823529416
3.05342179399986,-0.27293898925781246,8.978256225585938,-0.1640028137207031,8.109756097560977,12.073170731707318,-9.939024390243903,46.3064705882353
3.0659979789998033,-0.6105214233398437,5.370194323730469,-1.5442600708007812,43.23170731707317,7.378048780487806,-8.841463414634147,46.288823529411765
3.081173257000046,-0.2741360900878906,4.766855505371093,-1.782483135986328,68.90243902439025,9.51219512195122,-11.463414634146343,46.31235294117647
3.096478331000071,3.116053460693359,19.61270144958496,-1.6256629272460936,-18.29268292682927,57.804878048780495,95.2439024390244,46.27117647058824
3.1117825349997474,-12.904746948242186,6.506243011474609,-5.6311623046875,-41.03658536585366,-7.134146341463415,-22.98780487804878,46.29470588235294
3.1270752569998876,1.7836802368164062,1.2617442749023438,0.0430956298828125,-57.6829268292683,1.402439024390244,0.426829268292683,46.28294117647059
3.1423717570000917,2.051830822753906,12.556390606689453,-0.9026140258789062,-29.87804878048781,6.158536585365854,-12.01219512195122,46.288823529411765
3.1576648499999465,3.585316986083984,6.275202551269531,-0.5470750793457031,-11.951219512195124,20.0609756097561,-10.914634146341465,46.28294117647059
3.1723985529997663,1.0749965454101562,6.60799658203125,0.07900865478515624,20.975609756097562,20.670731707317074,-7.621951219512196,46.288823529411765
3.186155498000062,-0.6835445739746093,1.2306196533203124,-3.1184476623535153,52.01219512195122,10.365853658536587,-9.695121951219512,46.277058823529416
3.1999142569998185,-0.30526071166992186,4.302380383300781,-1.1815385192871093,63.35365853658537,7.317073170731708,-1.524390243902439,46.277058823529416
3.214269886999773,1.2054805358886718,14.293383911132812,-5.360617517089843,57.37804878048781,47.804878048780495,82.50000000000001,46.26529411764706
3.2280660719998195,-9.198522778320312,19.61270144958496,-8.62511148071289,-74.39024390243902,-11.341463414634147,-15.426829268292684,46.27117647058824
3.2418141650000507,1.8734627990722654,1.1671733093261718,-2.3965958618164063,-70.1829268292683,-3.8414634146341466,-14.02439024390244,46.288823529411765
3.2555614419998165,1.936909143066406,4.012681982421875,-3.1854853088378903,-39.32926829268293,2.5,20.54878048780488,46.31823529411765
3.269422571999712,-0.9026140258789062,19.54985365600586,-0.5339069702148437,-37.37804878048781,7.073170731707318,-6.219512195121951,46.277058823529416
3.2832974049997574,0.9085995300292968,6.28837066040039,1.005564697265625,5.3048780487804885,6.585365853658537,-4.451219512195122,46.26529411764706
3.297159868000108,0.9852139831542969,10.984597216796875,1.7178396911621092,10.0,5.7926829268292686,-7.378048780487806,46.25941176470588
3.3109448679997513,0.5339069702148437,5.146336468505859,-1.9213468322753906,45.91463414634147,2.1341463414634148,-4.878048780487806,46.277058823529416
3.324691497999993,0.0143652099609375,2.521094348144531,0.2346317626953125,95.60975609756099,0.24390243902439027,-9.329268292682928,46.277058823529416
3.3384322940000857,7.8912886718749995,19.61270144958496,-4.466383197021484,39.390243902439025,44.81707317073171,32.31707317073171,46.288823529411765
3.352225275999899,0.7170633972167968,4.599261389160156,-6.568492254638672,-67.31707317073172,-20.365853658536587,-4.573170731707317,46.288823529411765
3.3660266829997454,0.3711012573242187,-0.9026140258789062,-3.21780703125,-62.19512195121952,-15.487804878048783,1.0365853658536586,46.27117647058824
3.3797947939997357,2.4576480041503905,-0.709880792236328,-0.5889736083984375,-0.7317073170731708,-5.914634146341464,9.51219512195122,46.288823529411765
3.3935383130001355,3.9707834533691404,11.5304751953125,-2.958036151123047,-24.02439024390244,-12.439024390243903,-2.439024390243903,46.26529411764706
3.4072800899998583,0.6871358764648438,0.44891281127929683,-1.9237410339355467,19.207317073170735,9.634146341463415,-8.78048780487805,46.28294117647059
3.4210318679997727,1.1755530151367186,11.077971081542968,0.4704606262207031,32.19512195121951,12.74390243902439,-12.439024390243903,46.29470588235294
3.434767071999886,-0.7338228088378905,4.179078997802734,-0.7984662536621093,36.646341463414636,10.365853658536587,-7.317073170731708,46.31823529411765
3.4485047939997457,0.5015852478027344,-2.290053887939453,-2.568978381347656,94.57317073170732,10.670731707317074,-0.7317073170731708,46.28294117647059
3.4622700899999472,-11.584344732666015,19.61270144958496,-2.3535002319335936,-49.75609756097561,35.670731707317074,47.987804878048784,46.28294117647059
3.4768053869997857,-0.928950244140625,4.333505004882812,-2.2170307373046874,-66.76829268292684,-18.29268292682927,-12.560975609756099,46.27117647058824
3.4921111640001072,0.5901707092285156,-1.2330138549804688,-1.284489190673828,-36.09756097560976,-9.51219512195122,8.231707317073171,46.277058823529416
3.507410293999783,1.6711527587890624,19.61270144958496,3.3411084167480465,-32.743902439024396,-7.134146341463415,-13.170731707317074,46.30058823529412
3.522697441999753,4.309562988281249,0.8224082702636718,-1.5263035583496092,16.463414634146343,6.7682926829268295,-5.853658536585367,46.288823529411765
3.538000756999736,-0.4537012145996093,14.106636181640624,2.8036101440429686,-15.000000000000002,0.12195121951219513,-8.353658536585366,46.29470588235294
3.553292441999929,-1.0366893188476562,7.3837179199218745,0.40940848388671874,36.15853658536586,-5.0,-7.8048780487804885,46.28294117647059
3.568592052999975,0.4225765930175781,1.5251064575195312,-0.14963760375976562,89.51219512195122,-5.121951219512195,-11.036585365853659,46.29470588235294
3.5825202749997516,1.8746598999023436,19.61270144958496,-2.042254016113281,-26.158536585365855,54.207317073170735,107.43902439024392,46.277058823529416
3.5962814049998997,-13.006500518798827,10.083180291748047,-1.9943699829101562,-40.426829268292686,-4.329268292682928,-20.853658536585368,46.277058823529416
3.610019089999696,3.9731776550292968,5.191826300048827,-1.426944189453125,-57.6829268292683,4.939024390243903,11.036585365853659,46.277058823529416
3.623752441999841,2.6779145568847653,8.084021905517577,-3.391386651611328,-53.47560975609757,8.109756097560977,-10.365853658536587,46.29470588235294
3.6375067569997555,2.645592834472656,6.021417175292968,-1.0857704528808594,-12.256097560975611,13.231707317073171,-9.573170731707318,46.3064705882353
3.651246608999827,0.41419688720703124,11.253944903564452,1.8758570007324218,-12.195121951219512,11.158536585365855,-14.939024390243905,46.3064705882353
3.664986867999687,-1.0726023437499999,7.492654095458984,-0.7769184387207031,19.878048780487806,4.024390243902439,-8.292682926829269,46.277058823529416
3.6796740720001253,-1.0785878479003905,1.8555062866210936,0.7625532287597656,60.79268292682927,-1.402439024390244,-8.963414634146343,46.27117647058824
3.6949704419998852,-1.9979612854003905,8.180987072753906,-1.4245499877929686,57.37804878048781,3.231707317073171,8.658536585365855,46.3064705882353
3.710269774999688,-5.450400079345703,19.61270144958496,-9.753977563476562,-23.658536585365855,-8.109756097560977,4.695121951219512,46.30058823529412
3.7255632199999127,3.8367081604003905,6.891709478759765,-1.8459294799804686,-59.81707317073171,-17.682926829268293,3.2926829268292686,46.29470588235294
3.7408639420000327,2.931699932861328,2.473210314941406,-1.1001356628417969,-44.451219512195124,-9.695121951219512,2.1951219512195124,46.288823529411765
3.756160515999909,4.954800335693359,10.996568225097656,-2.3403321228027343,-19.634146341463417,6.829268292682928,-12.74390243902439,46.29470588235294
3.7715143309997075,1.8195932617187498,0.6416460449218749,-1.5406687683105469,7.743902439024391,13.719512195121952,-14.878048780487806,46.277058823529416
3.785278498000025,-1.5035586425781249,12.314576239013672,0.39743747558593745,-1.8902439024390245,8.109756097560977,-12.378048780487806,46.288823529411765
3.799022015999981,-1.2114660400390624,3.9552211425781247,-0.7996633544921875,51.40243902439025,1.524390243902439,-11.707317073170733,46.288823529411765
3.8127503119999346,-0.9085995300292968,-1.0103531005859374,-1.8255787658691405,102.07317073170732,3.1097560975609757,22.926829268292686,46.288823529411765
3.826505089999955,4.082113830566406,19.61270144958496,2.3906103576660156,-71.09756097560977,56.82926829268293,90.91463414634147,46.277058823529416
3.8402491639999425,-9.76116016845703,14.117410089111328,-1.332373223876953,-6.463414634146342,-4.085365853658537,-16.82926829268293,46.27117647058824
3.8539849789999607,4.669890338134765,6.99705435180664,-1.8602946899414061,-69.26829268292684,4.51219512195122,-0.1829268292682927,46.28294117647059
3.8677362379999067,4.050989208984375,0.6967126831054687,-6.399701037597656,-32.743902439024396,5.548780487804878,-15.121951219512196,46.27117647058824
3.881504348999897,3.2812533752441406,5.899312890625,-0.5746083984375,-5.548780487804878,13.29268292682927,-12.439024390243903,46.28294117647059
3.895239608999873,0.4465186096191406,9.034519964599609,-0.36391865234375,-2.6219512195121952,10.792682926829269,-16.76829268292683,46.28294117647059
3.9089951089999886,-1.0438719238281249,3.1184476623535153,1.4041992736816404,36.524390243902445,2.682926829268293,-11.097560975609756,46.288823529411765
3.9232984790000955,-0.5482721801757812,1.9045874206542968,-1.5682020874023437,64.9390243902439,-0.06097560975609757,-8.109756097560977,46.27117647058824
3.939803589999883,0.354341845703125,4.368220928955078,0.05746083984375,79.93902439024392,35.54878048780488,60.487804878048784,46.27117647058824
3.953820738000104,-5.993883856201172,16.188394525146485,-2.703053674316406,-40.73170731707317,50.91463414634147,-10.548780487804878,46.29470588235294
3.9677362749998792,4.824316345214844,10.472238061523436,-1.7022773803710936,-57.987804878048784,7.01219512195122,-28.292682926829272,46.28294117647059
3.9806977009998263,2.3211785095214843,2.760514514160156,-3.075352032470703,-42.743902439024396,6.707317073170732,0.6707317073170732,46.27117647058824
3.9934003680000387,3.4907460205078125,14.355633154296875,-1.3144167114257812,-39.390243902439025,3.4756097560975614,-6.829268292682928,46.29470588235294
4.005881905000024,1.9045874206542968,7.819462622070312,0.5638344909667968,-14.146341463414636,8.048780487804878,-10.914634146341465,46.29470588235294
4.0183439049997105,0.5602431884765625,4.025850091552734,3.566163372802734,23.658536585365855,12.439024390243903,-9.695121951219512,46.29470588235294
4.0308075709999684,-0.023942016601562498,7.7967177062988275,1.6771382629394531,17.134146341463417,7.378048780487806,-8.963414634146343,46.30058823529412
4.043265126999813,0.09337386474609374,5.1523219726562495,0.7134720947265625,58.41463414634147,7.195121951219513,-9.02439024390244,46.277058823529416
4.055724996999743,-0.26695348510742184,2.3439234252929686,-2.370259643554687,102.7439024390244,8.963414634146343,-13.841463414634148,46.277058823529416
4.068253311999797,4.953603234863281,19.61270144958496,-6.706158850097656,-4.207317073170732,57.6219512195122,42.31707317073171,46.28294117647059
4.08277286800012,-11.912350360107421,6.187814190673827,-5.758054992675781,-43.78048780487805,-8.78048780487805,-16.52439024390244,46.28294117647059
4.098092496999925,2.1212626708984375,1.1372457885742187,0.29448680419921874,-55.00000000000001,-0.48780487804878053,14.146341463414636,46.288823529411765
4.113402941999993,2.2074539306640624,12.352883465576172,-0.4465186096191406,-28.53658536585366,3.780487804878049,-10.731707317073171,46.27117647058824
4.128698663999785,2.910152117919922,5.572504364013671,-1.1647791076660157,-5.731707317073171,18.231707317073173,-11.158536585365855,46.288823529411765
4.143990257000041,-0.277727392578125,7.501033801269531,0.21068974609375,17.073170731707318,17.98780487804878,-8.475609756097562,46.28294117647059
4.159280867999769,-1.177947216796875,3.4548329956054684,-2.3056161987304686,33.71951219512196,11.036585365853659,-6.402439024390245,46.28294117647059
4.174777033999817,-0.034715924072265626,-2.3331495178222657,-3.3446997192382812,93.59756097560977,-5.548780487804878,-2.5609756097560976,46.288823529411765
4.190179774999706,8.212111694335936,19.61270144958496,-4.158728283691406,52.07317073170732,27.682926829268297,60.97560975609757,46.30058823529412
4.205498442000135,0.031124621582031248,15.198392138671874,-0.6715735656738281,-82.43902439024392,-16.402439024390244,-2.682926829268293,46.28294117647059
4.220797922999736,1.1935095275878906,-1.3156138122558594,-1.4125789794921875,-60.060975609756106,-12.682926829268293,5.426829268292684,46.288823529411765
4.2360941080000885,3.797203833007812,14.648922857666015,0.4704606262207031,-21.03658536585366,3.2926829268292686,-2.0121951219512195,46.277058823529416
4.25138823799989,2.203862628173828,5.025429284667968,-1.1109095703125,14.695121951219514,11.158536585365855,-9.26829268292683,46.288823529411765
4.26668084899984,0.1867477294921875,3.2357635437011716,1.4688427185058592,3.4756097560975614,4.695121951219512,-6.158536585365854,46.27117647058824
4.282023348999701,-1.0115502014160156,5.163095880126953,-0.24779987182617186,42.6219512195122,-8.597560975609756,-6.158536585365854,46.2535294117647
4.297351681999771,0.5063736511230469,7.921216192626953,2.7329811950683593,74.08536585365854,-12.500000000000002,-3.9024390243902443,46.29470588235294
4.312652127000092,2.7760768249511716,19.61270144958496,-0.8319850769042968,-20.0609756097561,37.5,80.67073170731707,46.27117647058824
4.327947701000085,-6.962338427734375,7.551312036132812,-2.721010186767578,-50.97560975609756,-15.060975609756099,-1.2195121951219514,46.28294117647059
4.34323666399996,2.7748797241210936,1.5322890624999999,-0.8008604553222656,-54.024390243902445,2.5,7.439024390243903,46.26529411764706
4.35852757099974,4.158728283691406,13.406332196044922,-2.061407629394531,-32.5,15.914634146341465,-11.219512195121952,46.29470588235294
4.373814386000049,1.619677423095703,8.128314636230469,1.8626888916015625,-8.658536585365855,22.31707317073171,-11.463414634146343,46.29470588235294
4.389102127000115,-1.66636435546875,8.520963708496094,0.9050082275390624,2.987804878048781,10.426829268292684,-4.390243902439025,46.28294117647059
4.404394663999938,-0.6955155822753906,3.835511059570312,-1.5358803649902344,44.268292682926834,3.414634146341464,-8.231707317073171,46.29470588235294
4.419690422999793,-1.4125789794921875,4.927267016601562,1.218648645019531,69.93902439024392,-15.426829268292684,-2.9268292682926833,46.27117647058824
4.4349761819999,7.615955480957031,19.61270144958496,-5.190629199218749,42.31707317073171,39.390243902439025,48.53658536585366,46.277058823529416
4.450268830999903,0.5051765502929687,9.058461981201171,0.4560954162597656,-60.97560975609757,-16.52439024390244,-4.085365853658537,46.31235294117647
4.465560107999863,1.0761936462402344,-0.7314286071777343,0.1771709228515625,-54.63414634146342,-7.317073170731708,10.853658536585368,46.277058823529416
4.480854979000014,1.2342109558105467,19.08298433227539,-2.5953145996093747,-30.853658536585368,1.2804878048780488,-10.24390243902439,46.30058823529412
4.496149996999975,2.4001871643066406,1.2401964599609374,-0.8511386901855468,9.085365853658537,10.060975609756099,-8.048780487804878,46.28294117647059
4.511444459999893,-0.04908113403320312,11.141417425537108,0.604535919189453,13.04878048780488,5.182926829268293,-10.060975609756099,46.29470588235294
4.526741292999759,-0.7170633972167968,6.362590911865234,-0.5542576843261718,32.80487804878049,-5.182926829268293,-5.975609756097562,46.30058823529412
4.5420313300001,0.1005564697265625,5.121197351074218,0.6751648681640625,100.42682926829269,-5.365853658536586,-10.548780487804878,46.27117647058824
4.557359552999969,8.118737829589843,19.61270144958496,-2.996343377685547,-65.0,35.30487804878049,56.40243902439025,46.30058823529412
4.572654237999814,-1.1815385192871093,4.970362646484375,-2.3415292236328122,-42.43902439024391,-6.829268292682928,-9.878048780487806,46.29470588235294
4.587946663999901,1.8423381774902343,5.135562561035156,-1.0630255371093749,-58.59756097560976,3.963414634146342,11.890243902439025,46.288823529411765
4.603243015999851,4.7560815979003905,11.081562384033202,-0.4608838195800781,-25.853658536585368,14.51219512195122,-7.743902439024391,46.277058823529416
4.618531829999938,1.838746875,5.79037671508789,1.7130512878417967,3.231707317073171,18.414634146341466,-16.097560975609756,46.29470588235294
4.633820607999951,-0.5327098693847656,11.376049188232422,0.7900865478515624,9.939024390243903,12.865853658536587,-7.439024390243903,46.29470588235294
4.649115274999986,-1.4233528869628906,3.289633081054687,-1.8650830932617186,56.585365853658544,-0.6097560975609757,-7.439024390243903,46.28294117647059
4.664407016000041,-1.6555904479980468,6.657077716064452,0.63206923828125,73.23170731707317,-11.829268292682928,8.963414634146343,46.29470588235294
4.6797269039998355,-7.167042669677734,19.61270144958496,0.2980781066894531,-21.707317073170735,39.87804878048781,-1.4634146341463417,46.31235294117647
4.6950244229997224,2.626439221191406,6.327874987792969,-1.6579846496582031,-66.40243902439025,-11.829268292682928,7.560975609756098,46.277058823529416
4.710318903999905,2.048239520263672,0.3746925598144531,-2.6048914062499997,-42.987804878048784,-10.182926829268293,0.7317073170731708,46.277058823529416
4.7256109410000136,5.766434698486328,12.927491864013671,-0.6943184814453125,-22.500000000000004,4.51219512195122,-8.536585365853659,46.277058823529416
4.740904126999794,2.408566870117187,-1.2485761657714842,-0.939724151611328,12.987804878048781,16.890243902439025,-14.695121951219514,46.28294117647059
4.756194496999797,-0.5590460876464843,9.49300958251953,1.5418658691406248,7.378048780487806,13.170731707317074,-15.000000000000002,46.28294117647059
4.771486516000095,-2.099714855957031,6.027402679443359,-0.31962592163085934,34.390243902439025,-0.7926829268292683,-13.414634146341465,46.277058823529416
4.786805126999752,-1.5035586425781249,-1.189918225097656,0.6344634399414062,121.82926829268294,7.073170731707318,22.073170731707318,46.277058823529416
4.802101126999787,-6.962338427734375,19.129671264648437,-12.843694805908202,-73.04878048780489,8.536585365853659,19.085365853658537,46.28294117647059
4.818296052999813,3.001131781005859,7.326257080078125,1.849520782470703,-52.43902439024391,-7.195121951219513,-10.30487804878049,46.277058823529416
4.834697848999895,2.5570073730468748,11.282675323486327,-0.2741360900878906,-86.58536585365854,5.426829268292684,-10.609756097560977,46.26529411764706
4.851086663999922,4.31554849243164,10.761936462402343,-1.7753005310058592,-25.243902439024392,16.646341463414636,-12.01219512195122,46.288823529411765
4.867471645000023,1.7501614135742187,8.192958081054687,1.0690110412597655,13.29268292682927,16.158536585365855,-19.573170731707318,46.277058823529416
4.883998960000099,-0.6404489440917969,8.15345375366211,-0.296881005859375,35.79268292682927,6.707317073170732,-14.573170731707318,46.288823529411765
4.900384977999693,0.1580173095703125,6.710947253417968,0.6835445739746093,76.95121951219512,3.780487804878049,-11.402439024390246,46.29470588235294
4.916435608000029,4.827907647705078,19.61270144958496,-4.490325213623047,0.9756097560975611,54.57317073170732,99.02439024390245,46.28294117647059
4.931717922999724,-9.67856021118164,15.83285557861328,-0.5470750793457031,-22.682926829268293,-6.646341463414635,-27.865853658536587,46.26529411764706
4.946994311999788,3.2728736694335936,3.6296097167968746,-0.93852705078125,-67.6829268292683,7.378048780487806,10.426829268292684,46.27117647058824
4.962296329999845,2.4001871643066406,14.663288067626953,0.9205705383300781,-38.41463414634147,9.878048780487806,-11.158536585365855,46.288823529411765
4.977626238000084,1.7741034301757812,6.104017132568359,-0.39863457641601563,-2.073170731707317,20.182926829268293,-13.04878048780488,46.28294117647059
4.99299758899997,0.19033903198242186,12.075156072998046,2.77727392578125,3.8414634146341466,16.52439024390244,-10.914634146341465,46.277058823529416
5.008389904000069,-1.399410870361328,4.407725256347656,-2.6563667419433594,55.85365853658537,7.378048780487806,-11.28048780487805,46.277058823529416
