0.015324166000027617,-8.373720306396484,18.780117822265623,1.1791443176269532,-43.53658536585366,-35.36585365853659,34.32926829268293,46.20647058823529
0.030678296000132832,-0.9325415466308593,-0.296881005859375,-0.3758896606445312,95.79268292682927,-22.31707317073171,24.451219512195124,46.18882352941176
0.04607411100005265,9.983820922851562,19.61270144958496,-12.72997022705078,-103.17073170731709,1.1585365853658538,-14.26829268292683,46.19470588235294
0.06139331400027004,-0.834379278564453,3.5960908935546874,2.4911668273925778,-6.097560975609756,-14.329268292682928,-3.414634146341464,46.20647058823529
0.07670487000041248,1.7489643127441405,-4.220977526855468,-9.422380633544922,-51.40243902439025,-34.51219512195122,9.573170731707318,46.19470588235294
0.09201453700006823,1.5155296508789062,18.765752612304688,-2.4779987182617185,-47.6829268292683,36.15853658536586,1.7682926829268295,46.18882352941176
0.10733342500043364,-2.916137622070312,-3.7708676147460936,-0.3902548706054687,33.53658536585366,-21.34146341463415,-18.475609756097562,46.19470588235294
0.12265131400044993,-1.4125789794921875,19.61270144958496,1.7106570861816406,-63.53658536585366,-32.37804878048781,4.085365853658537,46.20058823529412
0.13796248100015873,0.5231330627441406,-3.1675287963867187,-0.48123453369140623,71.21951219512195,-3.353658536585366,2.804878048780488,46.20647058823529
0.1532701480000469,-0.4321533996582031,7.35438894958496,3.0166940917968748,88.47560975609757,11.585365853658537,24.878048780487806,46.18882352941176
0.1685796480001045,2.906560815429687,7.6470801025390625,-1.9321207397460936,-49.63414634146342,29.146341463414636,-18.78048780487805,46.20647058823529
0.18388542500042604,-1.0474632263183594,8.97705912475586,2.942473840332031,90.3048780487805,-4.817073170731708,31.52439024390244,46.19470588235294
0.19919175900031405,-4.527435339355469,19.61270144958496,-12.27028350830078,-49.268292682926834,38.35365853658537,30.670731707317074,46.19470588235294
0.21455574000037814,-3.594893792724609,3.171120098876953,1.7465701110839842,-15.426829268292684,7.439024390243903,-9.51219512195122,46.18882352941176
0.22987644400018326,0.5662286926269531,5.191826300048827,1.0127473022460938,-20.853658536585368,3.9024390243902443,-27.195121951219516,46.224117647058826
0.24518779600020935,-2.2876596862792966,7.1203557373046875,-4.12401235961914,-8.719512195121952,-31.463414634146343,15.975609756097562,46.20647058823529
0.26049357400006556,0.9708487731933593,1.956062756347656,-2.3678654418945313,34.69512195121951,-14.329268292682928,-0.853658536585366,46.20058823529412
0.2758002960003978,2.6767174560546874,-6.986280444335937,-9.91438907470703,2.987804878048781,8.597560975609756,1.8902439024390245,46.20647058823529
0.2911069250003493,-0.23343466186523437,2.6587609436035153,3.8845921936035155,59.085365853658544,6.158536585365854,6.2804878048780495,46.20058823529412
0.30644540700041034,-1.6364368347167968,19.61270144958496,5.363011718749999,-80.85365853658537,15.182926829268293,18.78048780487805,46.177058823529414
0.32178527700034465,-1.7549498168945312,1.2246341491699217,-5.874173773193359,43.47560975609756,5.365853658536586,11.036585365853659,46.16529411764706
0.3370982400001594,-0.709880792236328,-2.31758720703125,-4.751293194580078,75.0,8.170731707317074,-1.402439024390244,46.20647058823529
0.3524033510002482,-0.6248866333007812,19.61270144958496,0.26815058593749996,-55.487804878048784,21.158536585365855,-1.829268292682927,46.171176470588236
0.36771203600028457,-5.966350537109375,3.1376012756347653,-1.0115502014160156,-3.7195121951219514,-29.634146341463417,8.353658536585366,46.177058823529414
0.3830208880003738,-0.6284779357910156,6.5505357421875,3.470395306396484,-15.731707317073171,-36.03658536585366,7.073170731707318,46.177058823529414
0.39836398100032966,-1.936909143066406,9.509768994140625,-12.024877838134765,-65.48780487804879,-5.426829268292684,16.34146341463415,46.18882352941176
0.41366587000038635,2.89219560546875,13.33031629333496,9.221267694091797,27.865853658536587,48.04878048780488,-25.182926829268293,46.19470588235294
0.4289655180000409,1.5071499450683592,19.61270144958496,8.840589630126953,74.14634146341464,22.195121951219512,25.243902439024392,46.20058823529412
0.4442657030003829,1.1767501159667968,5.96275923461914,-5.279214660644531,48.170731707317074,8.353658536585366,-3.414634146341464,46.20647058823529
0.45959655500018926,1.0534487304687499,6.763619689941406,4.589684582519531,77.25609756097562,-2.9268292682926833,35.426829268292686,46.19470588235294
0.47568422200038185,-0.8463502868652343,13.32373223876953,0.6859387756347656,-22.25609756097561,-5.426829268292684,4.51219512195122,46.19470588235294
0.4920862400003898,1.8638859924316404,4.7117888671875,-19.53788264770508,72.5,-41.82926829268293,-49.085365853658544,46.177058823529414
0.5077918700003465,0.9576806640625,16.638504437255857,-7.179013677978515,-41.09756097560976,11.402439024390246,6.097560975609756,46.18294117647059
0.5231153510003423,-1.01514150390625,3.806780639648437,0.28969840087890625,-11.890243902439025,24.634146341463417,12.439024390243903,46.20647058823529
0.5384434250004233,0.21428104858398436,19.58097827758789,4.140771771240234,-117.01219512195122,29.87804878048781,-9.573170731707318,46.18882352941176
0.5537595360001433,-4.979939453125,14.611812731933593,0.5829881042480468,-31.219512195121954,0.9146341463414634,21.34146341463415,46.19470588235294
0.5690589250002631,-2.4133552734375,17.120936071777344,4.00909067993164,20.0,-2.1951219512195124,3.048780487804878,46.18882352941176
0.5843593880003937,-4.3442789123535155,-1.1575965026855468,-8.374917407226562,39.451219512195124,-39.024390243902445,-13.963414634146343,46.20058823529412
0.5996932400003061,-1.0690110412597655,19.61270144958496,6.567295153808593,-23.59756097560976,-54.57317073170732,46.09756097560976,46.20058823529412
0.6150207960004082,-0.7326257080078125,19.61270144958496,4.540603448486328,73.47560975609757,22.5609756097561,-17.621951219512198,46.18294117647059
0.6303323880001699,3.4907460205078125,6.433219860839843,-4.7189714721679685,-9.51219512195122,37.6219512195122,40.243902439024396,46.18882352941176
0.6456444440000269,-0.5099649536132812,19.61270144958496,9.78031378173828,74.63414634146342,43.47560975609756,-100.54878048780489,46.20058823529412
0.6609575360002964,-8.301894256591796,10.40041201171875,-15.039177728271483,8.658536585365855,-58.90243902439025,8.048780487804878,46.18294117647059
0.676264184000047,-0.43454760131835934,1.974019268798828,-4.242525341796875,25.60975609756098,-25.48780487804878,19.695121951219512,46.18882352941176
0.6915742210003373,0.9026140258789062,-0.5315127685546874,-2.555810272216797,-46.40243902439025,21.158536585365855,7.439024390243903,46.20058823529412
0.7068674810002449,-3.2345664428710936,13.88517252807617,1.2521674682617188,-45.79268292682927,5.365853658536586,5.853658536585367,46.18294117647059
0.7221778330003872,1.6819266662597656,5.013458276367187,-1.22583125,14.146341463414636,4.329268292682928,8.170731707317074,46.19470588235294
0.7374874440001804,2.0973206542968748,19.61270144958496,-6.554127044677734,-57.37804878048781,-13.29268292682927,-13.109756097560977,46.18294117647059
0.7528246660003788,-0.037110125732421874,7.275978845214843,10.430339532470702,49.085365853658544,-40.670731707317074,20.914634146341466,46.18882352941176
0.7686403880002217,6.455964776611328,0.3950432739257812,1.159990704345703,60.365853658536594,60.00000000000001,-1.402439024390244,46.18882352941176
0.7842378510003982,0.13287819213867186,-2.291250988769531,-6.777984899902344,30.426829268292686,27.378048780487806,-20.54878048780488,46.18882352941176
0.7997691660002602,0.699106884765625,6.6271501953125,1.8650830932617186,83.53658536585367,6.463414634146342,3.353658536585366,46.21823529411765
0.8152251100000285,-18.089390643310544,19.61270144958496,-10.052055670166014,-65.2439024390244,-47.6219512195122,2.7439024390243905,46.19470588235294
0.8306068690003485,15.197195037841796,17.8128603515625,-9.574412438964844,-81.28048780487805,-0.06097560975609757,-4.146341463414634,46.20647058823529
0.8447497400002248,-0.22026655273437498,4.244919543457031,0.9744400756835937,-0.06097560975609757,-17.25609756097561,-7.926829268292684,46.18882352941176
0.8526953880000292,1.177947216796875,19.61270144958496,-9.758765966796874,-78.84146341463415,-8.719512195121952,5.975609756097562,46.18882352941176
0.8597142400003577,3.1447838806152344,7.999027746582031,-3.2249896362304686,-32.5,17.865853658536587,15.426829268292684,46.19470588235294
0.866710888000398,-0.2885013000488281,4.4184991638183595,-2.5234885498046875,2.25609756097561,33.04878048780488,6.707317073170732,46.18294117647059
0.8736909990002459,0.718260498046875,5.960365032958984,0.4082113830566406,33.963414634146346,30.975609756097565,-1.7682926829268295,46.19470588235294
0.8805539440004395,-0.8116343627929687,19.61270144958496,5.181052392578125,24.26829268292683,12.80487804878049,-5.7926829268292686,46.19470588235294
0.8873636470002566,0.06464344482421874,19.475633404541014,-5.724536169433593,-67.13414634146342,4.695121951219512,-10.670731707317074,46.19470588235294
0.8941712210003061,-0.34237083740234375,-5.912480999755859,-7.487865692138671,-14.939024390243905,-8.536585365853659,-1.2804878048780488,46.18294117647059
0.9009816290003982,0.15562310791015624,4.650736724853515,0.3327940307617187,65.0,-20.30487804878049,17.378048780487806,46.177058823529414
0.9078024620002907,0.19512743530273435,15.458163018798826,4.930858319091796,19.390243902439025,-19.573170731707318,16.52439024390244,46.19470588235294
0.9146124810004039,-0.8655039001464844,19.61270144958496,8.368931903076172,1.2195121951219514,-24.085365853658537,8.658536585365855,46.19470588235294
0.921542129000045,-1.5490484741210937,6.423643054199219,-3.6583401367187496,-4.573170731707317,-20.121951219512198,16.82926829268293,46.20058823529412
0.9286803320001127,6.45476767578125,-1.3395558288574219,-5.442020373535156,52.804878048780495,13.963414634146343,34.81707317073171,46.20058823529412
0.935571536000225,1.429338391113281,-3.2321722412109373,-2.7736826232910157,86.76829268292684,35.91463414634147,22.25609756097561,46.18882352941176
0.9425671660001171,1.2246341491699217,18.786103326416015,3.7720647155761715,80.60975609756099,50.85365853658537,-25.60975609756098,46.20647058823529
0.94937877700022,-4.188655804443359,1.7693150268554687,-7.448361364746093,67.6219512195122,56.21951219512196,-25.792682926829272,46.20058823529412
0.9561807770000996,0.34835634155273437,19.61270144958496,1.908178723144531,-130.7317073170732,2.987804878048781,21.34146341463415,46.20647058823529
0.9629852030002439,-4.120421057128906,12.740744134521483,-15.00925020751953,-69.57317073170732,-13.109756097560977,0.6097560975609757,46.21235294117647
0.9697945730003994,-2.8036101440429686,6.159083770751953,-3.6272155151367187,-34.390243902439025,-54.51219512195122,-30.975609756097565,46.20647058823529
0.9766458140002214,0.32920272827148434,-1.7764976318359373,-1.1815385192871093,-8.902439024390244,-50.60975609756098,-19.634146341463417,46.20647058823529
0.983447795000302,2.5857377929687497,7.848193041992187,1.8004396484374998,-32.5,-37.37804878048781,-9.939024390243903,46.20647058823529
0.9902471290001813,2.721010186767578,10.128670123291014,1.209071838378906,-68.96341463414635,-23.353658536585368,36.707317073170735,46.18882352941176
0.99705762900021,3.034650604248047,-1.3874398620605468,-3.029862200927734,-9.146341463414634,-0.24390243902439027,48.65853658536586,46.18882352941176
1.0040972030001285,-3.475183709716797,19.61270144958496,10.479420666503906,35.1219512195122,16.646341463414636,26.463414634146343,46.18882352941176
1.0110392210003738,-0.4477157104492187,19.61270144958496,8.30668265991211,-82.13414634146342,8.231707317073171,9.207317073170733,46.19470588235294
1.0179447770001389,-0.3184288208007812,-4.965574243164062,-8.538920220947265,-30.30487804878049,4.634146341463415,5.670731707317073,46.18882352941176
1.0247983140002361,0.5063736511230469,-3.037044805908203,-3.438073583984375,22.743902439024392,12.134146341463415,2.682926829268293,46.21235294117647
1.0318297580001854,2.3726538452148436,9.97903251953125,4.910507604980468,31.951219512195124,23.719512195121954,-25.243902439024392,46.20647058823529
1.0386879060001775,5.6215854980468745,19.61270144958496,2.2732944763183593,-47.743902439024396,25.30487804878049,-42.926829268292686,46.18882352941176
1.0455028320002384,-4.612429498291015,9.941922393798828,-8.871714251708983,-51.09756097560976,-1.6463414634146343,-7.439024390243903,46.20058823529412
1.0523731290004434,-5.257666845703125,8.012195855712891,-7.146691955566406,-0.7926829268292683,-28.475609756097562,-19.390243902439025,46.21823529411765
1.0591743880004287,0.06943184814453125,0.1292868896484375,0.3363853332519531,69.45121951219512,-28.292682926829272,-22.500000000000004,46.18294117647059
1.065977777000171,0.28730419921875,0.3854664672851562,2.3642741394042965,82.19512195121952,-27.073170731707318,-23.414634146341466,46.19470588235294
1.0727845920000618,-0.6021417175292968,19.61270144958496,6.908468890380859,96.76829268292684,-32.37804878048781,-9.329268292682928,46.20058823529412
1.0796000170003026,1.9883844787597655,14.64533155517578,2.2960393920898436,67.5609756097561,-59.32926829268293,85.1829268292683,46.20058823529412
1.0864155920003213,-0.08140285644531249,19.61270144958496,4.8889597900390624,-0.12195121951219513,-41.524390243902445,20.0609756097561,46.20647058823529
1.0932811660004518,-2.7724855224609373,2.4851813232421875,-12.498929766845702,14.02439024390244,-28.292682926829272,-50.670731707317074,46.20647058823529
1.1000976470004389,4.745307690429687,19.61270144958496,-5.106832141113281,30.792682926829272,34.57317073170732,-7.8048780487804885,46.224117647058826
1.1069207950004056,3.594893792724609,9.957484704589843,-2.645592834472656,-27.31707317073171,43.35365853658537,48.59756097560976,46.21235294117647
1.1137337770001068,-0.1005564697265625,19.163190087890623,2.7042507751464844,14.695121951219514,79.39024390243902,79.26829268292684,46.20058823529412
1.1205540920000203,-5.706579656982422,6.139930157470703,0.4225765930175781,22.682926829268293,74.14634146341464,-15.975609756097562,46.19470588235294
1.127414480000425,-2.3582886352539063,12.061987963867187,3.191470812988281,-55.67073170731708,58.963414634146346,-9.695121951219512,46.19470588235294
1.1342311289999998,-4.31554849243164,11.086350787353515,-5.6754550354003905,-67.8048780487805,45.97560975609756,-10.121951219512196,46.21235294117647
1.141047740000431,-5.485116003417969,11.756727252197265,-6.420051751708984,-41.646341463414636,-35.0609756097561,-6.341463414634147,46.21235294117647
1.147863036000217,-3.1735143005371094,6.70975015258789,-9.34696328125,-20.48780487804878,-46.524390243902445,-6.890243902439025,46.19470588235294
1.1546761290001086,2.893392706298828,4.4005426513671875,-2.9891607727050777,-11.890243902439025,-21.52439024390244,8.536585365853659,46.19470588235294
1.1614939990004132,-0.08020575561523437,7.281964349365234,2.9795839660644527,2.5,-6.341463414634147,18.353658536585368,46.19470588235294
1.1683639430002586,0.4261678955078125,3.5003228271484375,-4.8506525634765625,-87.98780487804879,-2.378048780487805,7.682926829268293,46.20058823529412
1.175177592000182,1.0510545288085937,2.551021868896484,-4.484339709472656,-45.0609756097561,16.52439024390244,10.853658536585368,46.19470588235294
1.1819904800004224,2.2852654846191407,-4.186261602783203,1.0043675964355467,25.731707317073173,15.975609756097562,11.341463414634147,46.19470588235294
1.1888029800002187,-1.177947216796875,13.296198919677733,3.0334535034179684,29.146341463414636,20.731707317073173,-3.2926829268292686,46.18882352941176
1.1956173510002372,-3.873818286132812,9.811438403320311,7.212532501220703,15.365853658536587,-21.52439024390244,-15.182926829268293,46.21235294117647
1.2024343320003936,0.1352723937988281,10.91636246948242,2.2002713256835937,-0.3658536585365854,-26.03658536585366,10.914634146341465,46.21235294117647
1.2092943510001533,-1.3587094421386718,9.114725720214842,0.5590460876464843,-26.463414634146343,-27.987804878048784,8.475609756097562,46.20058823529412
1.216109814000447,0.6631938598632812,3.6296097167968746,0.8690952026367187,14.329268292682928,-15.79268292682927,-0.7317073170731708,46.20058823529412
1.2229214430003594,8.01818135986328,6.736086370849609,-8.040926275634765,0.7926829268292683,22.439024390243905,11.646341463414634,46.21235294117647
1.2298961660003442,1.8339584716796873,-0.3758896606445312,-5.091269830322266,12.073170731707318,54.75609756097561,45.97560975609756,46.21235294117647
1.2367258510003012,0.17238251953125,-1.9883844787597655,-4.077325427246094,92.19512195121952,51.89024390243903,42.50000000000001,46.21235294117647
1.2436894800002847,-2.0566192260742184,18.315642700195312,-3.7098154724121093,85.0609756097561,59.085365853658544,12.682926829268293,46.20647058823529
1.2506537950002894,-4.465186096191406,8.14627114868164,-3.5913024902343746,28.414634146341466,-5.0,-74.57317073170732,46.21823529411765
1.2576857400003973,0.26216508178710934,-7.507019305419921,4.18147319946289,110.42682926829269,-13.29268292682927,-67.92682926829269,46.20058823529412
1.2647040730003027,-9.819818109130859,19.61270144958496,4.799177227783203,62.50000000000001,-27.378048780487806,19.207317073170735,46.18882352941176
1.271684925000045,-5.577292767333984,10.806229193115234,-9.054870678710937,-74.57317073170732,-66.70731707317074,16.097560975609756,46.19470588235294
1.2789777950001735,-2.493561029052734,13.035230938720701,-8.674192614746094,-2.5609756097560976,-59.63414634146342,21.463414634146343,46.20058823529412
1.285989740000332,3.478775012207031,15.790957049560546,-3.6619314392089843,-87.5609756097561,18.84146341463415,-1.1585365853658538,46.20058823529412
1.2929707030002646,2.9700071594238278,1.4808137268066406,-2.7281927917480466,-54.451219512195124,23.10975609756098,12.74390243902439,46.19470588235294
1.2999715360001574,-1.4305354919433593,1.4317325927734375,-3.1304186706542967,-13.841463414634148,4.024390243902439,8.231707317073171,46.20647058823529
1.306905110000116,-1.4030021728515625,14.577096807861327,4.839878656005859,-26.89024390243903,4.75609756097561,-10.731707317073171,46.19470588235294
1.3138599800004158,-1.1887211242675781,19.61270144958496,11.905167755126952,-24.573170731707318,-0.3658536585365854,-2.5,46.18294117647059
1.3209016470000279,-2.844311572265625,8.105569720458984,-5.422866760253906,-46.82926829268293,-11.829268292682928,6.829268292682928,46.19470588235294
1.3279274800001986,4.191050006103516,1.6077064147949218,-6.167463476562499,-19.26829268292683,10.609756097560977,19.146341463414636,46.20058823529412
1.3347628690003148,-0.33758243408203126,-4.715380169677734,-3.1663316955566403,25.853658536585368,13.841463414634148,29.02439024390244,46.230000000000004
1.3416161650002323,0.36750995483398435,13.152546820068359,11.81059678955078,28.414634146341466,26.76829268292683,-4.695121951219512,46.21235294117647
1.3489081650000116,1.3156138122558594,-2.7617116149902343,-4.475960003662109,-38.41463414634147,36.707317073170735,-38.41463414634147,46.20058823529412
1.3558963880000192,3.5709517761230467,17.156849096679686,3.764882110595703,-40.54878048780488,22.926829268292686,25.426829268292686,46.18882352941176
1.3627452030000313,1.5394716674804687,5.063736511230468,-2.6503812377929687,8.658536585365855,28.231707317073173,29.939024390243905,46.18882352941176
1.3696180360002472,0.9121908325195311,7.304709265136719,5.950788226318359,76.09756097560977,36.890243902439025,-11.463414634146343,46.19470588235294
1.37652474000015,-6.745663177490234,16.595408807373047,-6.545747338867187,5.3048780487804885,-0.7926829268292683,-36.890243902439025,46.18294117647059
1.3833670540002458,-2.2960393920898436,10.204087475585936,4.6255976074218745,2.5,-36.82926829268293,-14.817073170731708,46.177058823529414
1.3901887770002759,-0.36272155151367186,2.663549346923828,-2.7521348083496093,-7.073170731707318,-35.609756097560975,36.768292682926834,46.20647058823529
1.3970069060001151,0.3399766357421875,-3.374627239990234,-7.6997525390625,82.8658536585366,-27.682926829268297,31.951219512195124,46.18882352941176
1.4038435730003584,0.3746925598144531,1.2294225524902342,-0.1771709228515625,112.07317073170732,-23.84146341463415,36.09756097560976,46.19470588235294
1.4108454800002619,-1.120486376953125,19.61270144958496,8.458714465332031,112.25609756097562,-15.670731707317074,-59.207317073170735,46.20058823529412
1.417788240000391,19.291279876708984,19.595343487548828,-9.026140258789061,-75.67073170731707,11.158536585365855,-41.28048780487805,46.19470588235294
1.4247283690001495,-9.740809454345703,7.844601739501953,-16.58583200073242,-37.31707317073171,40.304878048780495,-20.426829268292686,46.20058823529412
1.431673554000099,-7.400477331542969,11.81658229370117,-5.428852264404297,-61.15853658536586,-40.54878048780488,-3.4756097560975614,46.19470588235294
1.438572110000223,3.459621398925781,4.010287780761718,2.914940521240234,-41.890243902439025,-12.80487804878049,5.182926829268293,46.18882352941176
1.4454520540002704,0.39743747558593745,-0.7888894470214843,0.20829554443359374,-58.10975609756098,9.329268292682928,8.902439024390244,46.20647058823529
1.4522989800002506,0.23582886352539062,-0.36750995483398435,2.522291448974609,27.621951219512198,15.365853658536587,21.951219512195124,46.20647058823529
1.4591348510002717,-3.0214824951171875,19.61270144958496,10.863690032958983,-14.085365853658537,15.731707317073171,5.365853658536586,46.20647058823529
1.4659695360001024,-4.444835382080078,2.7820623291015623,-12.727576025390624,-59.268292682926834,-5.487804878048781,0.3658536585365854,46.19470588235294
1.472824239000147,-2.1033061584472654,6.579266162109374,-6.341043096923828,-32.07317073170732,-6.158536585365854,-7.439024390243903,46.20647058823529
1.4796756280002228,-0.14484920043945312,-2.868253588867187,-2.9472622436523435,9.085365853658537,-1.707317073170732,-10.731707317073171,46.20058823529412
1.486509665000085,0.3327940307617187,0.8355763793945312,0.3016694091796875,50.1219512195122,-1.7682926829268295,-11.52439024390244,46.21823529411765
1.4933419620001587,0.201112939453125,13.980940594482421,5.058948107910156,44.390243902439025,-6.7682926829268295,8.475609756097562,46.21823529411765
1.5001805540000532,-2.9364883361816405,19.61270144958496,8.954314208984375,10.0,-21.219512195121954,9.02439024390244,46.19470588235294
1.5070241650000753,-2.8598738830566406,19.341558111572265,4.179078997802734,-82.25609756097562,-24.878048780487806,5.914634146341464,46.19470588235294
1.5138544990004448,1.3658920471191405,-5.0014872680664055,-4.2880151733398435,8.658536585365855,-23.59756097560976,0.9756097560975611,46.20647058823529
1.5206706280000617,-0.05027823486328125,0.06703764648437499,-0.7433996154785156,67.5,-17.378048780487806,-0.24390243902439027,46.20058823529412
1.527553332000025,0.6248866333007812,1.916558428955078,-0.08379705810546874,75.79268292682927,-19.878048780487806,-3.414634146341464,46.18882352941176
1.5343817390003096,0.21188684692382811,-0.07900865478515624,-1.945288848876953,96.34146341463415,-18.414634146341466,28.719512195121954,46.21235294117647
1.5412012950000644,-2.0458453186035155,19.61270144958496,11.156979736328124,22.500000000000004,-32.5609756097561,56.646341463414636,46.20058823529412
1.549117925000246,1.830367169189453,2.9568390502929685,-6.369773516845703,-50.54878048780488,-4.329268292682928,-17.5,46.18294117647059
1.564412091000122,-1.9309236389160156,4.434061474609375,-2.786850732421875,35.79268292682927,18.231707317073173,-3.414634146341464,46.20647058823529
1.5797190910002428,-6.150704064941406,8.462305767822265,-19.6133,-65.54878048780489,40.85365853658537,4.817073170731708,46.19470588235294
1.5950201100004051,-1.2533645690917967,-2.7856536315917966,-1.120486376953125,-12.74390243902439,8.78048780487805,22.80487804878049,46.20647058823529
1.610349258000042,0.49679684448242184,2.606088507080078,0.5722141967773438,-17.31707317073171,20.60975609756098,-10.731707317073171,46.20647058823529
1.6256917950004208,1.7525556152343749,15.12417188720703,3.1603461914062496,-28.231707317073173,3.5975609756097566,-27.25609756097561,46.20058823529412
1.6410564430002523,-2.1906945190429687,-4.566939666748047,-6.019022973632812,70.1219512195122,-31.463414634146343,30.243902439024392,46.20058823529412
1.6564468880001186,2.133233679199219,9.392453112792968,2.365471240234375,-30.792682926829272,-17.865853658536587,-2.682926829268293,46.19470588235294
1.6717553500002396,2.5438392639160154,-3.247734552001953,-7.66743081665039,42.50000000000001,45.00000000000001,2.5,46.18882352941176
1.6874126100001376,0.2693476867675781,4.647145422363281,1.8698714965820311,55.91463414634147,35.91463414634147,42.13414634146342,46.20058823529412
1.7027607950003585,-1.7286135986328124,13.795389965820311,-17.557877874755857,25.914634146341466,-13.902439024390246,-32.6829268292683,46.18294117647059
1.7180603130000236,-1.725022296142578,-4.015076184082031,-1.5286977600097655,90.60975609756099,-88.41463414634147,-32.37804878048781,46.20647058823529
1.7333996650004337,2.6611551452636717,19.61270144958496,-19.6133,-132.5,27.5609756097561,7.865853658536586,46.21235294117647
1.7487226470002497,1.0139444030761717,3.554192364501953,0.08738836059570312,-26.58536585365854,13.475609756097562,4.085365853658537,46.224117647058826
1.764050406000024,0.020350714111328123,13.33031629333496,6.046556292724609,-56.524390243902445,6.707317073170732,5.0,46.18882352941176
1.779354610000155,-2.3882161560058592,4.4184991638183595,1.5610194824218748,-5.365853658536586,-11.28048780487805,18.53658536585366,46.20647058823529
1.7946622760000537,-0.8212111694335937,-1.3084312072753905,-4.290409374999999,21.951219512195124,-2.6219512195121952,4.634146341463415,46.19470588235294
1.8100454060004267,0.9636661682128905,11.967416998291014,6.367379315185547,5.548780487804878,-2.987804878048781,-19.512195121951223,46.20058823529412
1.8257723870001428,0.622492431640625,-3.247734552001953,-11.285069525146485,45.36585365853659,0.7926829268292683,7.317073170731708,46.21235294117647
1.842151295000349,-0.9109937316894531,-1.3826514587402343,2.712630480957031,87.92682926829269,0.9756097560975611,0.48780487804878053,46.20058823529412
1.8585712210001475,-1.4891934326171874,19.61270144958496,5.791573815917968,-28.902439024390247,-20.670731707317074,6.585365853658537,46.19470588235294
1.8750051100000746,6.542156036376952,-7.049128237915038,-19.6133,51.585365853658544,33.170731707317074,10.853658536585368,46.224117647058826
1.8905441100000644,-1.8004396484374998,2.7748797241210936,-14.274230297851561,14.146341463414636,-16.890243902439025,-29.26829268292683,46.21823529411765
1.9061015910001515,-0.6763619689941406,18.274941271972654,10.230423693847655,-71.34146341463415,-27.865853658536587,4.024390243902439,46.18294117647059
1.9216582390004078,1.678335363769531,5.547365246582031,1.3587094421386718,1.524390243902439,-5.975609756097562,20.365853658536587,46.19470588235294
1.937170628000331,0.12808978881835936,-0.4381389038085937,-2.139219183349609,-28.170731707317074,17.682926829268293,2.3170731707317076,46.20058823529412
1.9520361840000078,0.6332663391113281,3.2549171569824216,1.9488801513671874,27.5609756097561,25.182926829268293,-4.146341463414634,46.19470588235294
1.9645306470001742,-5.074510418701172,5.628768103027343,-10.922347973632812,-13.841463414634148,-2.804878048780488,-21.158536585365855,46.20647058823529
1.9770141280000644,-1.189918225097656,10.29865844116211,0.9337386474609375,10.670731707317074,-34.87804878048781,21.707317073170735,46.20647058823529
1.9895359980000649,0.17357962036132812,2.147598889160156,-0.49320554199218747,80.3658536585366,-20.670731707317074,0.3658536585365854,46.177058823529414
2.0020356840000204,0.949300958251953,19.602526092529295,-4.854243865966796,-56.21951219512196,33.78048780487805,24.81707317073171,46.20058823529412
2.014520258000175,-0.40581718139648437,-1.7741034301757812,-2.7042507751464844,102.92682926829269,40.670731707317074,19.81707317073171,46.20647058823529
2.027004887000203,-0.2454056701660156,3.2070331237792966,-2.8000188415527343,64.69512195121952,32.743902439024396,-27.195121951219516,46.18882352941176
2.0395253500000763,-6.566098052978515,19.61270144958496,-8.487444885253906,-97.13414634146342,-22.25609756097561,4.75609756097561,46.224117647058826
2.052534035000008,-1.1659762084960936,14.335282440185546,-2.96881005859375,-9.573170731707318,-28.53658536585366,3.1097560975609757,46.21823529411765
2.0678777580001224,2.9089550170898435,0.025139117431640625,3.5625720703124997,-29.32926829268293,-7.8048780487804885,6.219512195121951,46.20058823529412
2.0831771470002423,1.5011644409179687,11.391611499023437,2.8431144714355465,-33.53658536585366,21.76829268292683,9.817073170731708,46.20647058823529
2.0984886280002684,-3.375824340820312,-3.535038751220703,0.277727392578125,17.865853658536587,-12.134146341463415,-14.634146341463415,46.21823529411765
2.113814554000328,0.9205705383300781,15.15649360961914,4.550180255126953,-17.621951219512198,-7.500000000000001,-12.256097560975611,46.21235294117647
2.129123109000375,-1.2629413757324217,15.47552098083496,-1.9069816223144531,-1.4634146341463417,-17.98780487804878,-6.707317073170732,46.19470588235294
2.1444208130001243,0.11731588134765625,-4.301183282470703,-0.7661445312499999,84.02439024390245,10.914634146341465,3.1707317073170733,46.18882352941176
2.1590001840004334,0.939724151611328,19.61270144958496,14.769830041503905,66.09756097560977,2.1341463414634148,10.853658536585368,46.20058823529412
2.1727754800003822,0.622492431640625,-11.824961999511718,-8.807070806884765,9.02439024390244,-22.195121951219512,2.073170731707317,46.20058823529412
2.1865123500001573,5.6563014221191406,17.008408593749998,1.1348515869140625,-1.524390243902439,40.0,33.53658536585366,46.21235294117647
2.2002546830003666,-4.2137949218749995,19.61270144958496,7.050923889160156,-53.10975609756098,26.463414634146343,16.52439024390244,46.20058823529412
2.2140159430000494,-1.5454571716308594,5.5653217590332025,-8.173804467773436,-21.951219512195124,-28.475609756097562,-34.87804878048781,46.20058823529412
2.2277726090001124,1.5753846923828123,11.067197174072264,-2.882618798828125,-56.89024390243903,-8.353658536585366,-3.231707317073171,46.19470588235294
2.241527683000186,-0.7577648254394531,8.971073620605468,5.795165118408203,-17.865853658536587,-9.329268292682928,39.268292682926834,46.20058823529412
2.2558418500002517,0.7158662963867187,18.57182227783203,4.115632653808594,-53.78048780487806,25.426829268292686,-0.5487804878048781,46.18882352941176
2.2711573130000033,-4.407725256347656,11.367669482421874,0.6596025573730468,19.512195121951223,-31.402439024390247,-0.6707317073170732,46.20058823529412
2.2864690350002093,-0.9038111267089843,15.680823773193358,3.5913024902343746,-51.585365853658544,-19.634146341463417,1.402439024390244,46.20647058823529
2.301777776000108,2.7581203125,2.9951462768554684,-1.3539210388183593,91.58536585365854,18.231707317073173,-39.51219512195122,46.19470588235294
2.3170925720000923,-7.505822204589843,14.355633154296875,-15.646107849121092,-14.26829268292683,-5.3048780487804885,0.6097560975609757,46.20647058823529
2.332401239000319,-0.07422025146484375,-2.2349872497558594,-1.150413897705078,102.13414634146342,-22.80487804878049,5.060975609756098,46.18294117647059
2.347704869000154,5.693411547851563,19.61270144958496,5.914875201416015,-70.42682926829269,40.85365853658537,48.71951219512196,46.20647058823529
2.3630104980002216,1.199495031738281,14.755464831542968,-0.6787561706542968,-40.0609756097561,38.963414634146346,-16.34146341463415,46.19470588235294
2.378400757000236,0.20709844360351562,14.686032983398437,-2.0075380920410155,-86.76829268292684,-17.439024390243905,-0.9756097560975611,46.20058823529412
2.3937108500003887,0.5961562133789062,19.507955126953124,-2.1607669982910154,-40.304878048780495,-7.743902439024391,-0.48780487804878053,46.19470588235294
2.409018794000076,-0.4333505004882812,2.507926239013672,-2.511517541503906,-12.865853658536587,-3.4756097560975614,-0.7317073170731708,46.20058823529412
2.4243259060003766,3.7792473205566406,19.61270144958496,5.141548065185547,-28.658536585365855,16.76829268292683,-16.82926829268293,46.18294117647059
2.4396229980002317,1.2042834350585936,8.104372619628906,-2.6587609436035153,13.902439024390246,7.500000000000001,0.12195121951219513,46.19470588235294
2.454952276000313,0.5686228942871093,19.61270144958496,16.168043811035155,43.59756097560976,13.475609756097562,-5.365853658536586,46.20058823529412
2.4702645910001593,-7.411251239013671,-4.497507818603515,-11.926715570068358,65.1829268292683,-48.23170731707317,-49.87804878048781,46.18294117647059
2.485565924000184,0.40581718139648437,2.1643583007812497,1.782483135986328,82.19512195121952,-48.963414634146346,-44.57317073170732,46.21235294117647
2.5017746460002854,4.127603662109375,10.864887133789061,-5.248090039062499,-43.65853658536586,67.8658536585366,122.7439024390244,46.20058823529412
2.5170930170002066,-8.398859423828124,12.931083166503905,-3.1663316955566403,-64.39024390243902,20.30487804878049,-27.195121951219516,46.21823529411765
2.532396906000031,3.3219548034667965,16.907852124023435,7.89727417602539,-73.53658536585367,-3.7195121951219514,4.695121951219512,46.21235294117647
2.5476955350000026,-1.0091559997558592,14.471751934814453,0.2454056701660156,-20.54878048780488,13.658536585365855,6.219512195121951,46.21823529411765
2.5630620720003208,0.8858546142578124,2.6874913635253903,-2.7162217834472653,4.878048780487806,6.341463414634147,6.646341463414635,46.224117647058826
2.578436294000312,0.5518634826660156,14.735114117431639,-1.7776947326660155,-20.0609756097561,15.000000000000002,-3.414634146341464,46.20647058823529
2.5938297200000306,-0.15322890625,0.0383072265625,-5.928043310546875,12.987804878048781,-5.426829268292684,7.682926829268293,46.19470588235294
2.6091449980003745,0.5207388610839844,9.65282254333496,17.30768380126953,69.32926829268293,9.695121951219512,0.48780487804878053,46.20647058823529
2.6244501830001354,-0.1592144104003906,-18.71188307495117,-7.332242584228515,21.76829268292683,-26.58536585365854,-13.414634146341465,46.20647058823529
2.639755905000129,-0.9026140258789062,-1.6244658264160154,-0.8559270935058593,62.6829268292683,-28.231707317073173,-23.59756097560976,46.224117647058826
2.6550665170002503,2.1643583007812497,19.61270144958496,-19.6133,-89.57317073170732,4.939024390243903,-3.8414634146341466,46.20647058823529
2.6703602760003378,2.4588451049804685,3.5482068603515624,-5.536591339111328,-15.487804878048783,27.500000000000004,11.585365853658537,46.20647058823529
2.6856629050002994,-1.3826514587402343,11.909956158447265,4.126406561279297,-29.634146341463417,17.5,-17.621951219512198,46.20058823529412
2.700961035000091,-0.5051765502929687,7.3849150207519525,-1.7357962036132812,-20.121951219512198,-12.865853658536587,8.170731707317074,46.19470588235294
2.716590572000314,-1.0043675964355467,2.3223756103515623,-0.9193734375,0.06097560975609757,-37.6829268292683,19.512195121951223,46.18882352941176
2.733318350000445,1.4915876342773438,1.9201497314453124,-4.553771557617187,-5.487804878048781,25.670731707317074,-6.2804878048780495,46.21235294117647
2.749706239000261,-1.944091748046875,15.62874988708496,11.711237420654296,1.402439024390244,-2.25609756097561,19.390243902439025,46.20647058823529
2.7661220350000804,1.0474632263183594,12.425906616210936,5.092466931152344,42.31707317073171,-5.975609756097562,8.048780487804878,46.21823529411765
2.782503461000033,7.019799267578125,8.475473876953124,-1.341950030517578,48.10975609756098,63.84146341463415,17.743902439024392,46.20058823529412
2.79890742400039,0.0430956298828125,19.61270144958496,-11.81658229370117,-47.743902439024396,-72.13414634146342,-100.00000000000001,46.21235294117647
2.8153351090004435,-0.6859387756347656,13.625401647949218,-0.1292868896484375,-7.439024390243903,-83.04878048780489,3.780487804878049,46.19470588235294
2.83173327600025,9.86291373901367,6.452373474121093,-4.383783239746093,-32.86585365853659,62.865853658536594,23.658536585365855,46.235882352941175
2.8481221650004045,-4.299986181640625,5.421669659423828,-3.475183709716797,-24.085365853658537,22.926829268292686,-12.682926829268293,46.20058823529412
2.862981609000144,-3.8953661010742184,19.61270144958496,-1.4209586853027343,-63.90243902439025,-17.804878048780488,20.54878048780488,46.235882352941175
2.876773831000264,0.6308721374511719,15.667655664062499,4.037821099853516,-10.670731707317074,-2.1951219512195124,-9.695121951219512,46.20647058823529
2.8906200530000206,-0.7721300354003906,4.387374542236328,0.20709844360351562,36.524390243902445,15.487804878048783,8.048780487804878,46.21235294117647
2.9043818680002005,1.0558429321289062,7.05451519165039,-0.958877764892578,-2.8658536585365857,37.13414634146342,-12.317073170731708,46.20647058823529
2.9182084420003775,-5.906495495605468,17.829619763183594,-4.744110589599609,-34.51219512195122,-50.54878048780488,-13.719512195121952,46.21235294117647
2.9319878310002423,7.91642778930664,7.659051110839843,-9.14225903930664,38.71951219512196,17.134146341463417,33.78048780487805,46.21235294117647
2.945810776000144,1.4496891052246093,-8.32463917236328,-4.7010149597167965,115.91463414634147,39.51219512195122,33.59756097560976,46.21235294117647
2.959636368000247,-1.235408056640625,19.61270144958496,5.945999822998046,-69.69512195121952,18.719512195121954,-119.26829268292684,46.21235294117647
2.9734520530000736,3.286041778564453,19.61270144958496,4.189852905273438,-39.32926829268293,-39.024390243902445,-11.585365853658537,46.20647058823529
2.987239072000193,-3.0226795959472654,-0.5231330627441406,-6.101622930908203,-28.231707317073173,-57.743902439024396,11.829268292682928,46.21235294117647
3.0010664420001376,8.160636358642577,15.224728356933593,-8.106766821289062,-61.768292682926834,-11.76829268292683,60.487804878048784,46.21235294117647
3.0148633870003323,-0.737414111328125,10.856507427978515,1.0881646545410155,-15.914634146341465,27.865853658536587,24.451219512195124,46.20647058823529
3.0286921460001395,-2.8383260681152342,0.1484405029296875,7.45075556640625,2.5,8.414634146341465,0.426829268292683,46.20647058823529
3.0424809980004284,2.1619640991210938,-1.6400281372070311,-8.220491400146484,1.7682926829268295,10.487804878048781,13.109756097560977,46.21235294117647
3.056589016000089,0.2765302917480469,12.358868969726561,1.6364368347167968,26.09756097560976,41.707317073170735,3.4756097560975614,46.19470588235294
3.071928998000203,-7.363367205810547,6.884526873779296,-8.392873919677735,-11.158536585365855,-29.02439024390244,-17.378048780487806,46.20647058823529
3.0872283310000057,-0.7003039855957031,-3.343502618408203,-0.22385785522460935,109.20731707317074,-37.6219512195122,18.231707317073173,46.20647058823529
3.1025503680002657,7.563283044433593,10.018536846923828,-10.426748229980468,-19.451219512195124,15.121951219512196,35.54878048780488,46.21823529411765
3.117858313000397,0.7912836486816406,19.595343487548828,2.6240450195312497,-0.9146341463414634,9.26829268292683,-109.08536585365854,46.20058823529412
3.1332138130001113,-1.1013327636718748,19.61270144958496,-5.482721801757812,-91.46341463414635,9.085365853658537,5.914634146341464,46.21823529411765
3.148516534999999,-0.11252747802734374,1.7645266235351562,-2.460042205810547,2.804878048780488,-2.439024390243903,14.207317073170733,46.20058823529412
3.162783127000239,-2.0829554443359375,19.61270144958496,-1.993172882080078,-73.90243902439025,-14.329268292682928,20.79268292682927,46.21235294117647
3.1765220900001623,2.887407202148437,8.75918677368164,-0.5339069702148437,6.646341463414635,38.84146341463415,9.634146341463415,46.224117647058826
3.1902690720003193,0.4800374328613281,5.221753820800781,-0.6296750366210937,-13.475609756097562,38.71951219512196,-14.634146341463415,46.21235294117647
3.204018257000371,-0.9217676391601562,-2.568978381347656,-2.3786393493652342,-5.975609756097562,11.76829268292683,10.24390243902439,46.21235294117647
3.2177841270004137,0.0143652099609375,19.61270144958496,-5.342661004638671,-65.48780487804879,12.134146341463415,3.5975609756097566,46.24176470588235
3.2317107380004018,-2.592920397949219,5.723339068603515,-2.767697119140625,43.04878048780488,-39.146341463414636,-21.097560975609756,46.20058823529412
3.2454763870000534,4.335899206542969,12.485761657714843,-4.444835382080078,39.81707317073171,10.609756097560977,38.170731707317074,46.21823529411765
3.259227294000084,0.34117373657226563,19.61270144958496,-7.775169891357422,113.47560975609757,23.10975609756098,-46.15853658536586,46.19470588235294
3.2729867200000626,1.448492004394531,19.61270144958496,-5.27322915649414,-48.47560975609756,-40.85365853658537,-25.54878048780488,46.21235294117647
3.2867704420000337,-1.1420341918945311,12.405555902099609,2.6515783386230467,-29.451219512195124,-55.304878048780495,27.195121951219516,46.18882352941176
3.3005464240000038,4.903325,-3.162740393066406,-1.7896657409667969,-13.536585365853659,29.39024390243903,40.0609756097561,46.19470588235294
3.3145937380004398,-0.5470750793457031,16.68997977294922,7.313088970947265,-34.51219512195122,19.32926829268293,-4.207317073170732,46.19470588235294
3.3283907750001163,-2.786850732421875,6.025008477783203,-3.19865341796875,-26.158536585365855,-18.29268292682927,24.085365853658537,46.20058823529412
3.3421518310001375,4.540603448486328,6.353014105224609,-0.9995791931152344,29.08536585365854,13.78048780487805,-20.48780487804878,46.18294117647059
3.355906738000158,0.21906945190429686,-2.1404162841796874,-7.170633972167968,42.37804878048781,23.53658536585366,12.621951219512196,46.224117647058826
3.369653553000262,-1.7357962036132812,19.61270144958496,7.970297326660156,-44.87804878048781,20.853658536585368,-8.170731707317074,46.21235294117647
3.3834786830002486,-7.126341241455077,12.307393634033202,-1.1923124267578125,-15.975609756097562,-48.04878048780488,-1.3414634146341464,46.20058823529412
3.397304312000415,3.0621839233398433,3.392583752441406,-7.754819177246094,4.817073170731708,21.707317073170735,44.51219512195122,46.19470588235294
3.4111103310001454,-0.3854664672851562,2.6719290527343746,4.08570513305664,80.67073170731707,38.90243902439025,38.23170731707317,46.18882352941176
3.4248830160004218,-5.124788653564453,19.61270144958496,13.603853833007811,-71.89024390243902,7.500000000000001,-119.51219512195124,46.20647058823529
3.4386457570003586,-0.7170633972167968,19.515137731933592,-7.107187628173827,-62.865853658536594,-32.6219512195122,-11.28048780487805,46.230000000000004
3.4524092200003906,-1.2569558715820313,2.8012159423828122,0.2693476867675781,-21.097560975609756,-42.6829268292683,21.890243902439025,46.224117647058826
3.466167646000031,-1.2701239807128906,17.149666491699218,6.047753393554687,-53.90243902439025,-46.28048780487805,26.951219512195124,46.20647058823529
3.4799196640001355,5.155913275146484,1.6819266662597656,-5.846640454101562,16.70731707317073,26.28048780487805,15.182926829268293,46.19470588235294
3.4936615350002285,1.4281412902832031,4.136581918334961,10.229226593017577,53.53658536585366,57.926829268292686,-23.414634146341466,46.19470588235294
3.5074065350004275,-4.939238024902344,0.4465186096191406,2.437297290039062,-23.84146341463415,-6.158536585365854,-9.146341463414634,46.21235294117647
3.5211635350001416,0.19632453613281248,0.10773907470703124,-3.6762966491699216,29.87804878048781,-21.34146341463415,11.52439024390244,46.21235294117647
3.534905572000298,-0.6248866333007812,8.157045056152343,2.146401788330078,69.93902439024392,-28.53658536585366,45.54878048780488,46.21235294117647
3.548662016000435,-5.857414361572265,19.47922470703125,-0.6536170532226562,-35.1219512195122,-19.512195121951223,-29.573170731707318,46.21235294117647
3.563159053000163,0.42975919799804685,-2.6791116577148437,2.3511060302734372,95.42682926829269,-22.621951219512198,-24.451219512195124,46.20058823529412
3.578467016000104,3.7241806823730466,19.61270144958496,-12.95382808227539,-69.32926829268293,32.37804878048781,6.52439024390244,46.21235294117647
3.5937730720002037,-3.6164416076660153,12.255918298339843,-7.563283044433593,-69.26829268292684,14.329268292682928,39.51219512195122,46.21823529411765
3.609059683000396,-0.7900865478515624,9.630676177978515,1.1875240234375,-42.13414634146342,3.963414634146342,-6.463414634146342,46.21823529411765
3.624386090000371,0.7769184387207031,3.047818713378906,3.469198205566406,-3.7195121951219514,5.426829268292684,-36.951219512195124,46.20647058823529
3.639718923000146,-1.0690110412597655,19.515137731933592,-3.345896820068359,-41.951219512195124,-3.2926829268292686,4.390243902439025,46.21823529411765
3.6550346090002677,0.14484920043945312,19.500772521972657,-3.384204046630859,-16.463414634146343,-7.439024390243903,-12.987804878048781,46.20647058823529
3.6689722200003416,1.543062969970703,0.20231004028320312,-3.5913024902343746,19.26829268292683,-0.30487804878048785,-3.963414634146342,46.224117647058826
3.682718257000033,-2.370259643554687,14.368801263427734,5.742492681884765,40.79268292682927,-16.219512195121954,56.28048780487806,46.230000000000004
3.6964516460002415,1.4053963745117186,6.265625744628906,1.1097124694824219,26.89024390243903,-12.74390243902439,-21.097560975609756,46.20647058823529
3.7101967010003136,2.0925322509765625,3.9647979492187497,0.9181763366699218,81.64634146341464,4.024390243902439,4.451219512195122,46.21823529411765
3.7239431830003014,-4.9260699157714845,19.61270144958496,-3.3219548034667965,68.59756097560977,24.32926829268293,0.1829268292682927,46.20058823529412
3.73768286800032,-4.030638494873046,10.530896002197265,-9.51814869995117,-72.5609756097561,30.54878048780488,17.31707317073171,46.21823529411765
3.751432775000012,-1.045069024658203,-1.3383587280273437,-0.430956298828125,7.500000000000001,7.439024390243903,0.06097560975609757,46.21823529411765
3.7651664970003367,0.9469067565917968,8.355763793945313,3.3782185424804685,-53.10975609756098,5.914634146341464,-15.670731707317074,46.21235294117647
3.778920164000283,1.514332550048828,13.63019005126953,-6.710947253417968,-47.25609756097561,-7.560975609756098,20.426829268292686,46.20647058823529
3.792700368000169,-0.022744915771484374,9.051279376220702,9.471461767578125,41.58536585365854,13.78048780487805,-14.390243902439027,46.20647058823529
3.8064497010000196,-3.854664672851562,10.461464154052734,-0.2645592834472656,-49.81707317073171,-11.646341463414634,-7.317073170731708,46.21235294117647
3.820220442000391,-2.133233679199219,9.082403997802734,2.000355487060547,12.134146341463415,-35.243902439024396,28.719512195121954,46.21235294117647
3.8339848680002433,8.8489693359375,16.129736584472656,-1.0438719238281249,24.81707317073171,54.207317073170735,5.121951219512195,46.19470588235294
3.8477275340001142,-1.4425065002441406,-4.46279189453125,-0.8882488159179687,103.41463414634147,53.41463414634147,14.329268292682928,46.224117647058826
3.8618988680000257,-9.666589202880859,7.742848168945312,-15.188815332031249,24.695121951219516,32.86585365853659,-36.09756097560976,46.21235294117647
3.8771980710002936,-6.166266375732421,19.61270144958496,-1.4401122985839843,-73.41463414634147,-78.71951219512196,42.37804878048781,46.18882352941176
3.8924959050000325,5.286397265624999,9.522937103271484,-10.715249530029297,-27.378048780487806,27.865853658536587,-13.78048780487805,46.19470588235294
3.9078176270004406,-0.037110125732421874,4.568136767578125,2.136824981689453,3.5975609756097566,-7.25609756097561,-1.2195121951219514,46.21235294117647
3.923121201000413,0.30406361083984373,-1.3371616271972655,-5.128379956054687,-27.743902439024392,-8.292682926829269,8.170731707317074,46.20647058823529
3.938421701000152,0.6081272216796875,3.2537200561523436,-9.03332286376953,-20.975609756097562,10.914634146341465,-3.9024390243902443,46.18882352941176
3.9537110710002707,0.709880792236328,4.186261602783203,7.687781530761718,55.60975609756098,4.085365853658537,1.2195121951219514,46.18882352941176
3.967993590000333,0.9696516723632812,7.11197603149414,-8.96987651977539,-44.024390243902445,11.890243902439025,4.2682926829268295,46.18882352941176
3.981730460000108,0.04908113403320312,0.29568390502929687,-2.922123126220703,86.21951219512196,16.585365853658537,-27.073170731707318,46.21235294117647
3.9954943310003728,-1.533486163330078,19.61270144958496,-4.914098907470703,-71.64634146341464,-52.43902439024391,-6.097560975609756,46.20058823529412
4.009270053000364,1.686715069580078,0.8451531860351562,-1.0881646545410155,38.90243902439025,-43.10975609756098,13.353658536585368,46.21823529411765
4.023140053000134,0.9085995300292968,-0.47285482788085936,-14.56871710205078,82.8658536585366,-21.890243902439025,26.82926829268293,46.18882352941176
4.036883979000322,-3.0885201416015624,19.61270144958496,3.5410242553710933,-33.84146341463415,30.30487804878049,0.853658536585366,46.20647058823529
4.050623905000066,4.335899206542969,2.261323468017578,-3.7038299682617186,-26.158536585365855,54.75609756097561,-3.4756097560975614,46.20058823529412
4.065152071000284,-4.042609503173828,1.4317325927734375,-0.3699041564941406,-28.902439024390247,-5.548780487804878,-19.81707317073171,46.19470588235294
4.080452682000214,-2.2744915771484373,19.61270144958496,9.910797772216796,-62.987804878048784,-15.000000000000002,5.182926829268293,46.19470588235294
4.096059164000053,0.8104372619628906,4.265270257568359,0.7685387329101562,44.81707317073171,-14.451219512195124,10.670731707317074,46.19470588235294
4.111387145000208,3.582922784423828,14.589067816162109,-2.9544448486328125,-91.15853658536587,29.146341463414636,-4.329268292682928,46.20647058823529
4.126685330000328,0.594959112548828,1.0271125122070313,-2.895786907958984,52.50000000000001,10.365853658536587,3.353658536585366,46.19470588235294
4.141984219000278,-0.8547299926757812,-1.0881646545410155,-10.88523784790039,2.3170731707317076,-3.1707317073170733,-24.02439024390244,46.20058823529412
4.157337960000405,4.945223529052734,10.404003314208984,0.25258827514648435,-38.78048780487805,6.158536585365854,2.7439024390243905,46.21823529411765
4.172708590000184,0.6416460449218749,3.7301661865234372,3.134009973144531,45.487804878048784,10.426829268292684,6.219512195121951,46.21235294117647
4.188022256000295,0.16519991455078123,0.5829881042480468,2.3642741394042965,124.45121951219514,10.853658536585368,-10.792682926829269,46.19470588235294
4.203578442000435,0.8212111694335937,3.42849677734375,-19.54147395019531,-23.170731707317074,2.439024390243903,6.951219512195123,46.21235294117647
4.219364405000306,-7.920019091796875,0.05027823486328125,1.2808978881835937,20.365853658536587,-53.65853658536586,-2.8658536585365857,46.18882352941176
4.234666330000437,0.9995791931152344,11.79802723083496,8.912415679931641,-48.59756097560976,-31.52439024390244,14.756097560975611,46.19470588235294
4.2499659600002815,1.868674395751953,6.5397618347167965,-3.7529111022949215,-76.95121951219512,24.146341463414636,16.82926829268293,46.21235294117647
4.26534521900021,0.9062053283691406,5.439626171875,8.566453540039062,48.65853658536586,50.79268292682927,-22.865853658536587,46.20058823529412
4.280651942000077,-4.236539837646484,7.298723760986328,-5.351040710449219,-61.09756097560976,-16.951219512195124,-2.439024390243903,46.21235294117647
4.296017849000236,0.5722141967773438,-2.2553379638671873,-4.067748620605468,73.23170731707317,-25.670731707317074,18.04878048780488,46.224117647058826
4.311392182000418,-1.5478513732910155,19.61270144958496,11.467028851318359,71.34146341463415,-19.695121951219512,1.524390243902439,46.19470588235294
4.32668644100022,4.7584757995605464,-10.86009873046875,-11.731588134765625,3.780487804878049,50.487804878048784,25.670731707317074,46.224117647058826
4.341996849000225,-1.5358803649902344,2.826355059814453,-19.6133,36.03658536585366,-5.487804878048781,-37.25609756097561,46.20058823529412
4.357368849000068,2.4193407775878906,19.61270144958496,-14.603433026123046,-1.3414634146341464,-50.97560975609756,-19.451219512195124,46.21235294117647
4.371425867000198,2.3582886352539063,-2.094926452636719,-4.35385571899414,-12.317073170731708,22.621951219512198,9.207317073170733,46.18294117647059
4.385174349000408,-1.0881646545410155,9.543287817382812,5.68862314453125,9.146341463414634,25.182926829268293,8.353658536585366,46.20058823529412
4.3989162560001205,-0.32920272827148434,19.592949285888672,1.927332336425781,-115.97560975609757,8.719512195121952,8.292682926829269,46.20647058823529
4.412703330000113,0.6464344482421874,-0.23223756103515625,3.7038299682617186,53.963414634146346,12.80487804878049,-5.182926829268293,46.20058823529412
4.426444978000291,-1.2222399475097656,19.61270144958496,5.072116217041016,-62.19512195121952,6.341463414634147,-7.500000000000001,46.19470588235294
4.440184164000129,-3.086125939941406,6.8785413696289055,-0.6021417175292968,18.29268292682927,-29.695121951219516,4.51219512195122,46.20647058823529
4.453940738000256,0.42377369384765623,-0.41539398803710936,5.288791467285156,84.45121951219512,-28.59756097560976,-8.902439024390244,46.19470588235294
4.467717182000342,-3.1016882507324217,19.61270144958496,-8.959102612304687,-34.63414634146342,-37.5,28.59756097560976,46.19470588235294
4.481456201000128,2.3822306518554686,-0.11252747802734374,0.027533319091796873,29.87804878048781,43.78048780487805,35.91463414634147,46.19470588235294
4.495204515000296,1.0019733947753906,-5.000290167236328,-4.371812231445312,77.8658536585366,57.804878048780495,-8.719512195121952,46.20647058823529
4.508943293000357,-7.738059765625,19.61270144958496,-8.536526019287109,13.841463414634148,-8.902439024390244,4.390243902439025,46.20647058823529
4.522687312000016,-0.8295908752441405,14.602235925292968,-19.439720379638672,-26.646341463414636,-4.695121951219512,-11.646341463414634,46.21235294117647
4.5364249040003415,-0.3591302490234375,0.719457598876953,1.3359645263671873,-12.682926829268293,-9.451219512195122,-6.158536585365854,46.20647058823529
4.550192441000036,-0.3447650390625,11.815385192871092,0.18914193115234373,-57.07317073170732,-10.487804878048781,10.24390243902439,46.19470588235294
4.564412978000291,0.16998831787109375,19.35233201904297,0.36631285400390623,-21.646341463414636,-2.987804878048781,-16.219512195121954,46.19470588235294
4.579701497000315,-0.16160861206054686,1.225232699584961,8.898050469970702,18.353658536585368,-27.073170731707318,10.426829268292684,46.21235294117647
4.5950125520002985,-0.6907271789550781,-2.1116858642578125,-3.508702532958984,0.9756097560975611,-11.402439024390246,-21.52439024390244,46.224117647058826
4.610316849000355,-0.17118541870117188,12.58990942993164,4.06655151977539,17.98780487804878,-0.48780487804878053,18.04878048780488,46.21235294117647
4.625615312000264,-0.5422866760253906,6.28837066040039,-5.521029028320312,-8.414634146341465,23.658536585365855,-18.475609756097562,46.19470588235294
4.640917312000056,0.14963760375976562,-3.7038299682617186,-3.737348791503906,95.60975609756099,-40.243902439024396,-44.207317073170735,46.20058823529412
4.6562545150000005,8.007407452392577,19.61270144958496,1.035492218017578,-62.31707317073171,2.8658536585365857,100.79268292682927,46.19470588235294
4.670623960000285,1.7764976318359373,19.61270144958496,6.593631372070312,44.32926829268293,126.40243902439026,55.0609756097561,46.224117647058826
4.684397478000392,-8.301894256591796,6.206967803955078,-13.415909002685545,-61.524390243902445,-12.74390243902439,-37.13414634146342,46.20058823529412
4.698112349000439,-1.7214309936523438,12.288240020751953,3.3710359375,-24.451219512195124,-57.926829268292686,10.060975609756099,46.224117647058826
4.711867034000079,0.02633621826171875,3.1471780822753903,-0.7529764221191406,27.500000000000004,-49.085365853658544,4.329268292682928,46.21235294117647
4.725629460000164,5.030217687988281,19.61270144958496,4.971559747314453,-90.1219512195122,-7.195121951219513,-0.5487804878048781,46.20058823529412
4.7393710890000875,1.1887211242675781,0.5985504150390625,-2.424129180908203,32.13414634146342,4.817073170731708,-15.79268292682927,46.19470588235294
4.753109775000212,1.7657237243652342,7.256825231933593,3.8570588745117185,25.975609756097562,11.219512195121952,-13.353658536585368,46.20647058823529
4.76762329300027,-3.229778039550781,1.4425065002441406,-8.044517578125,-3.353658536585366,-26.951219512195124,-11.585365853658537,46.19470588235294
4.782922571000199,0.2346317626953125,0.6751648681640625,-0.7649474304199219,106.95121951219514,-17.31707317073171,-20.426829268292686,46.19470588235294
4.7982150710004134,0.5758054992675781,19.61270144958496,11.415553515625,-96.15853658536587,44.451219512195124,36.40243902439025,46.20058823529412
4.8135339600003135,0.4632780212402344,5.402516046142578,-5.504269616699219,-19.695121951219512,66.40243902439025,70.1219512195122,46.20647058823529
4.828858793000109,1.0726023437499999,1.7585411193847655,-4.537012145996093,42.987804878048784,74.32926829268294,-3.231707317073171,46.20058823529412
4.84416831200042,-4.824316345214844,7.960720520019531,-7.8158713195800775,-36.34146341463415,-49.51219512195122,-31.82926829268293,46.20647058823529
4.859497423000448,-1.064222637939453,1.2497732666015624,0.8774749084472656,10.670731707317074,-57.560975609756106,-2.073170731707317,46.21235294117647
4.874800293000135,-0.3268085266113281,8.271966735839843,7.8338278320312495,-3.231707317073171,-45.0609756097561,14.02439024390244,46.20647058823529
4.890095312000085,-0.44532150878906246,5.837063647460937,-6.564900952148437,-9.939024390243903,7.073170731707318,-17.926829268292686,46.20058823529412
4.906036015000154,0.39743747558593745,10.803834991455078,5.926846209716796,33.47560975609756,11.036585365853659,-33.170731707317074,46.19470588235294
4.921381626000311,-4.578910675048828,-2.9975404785156248,-14.891934326171874,12.560975609756099,-31.707317073170735,-21.52439024390244,46.20647058823529
4.936697460000232,0.8044517578125,2.47081611328125,1.6711527587890624,63.78048780487806,-10.792682926829269,-23.04878048780488,46.18882352941176
4.952000756000416,0.43454760131835934,0.3962403747558593,-6.827066033935546,20.0,63.84146341463415,105.67073170731709,46.21235294117647
4.967380274000334,-0.8499415893554687,18.0427037109375,3.9564182434082027,-53.53658536585366,96.40243902439025,2.25609756097561,46.20058823529412
4.982778626000254,0.4572925170898437,0.7134720947265625,-1.1444283935546875,16.585365853658537,17.865853658536587,42.86585365853659,46.21235294117647
4.998122163000062,-3.6834792541503902,19.61270144958496,0.19153613281249998,-40.426829268292686,-46.707317073170735,-19.451219512195124,46.18294117647059
5.013491663000423,5.6754550354003905,19.61270144958496,2.2637176696777344,-63.04878048780488,-18.719512195121954,12.134146341463415,46.20058823529412
