0.015717278000010992,16.792930444335937,19.61270144958496,-0.8571241943359375,-10.365853658536587,17.865853658536587,15.426829268292684,39.80058823529412
0.03133364799998617,-1.801636749267578,-1.993172882080078,-2.085349645996094,-6.463414634146342,25.121951219512198,5.060975609756098,39.80058823529412
0.04694846300003519,-6.517016918945312,11.575965026855467,-0.9337386474609375,-61.09756097560976,3.8414634146341466,24.512195121951223,39.81235294117647
0.062350869999988845,-0.2885013000488281,3.2884359802246093,1.1947066284179686,2.5609756097560976,-0.7317073170731708,20.914634146341466,39.80058823529412
0.07783820399998831,1.4628572143554686,1.2234370483398436,-2.050633721923828,0.3658536585365854,-4.817073170731708,25.426829268292686,39.81235294117647
0.08611744400002408,-0.6153098266601562,-4.581304876708984,-5.239710333251953,29.146341463414636,-15.000000000000002,7.987804878048781,39.80647058823529
0.093241369999987,-0.15682020874023436,3.238157745361328,0.7278373046875,112.37804878048782,-4.146341463414634,27.378048780487806,39.81235294117647
0.10027607400002125,-0.11133037719726561,19.61270144958496,4.460397692871093,73.04878048780489,-3.658536585365854,23.231707317073173,39.788823529411765
0.1072830190000218,-4.6651019348144525,19.61270144958496,-6.752845782470703,-17.865853658536587,-37.13414634146342,-51.89024390243903,39.79470588235294
0.11418150000002925,5.953182427978516,19.481618908691406,-6.9348051086425775,-52.01219512195122,-45.36585365853659,-84.20731707317074,39.80058823529412
0.1210244260000195,1.659181750488281,0.24181436767578124,-4.677072943115234,12.500000000000002,-38.170731707317074,-59.451219512195124,39.80647058823529
0.1278909260000205,1.4963760375976562,8.384494213867187,2.8203695556640622,11.036585365853659,-33.65853658536586,-48.10975609756098,39.80058823529412
0.1347184630000129,11.732785235595703,19.61270144958496,-4.122815258789062,-26.707317073170735,2.25609756097561,4.146341463414634,39.80058823529412
0.1415417590000061,-1.8088193542480469,3.1112650573730467,-2.6192566162109374,-98.90243902439025,9.695121951219512,-3.4756097560975614,39.80058823529412
0.14840851899998597,-0.10893617553710937,2.252943762207031,-1.9333178405761717,-50.73170731707317,10.670731707317074,3.963414634146342,39.80058823529412
0.15524413000002824,0.3136404174804687,1.811213555908203,-3.373430139160156,-46.09756097560976,12.073170731707318,12.256097560975611,39.78294117647059
0.16220522200001142,-0.6536170532226562,3.3099837951660156,0.4381389038085937,-21.28048780487805,6.7682926829268295,42.743902439024396,39.80058823529412
0.16911796300001924,-1.9620482604980467,12.71740066833496,4.572925170898437,-15.365853658536587,0.9146341463414634,25.853658536585368,39.81823529411765
0.17597203700000819,0.6979097839355468,2.291250988769531,-4.993107562255859,-57.13414634146342,-1.3414634146341464,16.402439024390244,39.79470588235294
0.18279477800001587,1.2521674682617188,-3.161543292236328,-3.4859576171874997,31.951219512195124,0.9146341463414634,16.097560975609756,39.788823529411765
0.18961250000000973,0.3112462158203125,14.170082525634765,2.8036101440429686,12.926829268292684,5.914634146341464,5.670731707317073,39.79470588235294
0.1964319630000091,1.8148048583984373,4.100070343017578,-2.4684219116210935,-15.30487804878049,15.060975609756099,13.963414634146343,39.777058823529416
0.20325101800000311,-0.5602431884765625,12.577938421630858,1.9907786804199217,-5.975609756097562,12.74390243902439,16.52439024390244,39.79470588235294
0.2103198519999978,0.6847416748046875,0.5482721801757812,-3.23696064453125,-6.646341463414635,14.51219512195122,16.646341463414636,39.79470588235294
0.21731809300001714,1.4101847778320311,5.6203883972167965,-0.1292868896484375,51.28048780487806,24.085365853658537,7.134146341463415,39.80647058823529
0.22438629600003424,0.852335791015625,2.701856573486328,1.322796417236328,71.03658536585367,28.53658536585366,-5.731707317073171,39.80058823529412
0.23150451800000837,1.8136077575683593,7.133523846435547,-1.7764976318359373,81.15853658536587,27.926829268292686,-3.048780487804878,39.81235294117647
0.23848663000001125,1.3575123413085937,12.358868969726561,0.5410895751953124,79.32926829268294,27.865853658536587,13.78048780487805,39.82411764705883
0.2457072960000346,-7.903259680175781,19.61270144958496,0.06823474731445311,92.8048780487805,3.231707317073171,-76.70731707317074,39.81823529411765
0.25290435200003003,16.169240911865234,19.61270144958496,-7.003039855957031,-66.46341463414635,-3.1707317073170733,3.8414634146341466,39.82411764705883
0.2598902780000003,-2.868253588867187,0.7206546997070312,-2.890998504638672,-67.25609756097562,0.06097560975609757,19.878048780487806,39.80647058823529
0.26703005500002064,-1.637633935546875,3.3195606018066406,-0.11851298217773437,-50.426829268292686,-12.621951219512196,-0.9756097560975611,39.78294117647059
0.2741839999999911,-0.4165910888671875,6.641515405273437,-5.596446380615234,-42.804878048780495,-16.951219512195124,14.207317073170733,39.80647058823529
0.28131335199998375,-0.08858546142578125,12.276269012451172,0.6715735656738281,-47.07317073170732,-28.170731707317074,12.865853658536587,39.81823529411765
0.28817364799999723,1.6771382629394531,5.960365032958984,-1.7178396911621092,-55.54878048780488,-26.82926829268293,8.170731707317074,39.82411764705883
0.29499981499998285,0.584185205078125,1.514332550048828,-1.0917559570312498,-36.21951219512196,-23.84146341463415,8.170731707317074,39.81235294117647
0.3018195920000153,2.0781670410156248,15.974113476562499,2.1715409057617188,-14.51219512195122,-15.365853658536587,5.731707317073171,39.79470588235294
0.30863900000002786,-0.008379705810546874,9.801861596679688,-2.176329309082031,-21.463414634146343,-10.792682926829269,4.329268292682928,39.78294117647059
0.3154591480000022,0.5386953735351562,3.2166099304199216,-1.254561669921875,5.548780487804878,-8.536585365853659,2.682926829268293,39.79470588235294
0.32227827799999886,0.1388636962890625,4.459200592041015,-0.42975919799804685,34.87804878048781,-3.780487804878049,6.646341463414635,39.81235294117647
0.3291107590000024,0.18315642700195311,14.987702392578123,2.270900274658203,6.097560975609756,-5.975609756097562,-0.1829268292682927,39.80058823529412
0.33601088900002196,-0.04668693237304687,1.1659762084960936,-2.8622680847167965,-9.390243902439025,-11.951219512195124,0.9146341463414634,39.79470588235294
0.3428562409999927,0.5746083984375,5.965153436279296,-0.6572083557128906,40.97560975609756,-12.865853658536587,-2.7439024390243905,39.80647058823529
0.34967742600002794,0.718260498046875,0.08738836059570312,-1.7357962036132812,41.58536585365854,-11.341463414634147,-1.1585365853658538,39.81235294117647
0.35649687000000085,0.4656722229003906,1.3479355346679687,-1.945288848876953,72.25609756097562,-5.3048780487804885,-2.3170731707317076,39.81823529411765
0.3633143889999815,0.21188684692382811,11.82376489868164,2.8945898071289062,81.40243902439025,-4.51219512195122,1.1585365853658538,39.81235294117647
0.37013031499998306,0.16519991455078123,11.04564935913086,-3.0909143432617188,71.64634146341464,-1.9512195121951221,-4.573170731707317,39.81823529411765
0.37706609200000685,-1.867477294921875,19.61270144958496,-5.045779998779296,69.08536585365854,54.81707317073171,80.73170731707317,39.79470588235294
0.38420203700002276,-19.6133,19.579781176757812,-0.5386953735351562,-86.46341463414635,16.158536585365855,-6.585365853658537,39.80647058823529
0.39128251800002545,4.504690423583984,3.8666356811523435,-2.5151088439941405,-88.23170731707317,-11.341463414634147,-24.81707317073171,39.80058823529412
0.3982481290000237,2.7569232116699216,1.9871873779296874,-2.357091534423828,-44.69512195121952,10.121951219512196,-5.121951219512195,39.80647058823529
0.40511790700003303,2.5941174987792968,3.7397429931640622,0.1388636962890625,-31.89024390243903,15.121951219512196,13.597560975609758,39.81823529411765
0.4119630550000011,1.2174515441894531,5.04338579711914,-1.37906015625,-32.01219512195122,16.219512195121954,39.93902439024391,39.82411764705883
0.41878329600001507,-3.8666356811523435,19.35233201904297,-0.6093243225097655,-30.914634146341466,2.6219512195121952,5.365853658536586,39.80058823529412
0.4258001110000009,2.592920397949219,3.0119056884765625,-2.8886043029785156,-34.87804878048781,4.817073170731708,-8.902439024390244,39.80647058823529
0.4326495370000316,1.0761936462402344,1.7908628417968748,-0.7888894470214843,9.02439024390244,10.792682926829269,-9.939024390243903,39.82411764705883
0.43954550000000836,0.6655880615234374,10.242394702148436,-0.11851298217773437,9.695121951219512,10.24390243902439,-3.414634146341464,39.81823529411765
0.44640959200000907,1.2952630981445312,18.146851483154297,-0.9217676391601562,9.329268292682928,-0.5487804878048781,-7.682926829268293,39.80058823529412
0.4532389810000268,1.6400281372070311,9.967061511230469,-0.17597382202148437,-23.59756097560976,-1.524390243902439,-12.560975609756099,39.80647058823529
0.4600589259999879,1.1875240234375,-0.32441432495117184,-1.7238251953125,19.451219512195124,-2.6219512195121952,-14.329268292682928,39.81823529411765
0.4668804629999954,-0.023942016601562498,3.1938650146484373,-1.7693150268554687,52.31707317073171,-4.634146341463415,-9.573170731707318,39.82411764705883
0.4737021480000294,-0.5662286926269531,8.945934503173827,-0.09217676391601562,54.75609756097561,-7.926829268292684,-4.75609756097561,39.81823529411765
0.4805193519999875,-0.4129997863769531,7.056909393310547,0.3699041564941406,73.78048780487805,-11.097560975609756,8.597560975609756,39.82411764705883
0.4873388149999869,-0.19632453613281248,13.512874169921874,1.905784521484375,85.00000000000001,-9.390243902439025,-13.109756097560977,39.83
0.4941556850000097,1.4496891052246093,9.49959363708496,0.028730419921875,81.52439024390245,3.2926829268292686,16.219512195121954,39.83588235294118
0.5010452590000227,-9.530119708251952,19.61270144958496,-2.876633294677734,-26.158536585365855,41.15853658536586,57.01219512195122,39.82411764705883
0.5079078520000166,-11.68968960571289,18.168399298095704,-6.926425402832031,-23.719512195121954,-8.353658536585366,-14.695121951219514,39.82411764705883
0.5148553889999903,-2.3977929626464842,7.4411787597656245,-0.37828386230468747,-41.58536585365854,-18.231707317073173,-29.939024390243905,39.83588235294118
0.5217377960000249,4.7393221862792965,3.1651345947265623,-3.1507693847656246,-43.35365853658537,0.0,14.634146341463415,39.83
0.5285788890000163,1.9536685546875,11.652579479980469,-4.067748620605468,-72.8658536585366,2.25609756097561,5.7926829268292686,39.82411764705883
0.5354202409999971,2.3307553161621093,3.5134909362792968,-5.402516046142578,-72.5609756097561,-2.073170731707317,-7.01219512195122,39.81823529411765
0.5422613520000255,1.6220716247558593,1.8195932617187498,-4.53940634765625,-7.560975609756098,-1.0365853658536586,-9.02439024390244,39.83588235294118
0.5490783330000113,1.6472107421875,10.141838232421874,1.1264718811035155,-18.231707317073173,-1.1585365853658538,-10.609756097560977,39.83
0.5559228150000308,1.350329736328125,5.1523219726562495,-1.4879963317871092,-30.426829268292686,-1.707317073170732,-11.097560975609756,39.83
0.5627580369999805,1.1875240234375,8.066065393066406,-0.23822306518554687,1.402439024390244,0.7317073170731708,-10.30487804878049,39.83588235294118
0.5695978520000153,0.7338228088378905,7.568071447753906,0.2442085693359375,12.865853658536587,0.12195121951219513,-7.926829268292684,39.841764705882355
0.5764349440000274,0.7445967163085937,11.416750616455078,0.6356605407714844,11.28048780487805,-7.073170731707318,-14.51219512195122,39.81823529411765
0.5834330740000269,1.0773907470703123,1.7932570434570312,-2.6898855651855467,27.987804878048784,-6.463414634146342,-9.695121951219512,39.80058823529412
0.590287332999992,0.6296750366210937,8.659827404785156,0.3399766357421875,27.865853658536587,-8.902439024390244,-0.7317073170731708,39.81823529411765
0.5971487030000162,0.6931213806152343,2.2972364929199216,-0.9433154541015625,22.865853658536587,-8.597560975609756,-17.804878048780488,39.82411764705883
0.6039982590000363,0.08140285644531249,8.580818749999999,-1.1516109985351561,60.1219512195122,-11.585365853658537,-12.500000000000002,39.82411764705883
0.6108247590000246,0.22026655273437498,3.7768531188964842,-0.33758243408203126,63.35365853658537,-12.80487804878049,-13.231707317073171,39.82411764705883
0.6176476109999953,5.213374114990234,11.736376538085937,-2.8526912780761715,82.6829268292683,11.341463414634147,49.81707317073171,39.81823529411765
0.624478315000033,-2.437297290039062,15.992069989013672,-0.4740519287109375,-7.378048780487806,48.963414634146346,90.2439024390244,39.81823529411765
0.6314129440000329,-0.1975216369628906,-3.2513258544921873,-6.32667788696289,-36.28048780487805,58.963414634146346,67.8048780487805,39.81823529411765
0.6382644070000083,-11.762712756347655,19.61270144958496,-12.011709729003906,8.353658536585366,16.646341463414636,-24.32926829268293,39.83
0.6450981479999882,3.7624879089355465,7.1395093505859375,-4.90931050415039,-46.768292682926834,10.487804878048781,-25.426829268292686,39.841764705882355
0.6519287220000365,-1.2114660400390624,2.000355487060547,-2.233790148925781,-43.59756097560976,18.719512195121954,5.182926829268293,39.81235294117647
0.658751111000015,-2.3774422485351563,14.69082138671875,2.7617116149902343,-73.47560975609757,3.7195121951219514,-24.512195121951223,39.82411764705883
0.6655731850000279,4.145560174560547,1.839943975830078,-3.563769171142578,-64.08536585365854,0.1829268292682927,-1.8902439024390245,39.80647058823529
0.6723972400000093,-1.6711527587890624,17.915811022949217,0.9624690673828125,-49.207317073170735,-9.51219512195122,-11.097560975609756,39.81235294117647
0.6792214810000132,0.41060558471679687,5.804741925048828,-2.7641058166503907,-19.81707317073171,-11.707317073170733,-12.80487804878049,39.81823529411765
0.6860473140000067,-0.3447650390625,4.199429711914062,-0.0143652099609375,22.012195121951223,-12.439024390243903,-15.30487804878049,39.83
0.692870833000029,-0.6631938598632812,12.920309259033202,1.216254443359375,-0.48780487804878053,-12.621951219512196,-9.451219512195122,39.81823529411765
0.6996949630000131,0.26695348510742184,5.776011505126953,-1.1743559143066407,-32.5609756097561,-13.109756097560977,-9.695121951219512,39.81235294117647
0.706520203000025,-0.4537012145996093,-1.016338604736328,-4.684255548095702,-13.109756097560977,-15.182926829268293,-16.951219512195124,39.81823529411765
0.7133455370000092,-1.1348515869140625,3.882197991943359,0.373495458984375,48.90243902439025,-16.402439024390244,-14.207317073170733,39.81823529411765
0.7201659440000299,0.4537012145996093,14.38436357421875,3.0633810241699218,101.03658536585367,-14.146341463414636,-9.329268292682928,39.81235294117647
0.7269883520000349,1.590947003173828,15.148113903808593,4.1766847961425775,78.96341463414635,-8.719512195121952,-22.743902439024392,39.83588235294118
0.7338104810000345,1.6927005737304686,7.241262921142578,-15.045163232421874,41.58536585365854,-7.317073170731708,-17.073170731707318,39.81823529411765
0.7406313139999838,-1.9764134704589842,19.61270144958496,0.7230489013671875,20.243902439024392,37.80487804878049,65.91463414634147,39.82411764705883
0.7474517219999939,2.5055320373535155,5.72693037109375,-1.1695675109863282,-13.109756097560977,67.8658536585366,65.2439024390244,39.82411764705883
0.7542728700000225,1.1097124694824219,-0.9828197814941406,-1.9572598571777342,2.8658536585365857,71.15853658536587,64.63414634146342,39.82411764705883
0.7610926660000246,-11.520898388671874,19.61270144958496,-12.791022369384764,12.865853658536587,76.40243902439025,6.463414634146342,39.81823529411765
0.7679128890000015,2.014720697021484,19.61270144958496,4.857835168457031,-98.96341463414635,12.073170731707318,-18.29268292682927,39.83
0.7747495550000281,1.159990704345703,-5.2648494506835934,-3.6439749267578123,-107.25609756097562,10.121951219512196,-17.378048780487806,39.82411764705883
0.7816139440000143,-0.8954314208984374,0.9888052856445312,-0.6787561706542968,-52.804878048780495,10.182926829268293,-14.390243902439027,39.81823529411765
0.7938035180000043,-0.5147533569335937,4.237736938476562,-4.247313745117188,-51.15853658536586,8.109756097560977,-12.682926829268293,39.82411764705883
0.8075216660000137,-0.8020575561523438,19.61270144958496,5.4887073059082025,-71.82926829268294,-10.182926829268293,-20.365853658536587,39.82411764705883
0.8214626110000154,1.6831237670898436,2.608482708740234,0.1149216796875,53.17073170731708,-11.341463414634147,-18.719512195121954,39.841764705882355
0.8351997590000337,1.073799444580078,8.067262493896484,-0.36631285400390623,-24.81707317073171,-9.390243902439025,-20.731707317073173,39.82411764705883
0.8489247770000361,1.0019733947753906,4.934449621582031,-1.4377180969238281,47.926829268292686,0.24390243902439027,-33.170731707317074,39.81235294117647
0.8628175740000188,4.774038110351563,19.61270144958496,-0.34715924072265625,61.585365853658544,24.085365853658537,73.17073170731707,39.81823529411765
0.876611166000032,0.9002198242187499,-2.2780828796386716,-8.084021905517577,23.719512195121954,64.75609756097562,74.14634146341464,39.81823529411765
0.8911431110000194,0.853532891845703,15.021221215820312,-2.4492682983398435,35.30487804878049,33.23170731707317,24.26829268292683,39.841764705882355
0.9064785369999981,-1.4915876342773438,-1.4329296936035156,-7.471106280517578,-51.82926829268293,-8.841463414634147,-19.573170731707318,39.83
0.921790628999986,-0.0430956298828125,-3.5110967346191404,-2.541445062255859,-8.536585365853659,-14.390243902439027,-23.78048780487805,39.81823529411765
0.9372916660000215,3.5817256835937497,15.937003350830077,-0.39863457641601563,-44.69512195121952,-15.243902439024392,-26.28048780487805,39.81235294117647
0.9530752219999954,1.70467158203125,4.589684582519531,4.321533996582031,35.0,-9.451219512195122,-50.487804878048784,39.82411764705883
0.9694327770000086,2.8622680847167965,16.132130786132812,3.379415643310547,-3.963414634146342,-14.085365853658537,-37.43902439024391,39.83
0.9855658879999964,2.2565350646972653,19.61270144958496,4.732139581298828,81.76829268292684,46.463414634146346,90.48780487804879,39.81235294117647
1.0009016289999977,-1.458068811035156,-1.3072341064453123,-1.830367169189453,-19.085365853658537,42.43902439024391,35.73170731707317,39.83
1.0162121110000157,0.5315127685546874,12.106280694580077,-0.373495458984375,-43.04878048780488,38.71951219512196,55.85365853658537,39.81235294117647
1.031530110999995,8.487444885253906,6.568492254638672,-2.404975567626953,-58.41463414634147,-13.29268292682927,-0.7317073170731708,39.84764705882353
1.0468596289999823,-1.5131354492187499,13.060370056152342,2.012326495361328,-60.91463414634147,-15.914634146341465,-34.08536585365854,39.81823529411765
1.0622306289999983,3.8367081604003905,15.600618017578125,1.0307038146972656,-31.402439024390247,-15.243902439024392,-26.646341463414636,39.83588235294118
1.0778164989999937,0.5506663818359374,13.795389965820311,3.0358477050781247,17.743902439024392,-8.414634146341465,-36.707317073170735,39.81235294117647
1.093194369999992,0.7015010864257812,-4.886565588378906,-3.2620997619628906,59.085365853658544,-8.292682926829269,-38.10975609756098,39.83588235294118
1.1085264619999862,2.4768016174316405,13.686453790283203,3.0980969482421874,46.951219512195124,8.292682926829269,47.804878048780495,39.86529411764706
1.124227296000015,-1.6819266662597656,4.753687396240234,-1.7202338928222656,-41.34146341463415,73.65853658536587,51.768292682926834,39.83588235294118
1.1397896849999825,-2.048239520263672,-1.7214309936523438,4.924872814941406,51.951219512195124,59.51219512195122,51.463414634146346,39.84764705882353
1.1552626659999987,0.7805097412109374,2.7042507751464844,-11.280281121826171,13.04878048780488,13.231707317073171,-11.28048780487805,39.81235294117647
1.1707827029999862,2.2098481323242187,11.451466540527344,-0.6428431457519531,-76.46341463414635,-19.634146341463417,-43.29268292682927,39.80647058823529
1.186134906999996,2.3295582153320313,18.677167150878905,-2.2756886779785157,-31.707317073170735,-8.536585365853659,-32.6829268292683,39.841764705882355
1.197529148000001,0.7314286071777343,-3.3123779968261715,-0.12210428466796874,39.57317073170732,-13.963414634146343,-39.63414634146342,39.81823529411765
1.2089092030000188,-0.7613561279296874,12.543222497558594,-0.33399113159179683,15.670731707317074,0.3658536585365854,-42.07317073170732,39.83
1.2202825180000332,0.08379705810546874,4.25808765258789,-2.625242120361328,46.951219512195124,0.12195121951219513,-45.670731707317074,39.853529411764704
1.2316780919999815,7.307103466796875,19.61270144958496,1.9979612854003905,17.926829268292686,29.26829268292683,38.71951219512196,39.83
1.2430628879999972,-9.414000927734374,-2.943670941162109,-3.21780703125,-66.89024390243902,16.82926829268293,29.146341463414636,39.83588235294118
1.2544477960000222,-0.20231004028320312,14.47294903564453,1.8638859924316404,-42.6219512195122,12.439024390243903,57.01219512195122,39.81823529411765
1.2658418880000113,0.23702596435546874,-7.4040686340332025,-4.657919329833984,45.487804878048784,14.817073170731708,79.26829268292684,39.83588235294118
1.277261646999989,-4.39216294555664,19.503166723632813,-0.044292730712890624,-1.8902439024390245,5.426829268292684,60.060975609756106,39.81235294117647
1.2897548700000243,-4.133589166259766,19.61270144958496,4.095281939697266,61.15853658536586,-30.426829268292686,-37.07317073170732,39.84764705882353
1.3050240919999965,5.592855078125,-2.7234043884277344,-6.8964978820800775,-38.84146341463415,-14.451219512195124,-28.719512195121954,39.83588235294118
1.3202915360000134,5.761646295166015,9.045293872070312,-3.0526071166992184,-30.60975609756098,-13.719512195121952,-58.41463414634147,39.83588235294118
1.335555683999985,-0.08140285644531249,12.95382808227539,1.3180080139160155,23.719512195121954,-8.353658536585366,-32.987804878048784,39.84764705882353
1.350818999000012,-1.254561669921875,5.475539196777343,0.4165910888671875,34.32926829268293,10.30487804878049,-26.951219512195124,39.841764705882355
1.36608449900001,-6.694187841796874,-1.1001356628417969,-8.311471063232421,-73.65853658536587,52.07317073170732,68.04878048780489,39.83
1.3813408139999979,0.8858546142578124,10.152612139892577,1.042674822998047,-1.4634146341463417,49.69512195121952,35.1219512195122,39.83
1.3965936470000315,1.1635820068359375,19.61270144958496,2.370259643554687,5.060975609756098,44.390243902439025,61.95121951219513,39.83588235294118
1.4118633510000222,-1.0019733947753906,19.61270144958496,-10.13824692993164,15.670731707317074,-17.926829268292686,-21.82926829268293,39.81235294117647
1.4271254810000187,2.7617116149902343,-3.995922570800781,-2.4396914916992185,-38.53658536585366,-31.34146341463415,-58.10975609756098,39.83
1.4423865919999912,1.0187328063964842,12.251129895019531,0.01915361328125,-12.80487804878049,-27.439024390243905,6.829268292682928,39.83
1.4576564440000084,-0.6081272216796875,8.77834038696289,0.5578489868164063,17.134146341463417,-17.5,-62.987804878048784,39.84764705882353
1.4729074439999863,0.6572083557128906,15.959748266601562,7.414842541503906,31.951219512195124,1.707317073170732,42.07317073170732,39.83
1.4881943139999976,-0.5961562133789062,3.3961750549316405,-5.634753607177734,-60.79268292682927,34.51219512195122,60.060975609756106,39.841764705882355
1.5034593880000102,-1.1875240234375,9.661800799560547,-0.3459621398925781,-4.51219512195122,23.04878048780488,-0.9146341463414634,39.85941176470588
1.5187226470000041,0.4082113830566406,8.480262280273436,-1.6232687255859375,-11.52439024390244,26.158536585365855,38.47560975609756,39.84764705882353
1.5339831290000348,-0.6703764648437499,12.363657373046875,2.8143840515136715,1.2804878048780488,2.987804878048781,16.585365853658537,39.84764705882353
1.5492760180000005,4.062960217285156,19.61270144958496,-6.890512377929687,-49.024390243902445,-41.707317073170735,-41.707317073170735,39.841764705882355
1.5645559810000123,0.1292868896484375,3.469198205566406,-1.523909356689453,-15.060975609756099,-42.43902439024391,-45.73170731707317,39.84764705882353
1.5798225550000211,3.5913024902343746,19.61270144958496,-1.3180080139160155,-16.463414634146343,-43.963414634146346,-47.5609756097561,39.83588235294118
1.5951160179999988,0.9050082275390624,2.2577321655273437,1.3000515014648437,54.39024390243903,-11.707317073170733,-18.231707317073173,39.841764705882355
1.6103821840000023,-5.529408734130859,19.499575421142577,-7.9463553100585935,-90.97560975609757,31.707317073170735,38.71951219512196,39.83588235294118
1.6259498140000233,0.6057330200195312,-4.733336682128906,-3.087323040771484,-20.426829268292686,33.170731707317074,42.987804878048784,39.85941176470588
1.6412391470000216,-0.10175357055664062,19.61270144958496,4.299986181640625,23.963414634146343,28.475609756097562,37.43902439024391,39.85941176470588
1.656505294999988,-0.19153613281249998,5.135562561035156,-1.5035586425781249,53.04878048780488,15.975609756097562,62.31707317073171,39.82411764705883
1.6717638140000304,-4.3454760131835934,19.61270144958496,0.8319850769042968,-20.975609756097562,-28.414634146341466,-50.304878048780495,39.841764705882355
1.6877942400000165,2.042254016113281,5.0182466796875,-1.2761094848632812,-27.682926829268297,-29.32926829268293,-22.31707317073171,39.841764705882355
1.703289610000013,-0.09935936889648436,2.882618798828125,-1.303642803955078,28.353658536585368,-16.03658536585366,-77.01219512195122,39.83
1.718855925000014,19.268534960937497,19.61270144958496,-19.566613067626953,13.597560975609758,45.79268292682927,-2.6219512195121952,39.83
1.7342411289999973,0.7242460021972655,5.510255120849609,-1.9512743530273435,-57.6829268292683,34.63414634146342,22.500000000000004,39.83
1.7495653139999945,-1.696291876220703,1.4508862060546874,2.9951462768554684,-12.500000000000002,8.231707317073171,49.57317073170732,39.853529411764704
1.764904462000004,-0.7062894897460937,15.618574530029296,-5.318718988037109,-42.07317073170732,2.3170731707317076,37.743902439024396,39.83
1.78036812900001,0.15083470458984374,3.731363287353515,1.649604943847656,65.2439024390244,3.7195121951219514,57.43902439024391,39.83588235294118
1.7949541469999986,-0.373495458984375,14.200010046386717,0.44532150878906246,30.914634146341466,-14.878048780487806,34.268292682926834,39.83588235294118
1.8087069989999804,3.9636008483886718,19.61270144958496,-2.967612957763672,-42.804878048780495,-61.34146341463415,-42.804878048780495,39.83
1.8224562209999817,-0.8068459594726562,-0.076614453125,-0.3076549133300781,-3.048780487804878,-62.37804878048781,-45.243902439024396,39.82411764705883
1.8362027210000065,0.07541735229492187,14.295778112792968,-1.227028350830078,60.00000000000001,-57.6219512195122,-57.804878048780495,39.84764705882353
1.8499590360000298,7.117961535644531,19.61270144958496,-3.8570588745117185,-5.0,0.30487804878048785,50.60975609756098,39.85941176470588
1.8637151469999935,-2.996343377685547,5.370194323730469,-3.6750995483398436,-48.53658536585366,15.000000000000002,32.31707317073171,39.85941176470588
1.8774621290000368,-0.5805939025878906,19.61270144958496,0.3902548706054687,-29.08536585365854,1.2804878048780488,33.35365853658537,39.85941176470588
1.8912492950000228,0.26695348510742184,-0.8307879760742187,-0.2501940734863281,61.15853658536586,-1.5853658536585367,37.01219512195122,39.83588235294118
1.904990443000031,-3.1280244689941403,4.6459483215332025,-4.3610383239746096,-7.987804878048781,-26.52439024390244,41.03658536585366,39.86529411764706
1.9187347769999974,0.42497079467773435,5.786785412597656,-0.21188684692382811,47.5609756097561,-28.170731707317074,31.280487804878053,39.84764705882353
1.9324625730000093,3.985148663330078,19.61270144958496,-0.11013327636718749,-58.35365853658537,-53.963414634146346,-42.07317073170732,39.841764705882355
1.9462232399999948,0.2741360900878906,3.268085266113281,-1.218648645019531,30.853658536585368,-44.81707317073171,-50.0609756097561,39.84764705882353
1.9599655730000336,0.48123453369140623,6.098031628417968,-3.863044378662109,-7.439024390243903,-39.57317073170732,-63.65853658536586,39.83
1.9737088690000064,10.31661495361328,19.61270144958496,-3.8750153869628905,-18.04878048780488,3.1707317073170733,30.121951219512198,39.85941176470588
1.9874672949999876,-0.9840168823242187,0.8571241943359375,-0.35673604736328124,-20.30487804878049,21.097560975609756,37.07317073170732,39.85941176470588
2.0026395909999906,-1.898601916503906,18.69871496582031,-1.9213468322753906,-13.109756097560977,16.585365853658537,16.646341463414636,39.83
2.017936017000011,1.218648645019531,-7.6614453125,-6.285976458740234,42.37804878048781,20.182926829268293,28.170731707317074,39.85941176470588
2.0332329619999996,-2.0925322509765625,-0.2645592834472656,-4.467580297851562,15.975609756097562,5.548780487804878,27.012195121951223,39.81235294117647
2.0485374990000196,-0.6308721374511719,12.968193292236327,5.512649322509765,28.475609756097562,-0.30487804878048785,35.0609756097561,39.86529411764706
2.0638432769999895,-11.401188305664062,19.61270144958496,-17.233463549804686,90.67073170731707,-42.86585365853659,-105.3048780487805,39.85941176470588
2.079156962000013,2.118868469238281,5.851428857421874,-7.0281789733886715,21.463414634146343,-90.3658536585366,-0.9756097560975611,39.83
2.094060999000021,-12.872425225830078,19.61270144958496,0.824802471923828,-90.1829268292683,-31.52439024390244,-2.8658536585365857,39.853529411764704
2.1078294989999904,1.8770541015625,-0.41060558471679687,-6.609193682861328,-34.32926829268293,-13.109756097560977,30.853658536585368,39.87705882352941
2.1215756839999926,-1.908178723144531,9.599551556396484,-1.1061211669921875,-34.268292682926834,-16.890243902439025,3.1097560975609757,39.841764705882355
2.135324128000036,-0.41060558471679687,12.816161486816405,5.135562561035156,41.58536585365854,-10.365853658536587,19.695121951219512,39.85941176470588
2.149070720999987,-0.5494692810058593,5.767631799316406,-2.1607669982910154,-7.621951219512196,-23.170731707317074,15.731707317073171,39.84764705882353
2.1632591649999995,-0.4285620971679687,12.119448803710936,2.0159177978515626,10.426829268292684,-33.109756097560975,20.243902439024392,39.85941176470588
2.1769957019999993,1.149216796875,6.1447185607910155,2.0302830078125,89.14634146341464,-37.07317073170732,23.04878048780488,39.86529411764706
2.190773221000029,0.5135562561035156,19.61270144958496,-11.956643090820311,5.121951219512195,-67.98780487804879,-65.60975609756098,39.853529411764704
2.2070814429999928,2.6300305236816404,11.258733306884764,-0.05626373901367187,26.09756097560976,-42.25609756097561,-31.951219512195124,39.85941176470588
2.2234412949999864,-9.868899243164062,3.6284126159667967,-3.5003228271484375,-71.64634146341464,-25.121951219512198,16.28048780487805,39.853529411764704
2.2397990540000023,1.2904746948242187,-5.811924530029296,-6.030993981933594,-19.02439024390244,-13.597560975609758,37.31707317073171,39.85941176470588
2.2561669990000155,1.0905588562011719,5.911283898925781,-5.7137622619628905,-24.390243902439025,-16.52439024390244,12.987804878048781,39.82411764705883
2.272514536000017,0.09217676391601562,15.065513946533203,-0.30047230834960936,3.9024390243902443,-4.51219512195122,13.353658536585368,39.86529411764706
2.2884207580000293,0.6727706665039062,-0.7709329345703124,-1.6256629272460936,30.0609756097561,0.9756097560975611,-4.695121951219512,39.83
2.3025397389999966,1.7932570434570312,6.981492041015625,1.9584569580078124,85.67073170731707,17.926829268292686,-2.5,39.841764705882355
2.3162951470000053,-0.6093243225097655,19.61270144958496,-13.966575384521484,53.53658536585366,36.34146341463415,71.76829268292684,39.853529411764704
2.3300527210000155,0.3507505432128906,2.009932293701172,-1.5705962890624998,-103.53658536585367,-27.378048780487806,-0.24390243902439027,39.841764705882355
2.3438137580000102,-1.6747440612792968,-2.874239093017578,-3.4727895080566404,-65.97560975609757,-23.53658536585366,6.402439024390245,39.86529411764706
2.357564888000013,-1.543062969970703,3.436876483154297,-1.446097802734375,14.573170731707318,-20.48780487804878,17.804878048780488,39.86529411764706
2.3713204059999953,0.6871358764648438,-2.5665841796874997,-7.2532339294433585,-4.817073170731708,-22.195121951219512,7.195121951219513,39.841764705882355
2.3850743130000183,-0.5781997009277343,10.165780249023436,2.1619640991210938,9.146341463414634,-14.939024390243905,-21.219512195121954,39.853529411764704
2.3996633689999953,1.7681179260253905,14.263456390380858,3.4632127014160154,28.231707317073173,-2.7439024390243905,-6.585365853658537,39.853529411764704
2.414967665000006,1.6029180114746093,2.288856787109375,-2.147598889160156,51.40243902439025,10.182926829268293,-25.914634146341466,39.84764705882353
2.4305304060000026,2.5629928771972654,13.79000301208496,2.943670941162109,82.7439024390244,35.609756097560975,46.82926829268293,39.853529411764704
2.445880313000032,-1.2856862915039062,5.668870980834961,-13.104662786865234,-14.817073170731708,13.963414634146343,-20.121951219512198,39.853529411764704
2.4611981470000046,5.926846209716796,3.6272155151367187,2.7736826232910157,-30.000000000000004,21.585365853658537,4.573170731707317,39.85941176470588
2.4768247950000273,-0.8056488586425781,19.61270144958496,-5.481524700927734,-87.8658536585366,-0.06097560975609757,-14.451219512195124,39.87117647058824
2.4922046280000245,1.8028338500976562,-0.20470424194335937,-1.7585411193847655,9.695121951219512,-5.914634146341464,-5.670731707317073,39.87705882352941
2.5084528130000194,0.40940848388671874,-1.2126631408691406,-3.659537237548828,29.39024390243903,-7.500000000000001,-28.902439024390247,39.841764705882355
2.523807813000019,1.112106671142578,19.007566979980467,6.294356164550781,-6.097560975609756,-11.097560975609756,-15.426829268292684,39.84764705882353
2.5391529060000266,0.8870517150878906,6.581660363769531,0.6727706665039062,63.65853658536586,-8.597560975609756,-13.29268292682927,39.87117647058824
2.5545348869999884,6.199785198974609,19.61270144958496,1.687912170410156,-14.451219512195124,47.6219512195122,93.78048780487806,39.85941176470588
2.5699707950000175,-16.75222901611328,19.61270144958496,1.2832920898437499,14.51219512195122,5.914634146341464,-23.902439024390247,39.87117647058824
2.585292202000005,0.10773907470703124,1.1815385192871093,0.7003039855957031,-46.768292682926834,13.29268292682927,4.817073170731708,39.86529411764706
2.6007519430000343,0.6189011291503906,-2.6036943054199218,2.6815058593749996,-8.475609756097562,1.2195121951219514,-0.48780487804878053,39.86529411764706
2.616056332000028,0.29448680419921874,-3.3446997192382812,-2.8886043029785156,-12.621951219512196,5.548780487804878,-16.34146341463415,39.85941176470588
2.631320499000026,-0.48123453369140623,-0.2154781494140625,-5.838260748291015,-30.792682926829272,11.951219512195124,-14.451219512195124,39.86529411764706
2.6465920539999956,1.6136919189453125,8.02416686401367,0.9528922607421875,60.91463414634147,31.158536585365855,-23.78048780487805,39.86529411764706
2.6618673319999857,0.4082113830566406,1.543062969970703,-1.9883844787597655,139.57317073170734,25.60975609756098,-11.341463414634147,39.87705882352941
2.6772157020000122,-14.931438653564452,-9.048885174560546,-10.663774194335938,-11.097560975609756,68.04878048780489,86.21951219512196,39.841764705882355
2.692681943000025,-18.971653955078125,19.61270144958496,-1.3215993164062498,-84.51219512195122,-21.219512195121954,-14.390243902439027,39.85941176470588
2.707936165000035,2.920926025390625,0.4177881896972656,1.035492218017578,-52.07317073170732,-8.292682926829269,5.426829268292684,39.84764705882353
2.7231901100000186,-0.5219359619140624,18.32282530517578,2.2828712829589843,-6.890243902439025,-17.378048780487806,-11.585365853658537,39.841764705882355
2.738445034999984,0.9708487731933593,1.3467384338378905,-1.1480196960449218,29.32926829268293,-35.426829268292686,-18.29268292682927,39.83588235294118
2.7536960169999816,4.282029669189453,17.84997047729492,-2.8622680847167965,30.670731707317074,-26.951219512195124,-14.451219512195124,39.853529411764704
2.7689468130000137,1.2725181823730467,-1.6460136413574218,-4.448426684570312,37.5,-22.682926829268293,-30.365853658536587,39.85941176470588
2.7841958500000032,1.5705962890624998,19.136853869628904,6.374561920166015,45.36585365853659,12.682926829268293,78.10975609756099,39.841764705882355
2.799475534999999,-0.2920926025390625,3.6152445068359373,-1.6244658264160154,16.158536585365855,60.243902439024396,88.53658536585367,39.84764705882353
2.8147325350000187,-19.444508782958984,19.61270144958496,-0.8188169677734375,-25.792682926829272,-10.609756097560977,-72.7439024390244,39.86529411764706
2.8299833500000204,4.873397479248046,-5.117606048583984,-1.1947066284179686,-54.63414634146342,19.451219512195124,6.951219512195123,39.853529411764704
2.8452503689999844,3.7612908081054686,7.333439685058593,4.152742779541016,-4.207317073170732,21.402439024390247,-45.243902439024396,39.888823529411766
2.860522887000002,6.617573388671874,-0.2346317626953125,1.0702081420898437,45.36585365853659,41.09756097560976,-60.304878048780495,39.84764705882353
2.8757812389999913,-0.17238251953125,2.7760768249511716,-3.4680011047363277,-57.01219512195122,14.573170731707318,-23.04878048780488,39.84764705882353
2.8910616840000216,-2.834734765625,-4.368220928955078,6.443993768310547,97.07317073170732,-19.26829268292683,-59.451219512195124,39.86529411764706
2.9063159610000184,-1.8662801940917968,6.798335614013672,-8.486247784423828,-77.6219512195122,22.500000000000004,59.207317073170735,39.841764705882355
2.9215719609999837,-0.6153098266601562,8.700528833007812,3.460818499755859,2.804878048780488,26.951219512195124,46.09756097560976,39.84764705882353
2.937200350000012,3.9085342102050777,15.020024114990234,0.12330138549804687,-16.463414634146343,38.59756097560976,52.25609756097561,39.84764705882353
2.95255583200003,-0.034715924072265626,19.61270144958496,-5.738901379394531,9.207317073170733,1.3414634146341464,-21.76829268292683,39.87117647058824
2.9678702950000115,4.6267947082519525,1.39821376953125,-0.63206923828125,-18.475609756097562,-15.609756097560977,-30.670731707317074,39.853529411764704
2.983180035000032,-0.9696516723632812,-0.1388636962890625,-0.15442600708007811,5.060975609756098,-15.853658536585368,-49.207317073170735,39.853529411764704
2.9984858500000087,0.17836802368164062,2.0757728393554684,-4.046200805664062,15.060975609756099,-11.890243902439025,-49.87804878048781,39.87705882352941
3.013784960999999,0.07781155395507812,10.211270080566406,3.2321722412109373,53.90243902439025,1.0365853658536586,33.23170731707317,39.853529411764704
3.029083534999984,1.0845733520507812,1.70467158203125,-2.0278888061523435,-49.81707317073171,43.04878048780488,31.82926829268293,39.85941176470588
3.0443952200000126,-4.576516473388671,8.974664923095702,-5.237316131591797,-20.0,42.31707317073171,55.91463414634147,39.853529411764704
3.0597080910000045,-0.19153613281249998,11.069591375732422,-3.385401147460937,-2.5609756097560976,13.04878048780488,51.89024390243903,39.87705882352941
3.0750113870000177,-0.011971008300781249,4.248510845947266,1.180341418457031,69.93902439024392,-13.902439024390246,32.80487804878049,39.85941176470588
3.0903132199999845,6.120776544189453,19.328390002441406,0.9516951599121093,-38.35365853658537,-60.79268292682927,-17.134146341463417,39.853529411764704
3.1056500349999965,1.064222637939453,-0.7266402038574218,-0.6344634399414062,-7.439024390243903,-57.37804878048781,-46.82926829268293,39.86529411764706
3.1209550350000086,-0.6141127258300781,0.4632780212402344,1.8411410766601561,7.987804878048781,-49.51219512195122,-33.90243902439025,39.86529411764706
3.13626027600003,-0.604535919189453,-13.061567156982422,-4.077325427246094,80.91463414634147,-31.280487804878053,-46.58536585365854,39.853529411764704
3.151563220000014,1.7489643127441405,-0.5877765075683593,-4.978742352294922,-92.92682926829269,37.743902439024396,73.53658536585367,39.84764705882353
3.1669227940000155,-3.142389678955078,1.8471265808105468,-0.18435352783203124,37.13414634146342,26.52439024390244,21.890243902439025,39.85941176470588
3.1824704429999997,-1.4963760375976562,19.61270144958496,-3.0334535034179684,-42.01219512195122,21.646341463414636,37.987804878048784,39.84764705882353
3.1978228319999857,-0.5123591552734374,3.775656018066406,-4.6818613464355465,87.8658536585366,19.451219512195124,40.1829268292683,39.87117647058824
3.213140832000022,1.3575123413085937,19.61270144958496,-12.47498775024414,28.658536585365855,-35.1219512195122,-59.024390243902445,39.86529411764706
3.2284555909999995,-0.17118541870117188,-2.01112939453125,-2.1918916198730467,-21.82926829268293,-53.59756097560976,-58.78048780487806,39.87117647058824
3.2437744800000132,-0.9193734375,19.61270144958496,6.864176159667968,-6.219512195121951,-45.1829268292683,-58.90243902439025,39.86529411764706
3.2590909799999963,1.5155296508789062,15.461754321289062,4.984727856445312,70.54878048780489,-17.926829268292686,23.658536585365855,39.87117647058824
3.274669034999988,-0.5482721801757812,-2.2589292663574216,-4.145560174560547,-32.743902439024396,-0.3658536585365854,27.378048780487806,39.86529411764706
3.290000054000018,0.9983820922851562,3.438073583984375,-3.9995138732910154,-22.439024390243905,10.182926829268293,32.926829268292686,39.853529411764704
3.3053123679999885,-0.9469067565917968,4.6255976074218745,-0.48722003784179685,18.78048780487805,8.109756097560977,34.451219512195124,39.87117647058824
3.3206212389999905,-0.718260498046875,9.797073193359374,1.8088193542480469,51.646341463414636,5.182926829268293,33.23170731707317,39.853529411764704
3.3369619800000123,-0.594959112548828,6.741473324584961,-7.38012661743164,21.707317073170735,-27.439024390243905,-54.75609756097561,39.86529411764706
3.3526074800000174,2.133233679199219,-4.7943888244628905,-6.870161663818359,28.59756097560976,-35.609756097560975,-72.13414634146342,39.87117647058824
3.367947534999985,0.48722003784179685,0.48243163452148435,-7.8350249328613275,34.32926829268293,3.658536585365854,56.707317073170735,39.87117647058824
3.383260091000011,-10.667365496826172,1.1635820068359375,-4.622006304931641,-23.29268292682927,36.463414634146346,-11.52439024390244,39.87117647058824
3.398562054000024,2.4947581298828125,19.61270144958496,1.897404815673828,-55.97560975609757,35.0,61.95121951219513,39.85941176470588
3.413857979999989,-2.616862414550781,5.717353564453124,-0.9888052856445312,27.195121951219516,16.28048780487805,21.219512195121954,39.86529411764706
3.429161220000026,0.70868369140625,-0.6919242797851562,-3.1495722839355467,40.670731707317074,32.07317073170732,33.23170731707317,39.888823529411766
3.4444647569999916,-0.7038952880859375,11.637017169189452,0.968454571533203,56.03658536585366,20.121951219512198,29.26829268292683,39.86529411764706
3.4597894980000206,3.2501287536621093,19.61270144958496,-7.8733321594238275,-45.73170731707317,-24.207317073170735,-86.89024390243904,39.88294117647059
3.4751731279999944,2.7162217834472653,5.661089825439452,-0.8930372192382812,14.451219512195124,-4.573170731707317,-58.29268292682927,39.86529411764706
3.49076020199999,9.430760339355468,19.61270144958496,1.6041151123046875,-48.71951219512196,42.6829268292683,21.52439024390244,39.85941176470588
3.5054394240000306,0.7062894897460937,-3.42849677734375,4.173093493652344,-37.6829268292683,49.146341463414636,19.878048780487806,39.86529411764706
3.519387645999984,1.5059528442382812,-12.012906829833984,4.542997650146484,54.268292682926834,50.1829268292683,23.353658536585368,39.86529411764706
3.5332214240000326,0.7038952880859375,-0.6380547424316406,-7.212532501220703,-30.426829268292686,64.57317073170732,22.195121951219512,39.87117647058824
3.5470842390000143,-1.2665326782226562,7.611167077636718,-4.328716601562499,11.463414634146343,38.41463414634147,31.03658536585366,39.87117647058824
3.561015182999995,-0.17477672119140625,3.7289690856933593,-0.10773907470703124,51.524390243902445,21.402439024390247,45.60975609756098,39.87705882352941
3.575345034999998,-7.727285858154296,19.566613067626953,-8.135497241210937,-61.28048780487806,-37.07317073170732,-64.87804878048782,39.87117647058824
3.5893880159999867,2.384624853515625,11.729193933105469,-0.0430956298828125,-15.243902439024392,-20.0,-59.93902439024391,39.85941176470588
3.600791387000015,1.1384428894042968,-1.6998831787109374,-6.835445739746094,15.975609756097562,-14.26829268292683,-65.97560975609757,39.87117647058824
3.6081063679999943,-17.57463728637695,19.61270144958496,-6.675034228515624,-75.79268292682927,14.695121951219514,10.0,39.85941176470588
3.6149323870000103,-4.35385571899414,0.30885201416015623,-1.6412252380371093,-54.024390243902445,4.207317073170732,3.9024390243902443,39.87117647058824
3.621761831000015,0.3184288208007812,2.0075380920410155,-0.354341845703125,-44.51219512195122,-13.841463414634148,15.243902439024392,39.888823529411766
3.6286193679999883,3.4727895080566404,2.942473840332031,-1.886630908203125,-10.792682926829269,7.134146341463415,36.82926829268293,39.88294117647059
3.635440109000001,1.227028350830078,1.4784195251464842,-0.6488286499023437,-19.207317073170735,9.756097560975611,53.84146341463415,39.86529411764706
3.64226235000001,-0.5913678100585937,13.254300390625,-4.169502191162109,-4.51219512195122,13.414634146341465,27.743902439024392,39.853529411764704
3.6491066090000004,4.120421057128906,19.61270144958496,8.667010009765624,-40.85365853658537,20.0,22.500000000000004,39.86529411764706
3.6559583680000287,2.5713725830078125,-0.23104046020507812,-3.3590649291992185,-16.70731707317073,28.84146341463415,25.731707317073173,39.87705882352941
3.6627819610000074,-0.4525041137695312,1.139639990234375,-3.2740707702636715,24.390243902439025,28.963414634146343,25.30487804878049,39.87117647058824
3.669601387,0.8415618835449218,7.179013677978515,2.867056488037109,38.47560975609756,25.54878048780488,33.84146341463415,39.87705882352941
3.6764450900000156,0.32082302246093747,10.946289990234375,0.4752490295410156,16.097560975609756,25.48780487804878,19.390243902439025,39.84764705882353
3.683286831000032,0.5985504150390625,7.4579381713867186,-1.2174515441894531,25.670731707317074,14.695121951219514,20.0,39.853529411764704
3.6901373680000233,0.5279214660644531,3.797203833007812,-6.284779357910156,51.82926829268293,6.585365853658537,21.82926829268293,39.83588235294118
3.696971720000022,5.117606048583984,19.61270144958496,9.159018450927734,62.6219512195122,-18.658536585365855,-72.92682926829269,39.853529411764704
3.7038068869999847,6.461950280761719,9.60793126220703,-4.412513659667969,-28.719512195121954,-45.487804878048784,-71.58536585365854,39.87705882352941
3.7106529420000243,1.715445489501953,6.1818286865234375,0.6739677673339843,40.79268292682927,-43.35365853658537,-64.87804878048782,39.87705882352941
3.7175060160000157,1.6029180114746093,9.680954412841796,3.1184476623535153,21.890243902439025,-34.69512195121951,-56.40243902439025,39.87117647058824
3.724340386999984,-0.9217676391601562,1.8100164550781248,-17.78652413330078,27.195121951219516,-27.378048780487806,-45.1829268292683,39.85941176470588
3.731175479000001,-3.556586566162109,19.61270144958496,-2.1308394775390624,-6.036585365853659,3.4756097560975614,27.743902439024392,39.87117647058824
3.738016516000016,0.029927520751953124,3.782838623046875,-7.526172918701171,-83.53658536585367,10.365853658536587,17.25609756097561,39.88294117647059
3.744858034999993,-0.2693476867675781,-0.4955997436523437,0.08499415893554688,-49.57317073170732,10.609756097560977,14.634146341463415,39.87117647058824
3.7517067020000354,0.7972691528320313,-3.0023288818359375,-1.9129671264648436,-31.34146341463415,10.609756097560977,31.03658536585366,39.86529411764706
3.7585397760000205,-2.407369769287109,15.324087725830077,-1.1097124694824219,-22.439024390243905,10.060975609756099,49.39024390243903,39.84764705882353
3.765375904999985,-8.611943371582031,4.752490295410156,-4.278438366699218,-29.634146341463417,-4.024390243902439,23.658536585365855,39.85941176470588
3.7722178310000345,0.05027823486328125,1.6615759521484375,0.5793968017578125,3.9024390243902443,-10.060975609756099,18.04878048780488,39.853529411764704
3.779067924000003,1.1791443176269532,7.019799267578125,1.2737152832031249,30.182926829268297,-5.426829268292684,25.426829268292686,39.86529411764706
3.785902553000028,3.459621398925781,7.179013677978515,1.7369933044433592,-15.121951219512196,-0.1829268292682927,31.52439024390244,39.853529411764704
3.792739886999982,2.424129180908203,-1.9716250671386717,-3.746925598144531,-16.34146341463415,3.780487804878049,35.1219512195122,39.84764705882353
3.799582127000008,1.753752716064453,11.921927166748047,-0.6631938598632812,28.414634146341466,10.731707317073171,35.91463414634147,39.85941176470588
3.806422868000027,1.8650830932617186,1.3587094421386718,-3.4572271972656248,24.146341463414636,17.134146341463417,22.743902439024392,39.86529411764706
3.8132739420000235,-0.9696516723632812,-2.091335150146484,-0.5626373901367188,93.84146341463415,22.378048780487806,12.195121951219512,39.85941176470588
3.820107257000018,-6.617573388671874,19.61270144958496,4.161122485351562,107.07317073170732,-10.24390243902439,-78.59756097560977,39.85941176470588
3.827092553,10.989385620117186,19.61270144958496,-2.816778253173828,0.24390243902439027,-39.32926829268293,-67.01219512195122,39.87117647058824
3.833971238999993,2.3343466186523436,0.6536170532226562,-1.9584569580078124,22.073170731707318,-38.90243902439025,-41.707317073170735,39.86529411764706
3.8408077760000197,0.4608838195800781,19.61270144958496,-15.170858819580078,5.975609756097562,-35.54878048780488,-36.890243902439025,39.87117647058824
3.847650368000018,-6.740874774169922,19.61270144958496,0.4656722229003906,-17.5609756097561,-4.390243902439025,16.158536585365855,39.853529411764704
3.854517219999991,-2.4768016174316405,3.526659045410156,-6.519411120605469,-91.15853658536587,-2.987804878048781,14.329268292682928,39.88294117647059
3.8613687939999863,0.9660603698730468,5.973533142089844,2.0087351928710935,-22.743902439024392,1.829268292682927,25.975609756097562,39.88294117647059
3.868221257000016,-5.665878228759765,12.689268798828124,2.8850130004882812,-29.451219512195124,-6.036585365853659,10.914634146341465,39.888823529411766
3.875108534999981,-3.8486791687011714,15.227122558593749,-2.424129180908203,-51.768292682926834,-15.731707317073171,11.646341463414634,39.88294117647059
3.881944756999985,-1.8351555725097655,1.4724340209960938,-2.000355487060547,-33.35365853658537,-21.34146341463415,29.87804878048781,39.87705882352941
3.888780053000005,-0.30047230834960936,0.4129997863769531,-1.599326708984375,22.31707317073171,-20.426829268292686,34.268292682926834,39.85941176470588
3.895656572000007,-1.294065997314453,19.61270144958496,4.223371728515625,-2.8658536585365857,-22.98780487804878,20.426829268292686,39.86529411764706
3.902562849999981,0.6871358764648438,2.270900274658203,-4.651933825683593,-60.97560975609757,-26.646341463414636,4.024390243902439,39.87117647058824
3.9094244049999816,1.0175357055664063,-1.6220716247558593,-1.3431471313476562,29.81707317073171,-30.853658536585368,14.878048780487806,39.88294117647059
3.916259738000008,0.10414777221679687,4.393360046386719,-0.11252747802734374,55.97560975609757,-39.87804878048781,24.512195121951223,39.87117647058824
3.923096405000024,0.679953271484375,-0.6272808349609375,-2.3235727111816407,101.15853658536587,-46.707317073170735,51.09756097560976,39.86529411764706
3.929971609000006,-0.5494692810058593,12.757503546142578,1.839943975830078,88.17073170731707,-32.987804878048784,7.987804878048781,39.888823529411766
3.9368094050000195,1.4784195251464842,4.529829541015625,-1.8830396057128904,45.97560975609756,-27.378048780487806,-18.10975609756098,39.88294117647059
3.943650572000024,-6.421248852539062,19.61270144958496,-12.400767498779295,48.53658536585366,-60.00000000000001,-69.87804878048782,39.85941176470588
3.950536016000001,7.025784771728516,19.61270144958496,-10.805032092285156,-42.926829268292686,-51.89024390243903,-49.87804878048781,39.86529411764706
3.9573724240000274,0.031124621582031248,10.15740054321289,-2.233790148925781,-52.987804878048784,6.951219512195123,21.585365853658537,39.87117647058824
3.9642102939999972,-0.4034229797363281,4.446032482910156,-0.3315969299316406,-67.01219512195122,9.634146341463415,21.646341463414636,39.87117647058824
3.9710497010000267,-2.469619012451172,2.6563667419433594,-0.277727392578125,-84.57317073170732,-0.5487804878048781,0.5487804878048781,39.87117647058824
3.9779033500000196,-0.26695348510742184,-4.205415216064453,-5.571307263183593,-55.0609756097561,-13.04878048780488,-13.536585365853659,39.85941176470588
3.984737941999981,2.6767174560546874,19.61270144958496,-7.371746911621093,-76.28048780487805,-7.134146341463415,4.024390243902439,39.86529411764706
3.9915737200000194,-2.929305731201172,1.7992425476074219,-5.143942266845703,-70.1829268292683,-12.256097560975611,4.573170731707317,39.86529411764706
3.9984505900000045,-1.2988544006347655,3.1687258972167966,-0.8918401184082031,-4.51219512195122,-21.402439024390247,11.52439024390244,39.853529411764704
4.005283424000027,-0.5291185668945312,14.842853192138671,4.076128326416016,11.463414634146343,-24.695121951219516,10.670731707317074,39.87705882352941
4.012118831000009,0.3387795349121094,8.427589843749999,-0.7062894897460937,-11.829268292682928,-24.878048780487806,4.207317073170732,39.87117647058824
4.018965368000011,1.1875240234375,4.511873028564453,-2.1404162841796874,21.890243902439025,-19.634146341463417,0.6707317073170732,39.88294117647059
4.025819016000014,1.1647791076660157,3.104082452392578,0.7817068420410156,47.19512195121952,-16.219512195121954,3.5975609756097566,39.88294117647059
4.032652831000007,-0.16759411621093748,11.742362042236328,2.166752502441406,55.00000000000001,-13.536585365853659,-0.1829268292682927,39.87705882352941
4.0394852379999975,0.354341845703125,11.295843432617186,-1.5514426757812498,26.89024390243903,-13.353658536585368,3.231707317073171,39.88294117647059
4.046344479000027,-0.047884033203124995,2.4157494750976563,-2.252943762207031,29.207317073170735,-8.536585365853659,2.0121951219512195,39.88294117647059
4.0531953309999835,-0.8990227233886718,2.308010400390625,-1.2030863342285156,71.76829268292684,-6.036585365853659,-0.5487804878048781,39.894705882352945
4.060032609000018,-0.8822633117675781,6.872555865478515,-3.9181110168457027,82.31707317073172,-2.1951219512195124,-15.487804878048783,39.87117647058824
4.066866535000031,11.63821427001953,19.61270144958496,-9.95389340209961,139.81707317073173,0.12195121951219513,69.75609756097562,39.87117647058824
4.073714886999994,-19.6133,19.61270144958496,-12.605471740722656,-89.14634146341464,-22.621951219512198,-8.597560975609756,39.86529411764706
4.080557108999983,-2.929305731201172,2.4899697265625,-8.06367119140625,-151.89024390243904,-40.54878048780488,-28.780487804878053,39.87705882352941
4.087410442000021,-0.469263525390625,-0.49679684448242184,0.0047884033203125,-134.45121951219514,-48.23170731707317,-44.87804878048781,39.88294117647059
4.094247441999983,-0.5183446594238281,-5.033808990478516,-3.697844464111328,-64.26829268292684,-47.19512195121952,-46.768292682926834,39.888823529411766
4.101083516000017,4.7393221862792965,10.166977349853514,-0.9038111267089843,-25.243902439024392,-37.6219512195122,-28.04878048780488,39.88294117647059
4.107927812000014,3.1088708557128903,7.521384515380859,2.090138049316406,-38.90243902439025,-23.963414634146343,38.23170731707317,39.906470588235294
4.114773924000019,1.3778630554199218,-10.072406384277343,-4.553771557617187,12.80487804878049,-20.48780487804878,47.07317073170732,39.900588235294116
4.121593257000029,-0.8882488159179687,6.1076084350585935,1.0797849487304687,72.5,-17.073170731707318,64.57317073170732,39.87705882352941
4.128428219999989,-6.782773303222656,19.61270144958496,7.4782888854980465,-27.743902439024392,-41.82926829268293,2.804878048780488,39.87705882352941
4.135274498000001,-1.8662801940917968,-11.965022796630858,-9.242815509033203,-56.28048780487806,-53.71951219512196,-14.695121951219514,39.86529411764706
4.1421178869999835,-0.06105214233398437,0.3064578125,-2.014720697021484,46.34146341463415,-53.29268292682927,-7.378048780487806,39.87117647058824
4.148964183000032,1.9919757812499999,6.38413872680664,4.918887310791015,33.53658536585366,-54.69512195121952,1.9512195121951221,39.87117647058824
4.1557962379999935,2.117671368408203,16.253037969970702,-1.3742717529296875,32.25609756097561,-50.487804878048784,0.0,39.86529411764706
4.1635470720000285,1.3120225097656248,12.630610858154297,8.177395770263672,-3.2926829268292686,-38.963414634146346,-2.0121951219512195,39.86529411764706
4.170425720000026,1.2569558715820313,3.8007951354980465,-1.9871873779296874,50.426829268292686,-31.89024390243903,-8.048780487804878,39.88294117647059
4.177258961000007,0.0,1.917755529785156,1.3958195678710936,73.96341463414635,-25.731707317073173,0.9146341463414634,39.87705882352941
4.184093200999996,0.23343466186523437,1.600523809814453,-1.8315642700195311,102.31707317073172,-22.073170731707318,17.98780487804878,39.88294117647059
4.190941757000019,14.056357946777343,19.61270144958496,-8.033743670654296,67.5,16.34146341463415,108.35365853658537,39.888823529411766
4.197794219999992,-4.44962378540039,19.61270144958496,0.2154781494140625,-12.80487804878049,-42.5609756097561,-6.2804878048780495,39.87117647058824
4.204751072000022,-0.5913678100585937,6.309918475341797,-1.6041151123046875,-96.15853658536587,-48.35365853658537,-10.670731707317074,39.888823529411766
4.211591182999996,0.2657563842773437,-1.5753846923828123,-0.14006079711914063,-82.37804878048782,-50.426829268292686,-13.109756097560977,39.87117647058824
4.218426609000005,2.7617116149902343,1.2617442749023438,-2.061407629394531,-43.10975609756098,-39.08536585365854,11.341463414634147,39.85941176470588
4.225285109000026,6.818686328125,3.77326181640625,0.5686228942871093,-28.475609756097562,-23.902439024390247,47.86585365853659,39.853529411764704
4.232120757000018,-4.431667272949219,19.61270144958496,-6.68461103515625,-30.54878048780488,-19.75609756097561,-10.30487804878049,39.88294117647059
4.238953683000034,5.928043310546875,9.71686743774414,-3.5326445495605467,-23.414634146341466,-4.024390243902439,1.5853658536585367,39.888823529411766
4.245831423000027,2.308010400390625,4.873397479248046,-0.3711012573242187,4.634146341463415,0.7926829268292683,-0.48780487804878053,39.87705882352941
4.252687664000007,0.08738836059570312,5.965153436279296,-0.7984662536621093,9.329268292682928,7.621951219512196,-26.58536585365854,39.88294117647059
4.259572701000025,0.3902548706054687,5.23492192993164,-0.44053310546874996,10.670731707317074,6.52439024390244,-31.52439024390244,39.87117647058824
4.266404738000006,0.21068974609375,10.127473022460936,-0.8762778076171874,25.54878048780488,11.829268292682928,-23.719512195121954,39.86529411764706
4.273236682999993,0.316034619140625,7.558494641113281,0.49200844116210934,11.219512195121952,12.500000000000002,-24.75609756097561,39.900588235294116
4.280108035000012,0.8667010009765624,4.497507818603515,-3.7624879089355465,31.219512195121954,13.841463414634148,-26.89024390243903,39.888823529411766
4.286938700999997,0.011971008300781249,6.4846951965332025,0.9624690673828125,67.13414634146342,16.890243902439025,-34.32926829268293,39.894705882352945
4.293772145999981,2.079364141845703,11.901576452636718,1.5837643981933593,61.21951219512196,18.29268292682927,-27.500000000000004,39.888823529411766
4.300656774999993,-1.13006318359375,19.61270144958496,-10.131064324951172,28.658536585365855,19.939024390243905,-10.487804878048781,39.894705882352945
4.314698275000012,-4.861426470947265,10.83974801635742,-3.1304186706542967,-30.426829268292686,52.5609756097561,88.23170731707317,39.88294117647059
4.330069719999983,-2.9891607727050777,2.931699932861328,1.197100830078125,29.32926829268293,40.670731707317074,9.573170731707318,39.894705882352945
4.345436312000004,4.122815258789062,18.601749798583985,-5.469553692626953,-110.42682926829269,20.975609756097562,-22.98780487804878,39.888823529411766
4.360730978999982,0.05386953735351562,-0.07302315063476562,-5.4779333984375,-20.975609756097562,13.719512195121952,-34.390243902439025,39.888823529411766
4.376108848999991,-0.10175357055664062,17.689558966064453,-3.870226983642578,-75.85365853658537,-2.682926829268293,-21.28048780487805,39.88294117647059
4.391404163999994,0.8319850769042968,4.3059716857910155,2.589329095458984,46.58536585365854,6.585365853658537,-31.52439024390244,39.894705882352945
4.406562200999986,-0.2741360900878906,-5.540182641601562,-6.319495281982421,12.621951219512196,4.085365853658537,-25.54878048780488,39.888823529411766
4.420351089999997,-0.6153098266601562,5.204994409179688,-0.8547299926757812,76.52439024390245,7.743902439024391,12.01219512195122,39.91235294117647
4.434122294000019,-4.923675714111328,19.61270144958496,-4.155136981201172,-87.31707317073172,37.07317073170732,81.58536585365854,39.88294117647059
4.448397608999983,0.7529764221191406,-1.8231845642089843,-1.983596075439453,39.57317073170732,39.51219512195122,18.658536585365855,39.906470588235294
4.462179238000033,3.488351818847656,19.61270144958496,-2.076969940185547,-100.54878048780489,-21.585365853658537,7.195121951219513,39.906470588235294
4.475898868000002,-1.0845733520507812,-4.503493322753906,-4.355052819824219,-68.53658536585367,-18.658536585365855,-11.097560975609756,39.894705882352945
4.48964266400003,-0.10893617553710937,7.709329345703124,0.7062894897460937,-21.82926829268293,-11.890243902439025,-38.59756097560976,39.894705882352945
4.503696848999994,0.2932897033691406,11.488576666259766,4.546588952636719,-25.853658536585368,-0.48780487804878053,-29.939024390243905,39.900588235294116
4.5175379789999965,-0.4572925170898437,7.933187200927734,0.488417138671875,34.451219512195124,7.682926829268293,-59.32926829268293,39.894705882352945
4.531367478999982,2.606088507080078,18.012776190185544,6.5218053222656245,3.7195121951219514,5.670731707317073,-26.219512195121954,39.894705882352945
4.5450999970000225,2.3594857360839843,19.61270144958496,3.465606903076172,0.7317073170731708,21.52439024390244,66.95121951219512,39.88294117647059
4.558903182999984,-0.9038111267089843,-2.2385785522460937,3.432088079833984,21.402439024390247,22.195121951219512,82.37804878048782,39.87705882352941
4.572647090000032,-0.9121908325195311,1.7513585144042967,-2.6036943054199218,22.134146341463417,22.012195121951223,27.195121951219516,39.900588235294116
4.586397126999998,2.864662286376953,14.829685083007812,-4.280832568359375,10.792682926829269,17.25609756097561,7.865853658536586,39.88294117647059
4.600135293999983,1.4221557861328125,14.226346264648436,-7.728482958984374,-70.48780487804879,-23.902439024390247,-25.853658536585368,39.888823529411766
4.615245459999983,-0.12330138549804687,3.5482068603515624,0.0,-9.634146341463415,-21.76829268292683,-51.34146341463415,39.888823529411766
4.630836478999981,5.060145208740234,6.90128628540039,0.10893617553710937,-0.7317073170731708,-5.426829268292684,-39.08536585365854,39.91235294117647
4.646838441999989,0.9074024291992187,-3.3877953491210935,-1.2150573425292968,31.402439024390247,5.853658536585367,-59.207317073170735,39.900588235294116
4.662224071000026,4.560954162597656,19.61270144958496,-0.21068974609375,-111.46341463414635,24.390243902439025,66.95121951219512,39.900588235294116
4.677473534000001,0.33039982910156246,4.3263223999023435,2.442085693359375,-20.60975609756098,31.58536585365854,70.3658536585366,39.906470588235294
4.692698367999981,-1.8435352783203125,-2.2266075439453124,-2.902969512939453,25.914634146341466,23.04878048780488,6.402439024390245,39.900588235294116
4.706944626999984,2.012326495361328,8.37012900390625,-4.565742565917969,31.52439024390244,26.219512195121954,59.81707317073171,39.894705882352945
4.718359071000009,-4.696226556396484,19.61270144958496,5.370194323730469,0.426829268292683,-13.29268292682927,-34.390243902439025,39.894705882352945
4.729769645000033,1.380257257080078,-7.632714892578124,-8.61792887573242,-76.34146341463415,-23.10975609756098,-35.1219512195122,39.900588235294116
4.741191479000008,0.20231004028320312,2.7461493041992187,0.9253589416503906,12.560975609756099,-16.890243902439025,-39.63414634146342,39.87117647058824
4.7525939970000195,2.9544448486328125,18.007987786865232,-0.029927520751953124,-8.902439024390244,-12.926829268292684,-51.89024390243903,39.894705882352945
4.764005478999991,1.7753005310058592,8.790311395263672,0.18076222534179687,33.90243902439025,2.7439024390243905,-47.01219512195122,39.888823529411766
4.775408942000013,-0.2920926025390625,6.908468890380859,-1.8842367065429686,38.10975609756098,4.2682926829268295,-39.32926829268293,39.894705882352945
4.786831312000004,-8.44674345703125,19.61270144958496,-0.6979097839355468,-101.64634146341464,24.573170731707318,51.40243902439025,39.88294117647059
4.7982332189999966,1.0366893188476562,-6.846219647216796,-1.6986860778808592,-21.463414634146343,25.121951219512198,53.35365853658537,39.906470588235294
4.811614700999996,-0.008379705810546874,3.375824340820312,0.47884033203125,3.048780487804878,23.414634146341466,37.25609756097561,39.888823529411766
4.826899442000013,0.46208092041015625,1.9752163696289062,-5.663484027099609,-2.6219512195121952,18.78048780487805,49.32926829268293,39.91235294117647
4.842141330999993,1.3922282653808593,19.61270144958496,2.512714642333984,61.585365853658544,-2.073170731707317,-25.670731707317074,39.894705882352945
4.857418848999998,5.522226129150391,-3.9647979492187497,-6.175843182373047,-34.08536585365854,-25.000000000000004,-21.585365853658537,39.900588235294116
4.873294756000007,0.6141127258300781,2.6001030029296874,-3.5230677429199218,-5.731707317073171,-24.146341463414636,-75.54878048780489,39.900588235294116
4.888576107999995,1.024718310546875,-0.9636661682128905,-2.942473840332031,70.54878048780489,-17.865853658536587,-31.58536585365854,39.906470588235294
4.9038324420000095,-3.027467999267578,19.61270144958496,1.158793603515625,-96.76829268292684,2.439024390243903,54.51219512195122,39.91235294117647
4.917706590000023,0.09816226806640624,4.691438153076172,3.81156904296875,-4.390243902439025,5.731707317073171,50.60975609756098,39.900588235294116
4.931402348999995,-2.0063409912109376,10.06881508178711,-3.756502404785156,-11.036585365853659,8.719512195121952,36.82926829268293,39.91235294117647
4.94576207099999,-2.8048072448730466,6.138733056640625,2.6431986328124997,27.25609756097561,0.426829268292683,48.170731707317074,39.91235294117647
4.959528775000024,-2.3247698120117186,9.326612567138671,1.0127473022460938,56.768292682926834,-5.365853658536586,38.65853658536586,39.906470588235294
4.973255070999983,4.671087438964843,19.61270144958496,4.800374328613281,-77.13414634146342,-40.426829268292686,-75.1219512195122,39.91823529411765
4.986967774999982,1.3587094421386718,-0.12090718383789062,-0.7745242370605468,15.243902439024392,-41.15853658536586,-74.08536585365854,39.91823529411765
5.000700960000017,2.142810485839844,-2.5534160705566404,-1.945288848876953,3.2926829268292686,-33.84146341463415,-43.170731707317074,39.87705882352941
