0.01559886999984883,-0.9265560424804687,6.19260259399414,-0.8834604125976562,57.926829268292686,14.451219512195124,1.5853658536585367,48.388823529411766
0.031135574000018096,-2.6001030029296874,19.61270144958496,-13.371616271972655,-49.57317073170732,-4.2682926829268295,18.84146341463415,48.37705882352941
0.04644024099980015,3.0142998901367184,9.872490545654296,1.255758770751953,-25.0609756097561,-23.04878048780488,8.78048780487805,48.38294117647059
0.059022241000093345,2.4684219116210935,1.7776947326660155,2.1320365783691404,-55.60975609756098,-12.682926829268293,-3.1707317073170733,48.40058823529412
0.07155864800006384,2.3355437194824216,3.3411084167480465,-7.690175732421874,-21.34146341463415,0.24390243902439027,-11.463414634146343,48.394705882352945
0.08421942599989052,3.372233038330078,14.937424157714842,-0.23582886352539062,-29.39024390243903,20.48780487804878,-17.378048780487806,48.394705882352945
0.0969275560000824,0.0718260498046875,7.352593298339843,0.29089550170898437,9.817073170731708,17.682926829268293,-14.329268292682928,48.394705882352945
0.10969475899992176,-0.3746925598144531,5.294776971435547,0.36391865234375,32.37804878048781,7.378048780487806,-10.914634146341465,48.40058823529412
0.12266622200013444,-1.5861585998535155,11.222820281982422,1.3168109130859373,30.426829268292686,-5.731707317073171,-15.670731707317074,48.394705882352945
0.13555868499997814,-0.5458779785156249,3.403357659912109,0.07062894897460938,69.75609756097562,-10.182926829268293,-8.536585365853659,48.37705882352941
0.14692524099973525,6.123170745849609,19.61270144958496,-2.3977929626464842,4.146341463414634,22.195121951219512,86.15853658536587,48.37705882352941
0.15389611099999456,-15.540762976074218,19.164387188720703,-11.226411584472656,-18.78048780487805,0.30487804878048785,27.500000000000004,48.388823529411766
0.1608998890001203,-5.881356378173828,15.87116280517578,0.02154781494140625,-4.878048780487806,-23.10975609756098,-9.939024390243903,48.40058823529412
0.16806716700011748,4.386177441406249,6.6319385986328125,-1.149216796875,-39.32926829268293,-19.634146341463417,-0.426829268292683,48.38294117647059
0.17510133299992958,4.752490295410156,2.7186159851074216,-1.5394716674804687,-48.84146341463415,-12.256097560975611,7.560975609756098,48.37117647058824
0.1821190559999195,3.411737365722656,9.108740216064453,1.1540052001953125,-62.07317073170732,-5.914634146341464,7.317073170731708,48.388823529411766
0.1891745739999351,2.3714567443847656,8.37611450805664,-3.171120098876953,-84.75609756097562,-2.682926829268293,-19.81707317073171,48.394705882352945
0.19618450000007215,5.461173986816406,1.5765817932128905,-1.455674609375,-31.158536585365855,6.585365853658537,-21.646341463414636,48.406470588235294
0.2031299999998737,3.017891192626953,11.028889947509764,-0.1149216796875,-14.573170731707318,5.426829268292684,-8.292682926829269,48.406470588235294
0.2099848889997702,0.6536170532226562,3.611653204345703,-2.797624639892578,4.451219512195122,20.0,-9.085365853658537,48.394705882352945
0.2168609440000182,-0.2932897033691406,7.0640919982910155,0.7793126403808593,11.219512195121952,16.82926829268293,-11.890243902439025,48.38294117647059
0.223722073999852,-0.5339069702148437,11.133037719726563,1.3946224670410154,0.6097560975609757,8.658536585365855,-21.34146341463415,48.388823529411766
0.2305929260000994,-0.6847416748046875,8.83580122680664,-1.458068811035156,4.634146341463415,6.341463414634147,-18.902439024390244,48.37705882352941
0.23746490699977585,-1.3814543579101561,4.991910461425781,-1.3754688537597655,23.53658536585366,2.0121951219512195,-11.829268292682928,48.38294117647059
0.24442651799972737,-0.354341845703125,1.131260284423828,-2.2182278381347653,74.87804878048782,-1.8902439024390245,-12.134146341463415,48.388823529411766
0.2513248889999886,-1.4772224243164063,5.649118817138672,0.9828197814941406,72.43902439024392,-3.8414634146341466,-12.500000000000002,48.388823529411766
0.25816127799998867,0.1388636962890625,4.44363828125,0.8595183959960937,73.78048780487805,-3.2926829268292686,-4.085365853658537,48.38294117647059
0.2649940930000412,3.161543292236328,19.61270144958496,-0.12808978881835936,41.28048780487805,16.890243902439025,45.487804878048784,48.394705882352945
0.27186375900009807,-0.037110125732421874,14.724340209960937,-5.870582470703124,-30.670731707317074,42.13414634146342,94.26829268292684,48.40058823529412
0.27869842600011907,-7.167042669677734,9.568426934814452,-5.210979913330078,-26.463414634146343,37.31707317073171,51.768292682926834,48.38294117647059
0.2855337410001084,-9.436745843505859,15.084667559814452,0.4261678955078125,-5.853658536585367,3.231707317073171,-9.329268292682928,48.38294117647059
0.2924130739997963,5.183446594238281,10.900800158691405,-0.5123591552734374,-42.86585365853659,-9.329268292682928,-37.86585365853659,48.37705882352941
0.29929505500012965,6.342240197753906,5.383362432861328,-3.831919757080078,-64.81707317073172,7.926829268292684,-4.939024390243903,48.388823529411766
0.30623149999973975,4.905719201660156,5.365405920410156,-1.429338391113281,-59.69512195121952,13.963414634146343,2.25609756097561,48.40058823529412
0.31324309299998276,3.5601778686523438,5.961562133789062,-4.273649963378906,-55.54878048780488,14.26829268292683,-14.756097560975611,48.41235294117647
0.3202707410000585,3.1364041748046874,10.404003314208984,-1.2234370483398436,-40.243902439024396,14.085365853658537,-14.756097560975611,48.40058823529412
0.32723366699974576,2.1511901916503904,5.351040710449219,-1.4221557861328125,-31.646341463414636,13.414634146341465,-10.731707317073171,48.40058823529412
0.33424411099986173,1.5945383056640625,8.186972576904296,0.7984662536621093,-2.987804878048781,12.01219512195122,-10.182926829268293,48.406470588235294
0.3411625369999456,0.4525041137695312,5.693411547851563,1.3491326354980469,6.158536585365854,9.756097560975611,-12.74390243902439,48.388823529411766
0.34801985200010677,-0.28730419921875,1.458068811035156,-2.81558115234375,1.707317073170732,6.707317073170732,-16.402439024390244,48.394705882352945
0.35487940699977116,-1.0307038146972656,5.674257934570313,0.07062894897460938,42.43902439024391,4.207317073170732,-11.52439024390244,48.406470588235294
0.3617142779999085,-0.1975216369628906,4.413710760498047,-0.5111620544433594,32.13414634146342,2.5609756097560976,-6.951219512195123,48.394705882352945
0.3685722039999746,-1.4700398193359374,7.8709379577636716,-0.09816226806640624,43.47560975609756,-4.817073170731708,-15.182926829268293,48.388823529411766
0.3754367410001578,-0.7577648254394531,6.743268975830078,-0.93852705078125,62.6829268292683,-5.670731707317073,-12.682926829268293,48.394705882352945
0.3822721480000837,-0.12210428466796874,3.0119056884765625,0.062249243164062495,60.73170731707317,-5.487804878048781,-10.731707317073171,48.406470588235294
0.3891061479998825,4.686649749755859,19.085378533935547,-0.2501940734863281,65.2439024390244,12.682926829268293,63.65853658536586,48.40058823529412
0.395991462999973,0.6368576416015624,19.61270144958496,-9.114725720214842,-14.207317073170733,36.707317073170735,106.64634146341464,48.394705882352945
0.40282761099979325,-10.001777435302733,17.871518292236328,-9.52533130493164,-30.000000000000004,10.182926829268293,-6.402439024390245,48.38294117647059
0.4096676109998043,2.080561242675781,12.463016741943358,-2.4097639709472656,-36.03658536585366,-20.79268292682927,-6.890243902439025,48.40058823529412
0.4165186290001657,4.14316597290039,1.5011644409179687,-1.9524714538574217,-45.1829268292683,-15.975609756097562,0.7926829268292683,48.388823529411766
0.42335414799981663,1.9823989746093749,1.6819266662597656,-0.6272808349609375,-36.58536585365854,-8.841463414634147,6.402439024390245,48.394705882352945
0.43018848099973184,2.6803087585449217,6.975506536865234,0.5303156677246094,-59.268292682926834,-4.146341463414634,-3.8414634146341466,48.38294117647059
0.4371011109997198,2.7964275390625,10.937910284423827,-3.1292215698242187,-85.91463414634147,-0.6707317073170732,-14.51219512195122,48.38294117647059
0.4439652959999876,5.635950708007812,4.564545465087891,-8.580818749999999,-69.02439024390245,11.829268292682928,-5.3048780487804885,48.38294117647059
0.4513889999998355,3.337517114257812,10.69968721923828,1.0283096130371092,-17.926829268292686,16.402439024390244,-7.25609756097561,48.394705882352945
0.4582894629998009,-0.10175357055664062,0.46686932373046874,-2.0171148986816405,-27.25609756097561,24.085365853658537,-11.951219512195124,48.40058823529412
0.46512677800001256,-0.7709329345703124,3.5027170288085934,-0.4860229370117187,17.682926829268293,21.463414634146343,-13.536585365853659,48.40058823529412
0.47196386999985407,-0.6153098266601562,8.440757952880858,2.1930887207031247,12.621951219512196,19.085365853658537,-12.926829268292684,48.41235294117647
0.47882925900012197,-1.6831237670898436,11.445481036376952,2.5953145996093747,5.2439024390243905,7.621951219512196,-10.0,48.38294117647059
0.4856657219997942,-1.5693991882324219,3.0119056884765625,1.5574281799316405,33.109756097560975,1.7682926829268295,-8.048780487804878,48.394705882352945
0.4925035179999213,-0.22505495605468748,2.461239306640625,-0.9636661682128905,44.146341463414636,-4.573170731707317,-5.609756097560976,48.40058823529412
0.4993836849998843,-0.5303156677246094,-1.102529864501953,-2.5546131713867184,109.81707317073172,-9.878048780487806,-3.9024390243902443,48.37705882352941
0.5062532779998037,-0.17357962036132812,4.480748406982421,2.8898014038085935,105.79268292682927,-12.073170731707318,-0.5487804878048781,48.394705882352945
0.5131513890000861,7.266402038574219,19.61270144958496,-1.158793603515625,81.82926829268294,-13.719512195121952,67.98780487804879,48.41235294117647
0.5203710000000683,-1.8842367065429686,19.61270144958496,-1.9045874206542968,-37.19512195121951,42.743902439024396,79.75609756097562,48.40058823529412
0.5272892590000993,-17.689558966064453,11.985373510742187,-8.200140686035155,-47.25609756097561,7.195121951219513,14.02439024390244,48.388823529411766
0.5341949069998009,2.9173347229003905,9.8449572265625,-0.42497079467773435,-42.43902439024391,-2.1341463414634148,-10.792682926829269,48.388823529411766
0.5411552219998157,2.2852654846191407,3.948038537597656,-1.6603788513183593,-58.963414634146346,3.1097560975609757,-2.25609756097561,48.388823529411766
0.5480117960000825,1.7393875061035156,1.744175909423828,-0.9564835632324218,-48.23170731707317,8.231707317073171,8.658536585365855,48.388823529411766
0.5548900369999501,2.2349872497558594,9.129090930175781,1.1240776794433593,-72.31707317073172,14.207317073170733,7.500000000000001,48.388823529411766
0.5617773330000091,2.7653029174804686,9.945513696289062,-3.867832781982422,-62.43902439024391,13.109756097560977,-4.390243902439025,48.37705882352941
0.5687002409999877,4.059368914794922,12.599486236572265,-1.3347674255371094,-33.23170731707317,12.621951219512196,-6.097560975609756,48.41823529411765
0.5756094809999013,2.2493524597167966,7.524975817871093,0.3447650390625,-14.085365853658537,13.78048780487805,-2.378048780487805,48.38294117647059
0.5824442959997214,-0.17357962036132812,8.106766821289062,2.8526912780761715,22.682926829268293,13.78048780487805,-4.451219512195122,48.394705882352945
0.5892787779998798,-0.34835634155273437,8.817844714355468,2.431311785888672,4.390243902439025,11.158536585365855,-10.060975609756099,48.37705882352941
0.5961527780000324,0.21787235107421873,2.740163800048828,0.2861070983886719,15.54878048780488,8.841463414634147,-12.865853658536587,48.388823529411766
0.6029877959999794,-0.9373299499511718,10.158597644042969,0.3435679382324219,15.79268292682927,2.1951219512195124,-3.8414634146341466,48.388823529411766
0.6098263149997365,-1.4915876342773438,7.995436444091796,-0.1149216796875,33.59756097560976,-7.195121951219513,-4.51219512195122,48.406470588235294
0.6166982029999417,-1.8507178833007811,-1.071405242919922,-1.1180921752929687,54.63414634146342,-10.365853658536587,-4.634146341463415,48.406470588235294
0.6235366109999632,-1.4413093994140624,4.975151049804687,0.31004911499023435,89.87804878048782,-16.82926829268293,-1.3414634146341464,48.406470588235294
0.6303706660000898,-1.0342951171875,7.7763669921875,1.2318167541503906,76.09756097560977,-20.0609756097561,0.7317073170731708,48.388823529411766
0.6372396110000409,0.28730419921875,19.61270144958496,-5.103240838623047,92.6829268292683,-18.53658536585366,3.658536585365854,48.388823529411766
0.644083443999989,-7.502230902099609,19.61270144958496,-4.618415002441406,73.90243902439025,24.32926829268293,59.207317073170735,48.406470588235294
0.6509297220000008,-14.829685083007812,19.61270144958496,-4.225765930175781,-69.51219512195122,-15.731707317073171,-6.036585365853659,48.41823529411765
0.6577636289998736,2.6994623718261717,3.699041564941406,-1.8842367065429686,-78.35365853658537,-21.402439024390247,-8.353658536585366,48.40058823529412
0.6646253519998027,0.37708676147460934,1.131260284423828,-1.3778630554199218,-68.47560975609757,-14.878048780487806,-7.8048780487804885,48.406470588235294
0.6714510550000341,1.62805712890625,-1.216254443359375,-1.284489190673828,-61.463414634146346,-12.682926829268293,-3.1097560975609757,48.406470588235294
0.6782874999998967,2.4564509033203126,-0.20709844360351562,-0.7266402038574218,-48.47560975609756,-6.52439024390244,11.646341463414634,48.394705882352945
0.6851665369999864,4.471171600341797,8.966285217285156,-0.43454760131835934,-31.82926829268293,2.073170731707317,26.09756097560976,48.388823529411766
0.6919990369997322,1.1324573852539062,17.342399725341796,-2.300827795410156,-44.51219512195122,6.402439024390245,12.073170731707318,48.37705882352941
0.6988323890000174,2.6671406494140624,5.6778492370605465,-2.7174188842773437,-30.731707317073173,12.378048780487806,-10.24390243902439,48.37117647058824
0.705706611000096,1.0845733520507812,1.7717092285156248,-0.22385785522460935,24.085365853658537,13.414634146341465,-8.963414634146343,48.388823529411766
0.7125402769997891,0.2705447875976562,1.4628572143554686,-0.5243301635742187,22.621951219512198,11.829268292682928,-1.2195121951219514,48.37117647058824
0.7193720740001481,0.7398083129882812,1.697488977050781,-0.7960720520019531,23.475609756097562,8.597560975609756,3.1097560975609757,48.394705882352945
0.7262521659999948,0.603338818359375,10.41896707458496,4.236539837646484,20.670731707317074,6.890243902439025,6.097560975609756,48.406470588235294
0.7330870000000687,-0.03232172241210937,6.706158850097656,-2.4157494750976563,-17.012195121951223,4.329268292682928,-6.463414634146342,48.388823529411766
0.7399197959998673,0.009576806640625,3.1387983764648437,-3.071760729980469,52.01219512195122,0.6707317073170732,-2.682926829268293,48.394705882352945
0.7467937589999565,-0.24779987182617186,-2.1595698974609374,-1.9237410339355467,65.54878048780489,-0.9146341463414634,0.48780487804878053,48.38294117647059
0.7536288890000833,1.2006921325683593,-3.6248213134765623,-1.3946224670410154,96.58536585365854,-2.073170731707317,1.8902439024390245,48.40058823529412
0.7604630179998821,0.2537853759765625,1.8902222106933593,-0.08499415893554688,128.84146341463415,-2.439024390243903,5.975609756097562,48.394705882352945
0.7673097219999363,4.3239281982421875,19.61270144958496,-19.6133,31.951219512195124,8.353658536585366,30.731707317073173,48.406470588235294
0.7741898700001002,-2.2206220397949217,19.61270144958496,-12.016498132324218,-116.40243902439025,-23.78048780487805,-12.256097560975611,48.394705882352945
0.7810382960001334,1.01514150390625,-0.5925649108886718,2.4947581298828125,-82.98780487804879,-23.963414634146343,-12.256097560975611,48.388823529411766
0.7878892029998497,-0.4165910888671875,2.6396073303222654,1.4233528869628906,-83.65853658536587,-24.146341463414636,-14.207317073170733,48.37117647058824
0.79473490700002,0.36272155151367186,-0.7015010864257812,-1.061828436279297,-89.51219512195122,-24.75609756097561,-16.03658536585366,48.38294117647059
0.8015850369997679,1.0127473022460938,-2.6467899353027344,-1.3718775512695311,-91.15853658536587,-23.902439024390247,-15.487804878048783,48.38294117647059
0.8084237399998528,-0.2154781494140625,-7.953537915039062,-7.520187414550781,-49.87804878048781,-22.98780487804878,-14.085365853658537,48.388823529411766
0.815261332999853,0.055066638183593745,-1.0295067138671874,-1.5837643981933593,46.09756097560976,-24.939024390243905,-8.78048780487805,48.38294117647059
0.8224190370001452,0.4704606262207031,18.608932403564452,5.5078609191894525,49.81707317073171,-33.78048780487805,29.02439024390244,48.38294117647059
0.8292826110000533,-2.3056161987304686,10.500968481445312,-0.48123453369140623,3.8414634146341466,-38.84146341463415,78.71951219512196,48.394705882352945
0.8361681110000063,-4.080916729736328,11.03188269958496,6.994660150146484,66.89024390243902,-36.890243902439025,21.219512195121954,48.40058823529412
0.8430224069998076,3.6715082458496093,14.42865630493164,3.181894006347656,10.30487804878049,-39.57317073170732,-21.158536585365855,48.388823529411766
0.8512374809997709,3.527856146240234,-0.47764323120117186,-4.826710546875,24.390243902439025,-24.878048780487806,-6.707317073170732,48.394705882352945
0.8670449810001628,1.5741875915527344,2.157175695800781,2.3822306518554686,64.57317073170732,-19.939024390243905,26.707317073170735,48.38294117647059
0.8823960179997812,-1.0702081420898437,13.795389965820311,-2.033874310302734,53.963414634146346,-14.207317073170733,-4.573170731707317,48.38294117647059
0.897771111000111,-3.3123779968261715,19.61270144958496,-8.961496813964843,-11.097560975609756,1.2195121951219514,0.9756097560975611,48.38294117647059
0.9130689630001143,-1.2832920898437499,0.005985504150390624,-0.16160861206054686,-48.65853658536586,10.24390243902439,6.402439024390245,48.41235294117647
0.9283780370001296,0.39983167724609375,-2.4001871643066406,-2.555810272216797,-20.975609756097562,7.317073170731708,2.7439024390243905,48.38294117647059
0.9438503510000373,-1.7166425903320313,19.61270144958496,1.3263877197265623,-32.25609756097561,-11.28048780487805,-15.060975609756099,48.41235294117647
0.9585619999998016,-1.8136077575683593,1.5789759948730469,-2.3546973327636715,26.28048780487805,-18.719512195121954,3.231707317073171,48.394705882352945
0.9724243139999089,-0.24660277099609373,0.14006079711914063,0.15442600708007811,23.29268292682927,-20.914634146341466,7.987804878048781,48.37117647058824
0.9862121480000496,-0.6871358764648438,18.87947719116211,-0.20470424194335937,9.756097560975611,-9.939024390243903,0.9756097560975611,48.388823529411766
0.9999597589999212,-0.5183446594238281,1.341950030517578,-2.7090391784667966,76.28048780487805,-6.7682926829268295,3.780487804878049,48.37705882352941
1.0138357400001041,1.4209586853027343,7.882908966064453,0.8667010009765624,110.3658536585366,-2.804878048780488,5.365853658536586,48.406470588235294
1.0276459990000149,-0.17597382202148437,9.957484704589843,-8.086416107177733,-120.42682926829269,-6.951219512195123,-8.048780487804878,48.388823529411766
1.0413912220001293,0.055066638183593745,0.9193734375,0.16639701538085935,-85.54878048780489,-4.146341463414634,-9.390243902439025,48.38294117647059
1.0551960919997327,-0.51714755859375,-2.750937707519531,-4.067748620605468,-37.6829268292683,-1.5853658536585367,-5.426829268292684,48.388823529411766
1.068923666000046,0.05626373901367187,6.065709906005859,-0.10773907470703124,35.85365853658537,-11.402439024390246,23.59756097560976,48.38294117647059
1.0826724439998543,-4.924872814941406,7.040149981689453,-4.981136553955078,12.256097560975611,-13.231707317073171,-3.414634146341464,48.388823529411766
1.0964338700000553,0.5315127685546874,8.067262493896484,-1.1516109985351561,18.353658536585368,-15.243902439024392,3.5975609756097566,48.394705882352945
1.1101766659999157,1.1097124694824219,0.8212111694335937,0.43454760131835934,71.46341463414635,-28.353658536585368,15.060975609756099,48.394705882352945
1.123924832999819,0.5865794067382812,11.58673893432617,0.46208092041015625,24.085365853658537,-8.170731707317074,-4.207317073170732,48.394705882352945
1.1377568879997852,-0.21906945190429686,19.61270144958496,5.95677373046875,55.97560975609757,2.25609756097561,14.207317073170733,48.38294117647059
1.151742350999939,-4.159925384521484,19.54865655517578,-7.299920861816406,-118.59756097560977,-18.414634146341466,-7.378048780487806,48.388823529411766
1.165722980999817,-0.38187516479492184,1.2282254516601563,0.00239420166015625,-68.90243902439025,-16.951219512195124,-6.585365853658537,48.388823529411766
1.1797206480000568,-0.5099649536132812,1.5921441040039062,1.6699556579589843,-50.426829268292686,-19.085365853658537,4.390243902439025,48.388823529411766
1.1935449620000327,0.5219359619140624,19.61270144958496,3.2740707702636715,-5.487804878048781,-19.02439024390244,38.65853658536586,48.37117647058824
1.2072940729999573,0.3435679382324219,4.944026428222656,-1.7764976318359373,0.1829268292682927,-13.414634146341465,-11.28048780487805,48.394705882352945
1.2210169249997307,0.6428431457519531,3.0550013183593747,-1.0127473022460938,28.84146341463415,-9.634146341463415,9.02439024390244,48.41235294117647
1.2347400549997474,-1.0510545288085937,11.431115826416015,1.9021932189941406,32.86585365853659,-7.926829268292684,-1.6463414634146343,48.406470588235294
1.2484692399998494,2.0278888061523435,5.070919116210937,-1.294065997314453,63.84146341463415,-2.5,-12.682926829268293,48.37705882352941
1.2622157219998371,1.3455413330078123,13.997700006103514,0.7793126403808593,84.32926829268294,6.341463414634147,16.097560975609756,48.37705882352941
1.2759381850000864,-3.6188358093261717,19.61270144958496,-7.811082916259765,-122.37804878048782,-10.426829268292684,-11.646341463414634,48.36529411764706
1.2896899070001382,0.09217676391601562,1.6711527587890624,1.9847931762695312,-76.15853658536587,-10.426829268292684,-12.500000000000002,48.394705882352945
1.303835276999962,0.32920272827148434,3.6284126159667967,1.0989385620117187,-66.82926829268293,-9.939024390243903,-9.02439024390244,48.37705882352941
1.3179769809999016,0.32441432495117184,12.188880651855468,1.2521674682617188,30.853658536585368,-14.878048780487806,44.87804878048781,48.41235294117647
1.3316838330001701,-4.7189714721679685,19.596540588378904,3.8690298828125,-11.158536585365855,-24.512195121951223,-10.121951219512196,48.38294117647059
1.3453799439998875,1.8746598999023436,3.6367923217773437,2.1835119140624997,45.85365853658537,-13.536585365853659,0.9146341463414634,48.394705882352945
1.3599110179998206,0.5901707092285156,0.10175357055664062,-0.8463502868652343,57.865853658536594,-16.646341463414636,17.743902439024392,48.40058823529412
1.3751792960001694,1.0414777221679687,6.008249066162109,-1.2437877624511717,61.09756097560976,-6.219512195121951,2.5,48.406470588235294
1.3904849069999727,2.8335376647949215,19.61270144958496,2.914940521240234,25.914634146341466,-1.0365853658536586,-0.9146341463414634,48.394705882352945
1.4057914989998608,0.14125789794921875,-1.0941501586914062,-3.9324762268066404,-80.42682926829269,-3.658536585365854,-7.560975609756098,48.394705882352945
1.4210881660001178,0.21906945190429686,-0.9133879333496093,-0.6763619689941406,-63.90243902439025,-0.3658536585365854,-6.707317073170732,48.394705882352945
1.43651203599984,-0.13766659545898435,-6.8964978820800775,1.927332336425781,23.59756097560976,-8.658536585365855,35.79268292682927,48.40058823529412
1.451987759000076,-5.1319712585449215,18.420987573242186,-3.882197991943359,-25.243902439024392,-16.463414634146343,-11.219512195121952,48.394705882352945
1.4658573510000679,1.7369933044433592,5.104437939453125,1.3467384338378905,24.695121951219516,-0.30487804878048785,6.341463414634147,48.37705882352941
1.4796554250001464,0.82360537109375,3.1974563171386716,0.49679684448242184,50.36585365853659,-14.451219512195124,7.378048780487806,48.394705882352945
1.4934353329999794,-0.11013327636718749,5.801150622558594,-2.5845406921386718,38.170731707317074,-5.670731707317073,-0.7926829268292683,48.406470588235294
1.5072057029997268,0.14724340209960937,0.5973533142089843,-2.068590234375,68.59756097560977,-2.8658536585365857,6.219512195121951,48.38294117647059
1.5209923329998674,-1.1156979736328125,19.61270144958496,-8.079233502197265,-97.43902439024392,-14.939024390243905,5.609756097560976,48.38294117647059
1.5347893509997448,-0.20709844360351562,1.2665326782226562,-0.9074024291992187,-80.3658536585366,-15.54878048780488,1.9512195121951221,48.38294117647059
1.5485628510000424,-0.13766659545898435,1.6627730529785156,-0.21068974609375,-56.951219512195124,-15.487804878048783,1.524390243902439,48.37705882352941
1.5625676290001138,0.6212953308105469,5.837063647460937,-0.37229835815429685,24.207317073170735,-14.695121951219514,2.987804878048781,48.388823529411766
1.5763466839998728,-1.3443442321777344,19.577386975097657,-3.659537237548828,-31.707317073170735,-11.28048780487805,-1.2195121951219514,48.388823529411766
1.5901061839999784,-0.03591302490234375,0.028730419921875,-1.2689268798828124,47.31707317073171,-13.597560975609758,3.048780487804878,48.37705882352941
1.603845647000071,0.010773907470703125,5.007472772216796,0.5470750793457031,36.463414634146346,-19.32926829268293,6.951219512195123,48.394705882352945
1.6175936469999215,-2.1511901916503904,9.235632904052734,-1.2282254516601563,36.524390243902445,-22.500000000000004,-6.52439024390244,48.38294117647059
1.631420980999792,1.1432312927246093,-0.17956512451171874,-0.001197100830078125,99.45121951219512,-17.195121951219512,17.195121951219512,48.42411764705882
1.6452307579997978,-10.369287390136718,19.61270144958496,-11.516109985351562,-130.7926829268293,-25.0609756097561,-1.3414634146341464,48.388823529411766
1.65898766600003,0.09217676391601562,5.437231970214843,2.443282794189453,-66.95121951219512,-27.134146341463417,-5.0,48.38294117647059
1.672745629000019,0.28012159423828126,1.7908628417968748,0.13766659545898435,-48.963414634146346,-27.378048780487806,-4.390243902439025,48.394705882352945
1.6865015180001137,0.020350714111328123,-9.076418493652342,1.5251064575195312,29.02439024390244,-27.80487804878049,33.59756097560976,48.41235294117647
1.7002624809997542,-3.484760516357422,19.61270144958496,2.3977929626464842,-28.292682926829272,-25.60975609756098,-5.365853658536586,48.37705882352941
1.7140222949997224,0.7338228088378905,2.370259643554687,1.3287819213867187,41.951219512195124,-21.890243902439025,7.560975609756098,48.40058823529412
1.7277676839999003,-0.15442600708007811,5.178658190917968,-1.274912384033203,45.0609756097561,-22.621951219512198,11.219512195121952,48.394705882352945
1.7415088319999086,0.6847416748046875,8.796296899414061,-2.3343466186523436,38.170731707317074,-9.146341463414634,4.329268292682928,48.394705882352945
1.7553641290000996,0.26216508178710934,-1.1827356201171875,-1.916558428955078,114.20731707317074,-9.207317073170733,-19.26829268292683,48.37705882352941
1.7691720359998726,6.787561706542968,19.61270144958496,-12.120645904541014,-119.75609756097562,-1.0975609756097562,-12.317073170731708,48.388823529411766
1.782932166000137,1.0079588989257813,2.109291662597656,0.8056488586425781,-65.73170731707317,3.658536585365854,3.658536585365854,48.394705882352945
1.7966659059998165,0.058657940673828124,0.6236895324707031,-0.4848258361816406,-65.67073170731707,5.975609756097562,4.939024390243903,48.394705882352945
1.8104075359997296,-0.2813186950683594,-5.553350750732421,-5.652710119628906,59.024390243902445,12.134146341463415,0.48780487804878053,48.38294117647059
1.8241747769998256,-2.2601263671875,9.552864624023437,-3.712209674072265,-20.79268292682927,-12.987804878048781,-0.1829268292682927,48.394705882352945
1.8379164429998127,-1.2234370483398436,2.493561029052734,1.590947003173828,20.60975609756098,-17.98780487804878,5.487804878048781,48.394705882352945
1.851704294999763,0.25737667846679685,-2.1164742675781247,0.4213794921875,53.47560975609757,-17.012195121951223,7.743902439024391,48.38294117647059
1.8654793319997225,1.9333178405761717,17.730260394287107,2.701856573486328,30.0609756097561,9.756097560975611,2.1951219512195124,48.394705882352945
1.8792434619999767,0.6057330200195312,-0.1640028137207031,-2.5378537597656248,96.58536585365854,11.036585365853659,3.780487804878049,48.40058823529412
1.8929940919997534,-3.0035259826660154,19.61270144958496,-7.437587457275391,-133.90243902439025,-8.048780487804878,-3.231707317073171,48.38294117647059
1.9067368139999417,0.23582886352539062,0.33758243408203126,2.032677209472656,-49.81707317073171,-4.085365853658537,2.378048780487805,48.37705882352941
1.9205007949999526,1.0342951171875,-3.1124621582031247,-1.8902222106933593,-34.08536585365854,-5.670731707317073,1.3414634146341464,48.37117647058824
1.934232702999907,1.2605471740722656,10.664971295166016,-0.14604630126953125,-17.134146341463417,-5.182926829268293,5.670731707317073,48.394705882352945
1.9479829619999691,-0.39145197143554683,7.350199096679687,-1.8195932617187498,-4.024390243902439,-8.231707317073171,-4.695121951219512,48.388823529411766
1.962585092000154,0.5446808776855468,1.0019733947753906,0.6404489440917969,27.5609756097561,-7.682926829268293,-4.2682926829268295,48.388823529411766
1.9778655539998908,0.7960720520019531,3.4440590881347655,4.244919543457031,57.31707317073171,-2.0121951219512195,2.25609756097561,48.40058823529412
1.9931610539997564,0.4417302062988281,10.070012182617187,-3.5709517761230467,29.939024390243905,9.573170731707318,-2.073170731707317,48.38294117647059
2.008434128999852,0.3794809631347656,19.61270144958496,0.26695348510742184,92.19512195121952,25.54878048780488,75.60975609756098,48.38294117647059
2.0237311099999715,-9.334992272949219,9.14225903930664,-6.057330200195312,-56.707317073170735,-44.146341463414636,-0.7926829268292683,48.38294117647059
2.03903331399988,1.0941501586914062,-0.6464344482421874,-1.3156138122558594,-50.304878048780495,-35.243902439024396,3.353658536585366,48.37117647058824
2.0543463690000863,2.9664158569335934,10.41836852416992,-1.1959037292480468,-34.451219512195124,-10.853658536585368,-2.5609756097560976,48.38294117647059
2.068231665999974,4.244919543457031,10.346542474365235,0.3280056274414062,-2.1341463414634148,18.84146341463415,-5.0,48.38294117647059
2.0819959249997737,0.029927520751953124,-1.6077064147949218,-1.291671795654297,35.73170731707317,29.75609756097561,-12.256097560975611,48.38294117647059
2.095739572999719,-0.2885013000488281,15.240290667724608,3.400963458251953,18.353658536585368,29.02439024390244,-6.52439024390244,48.38294117647059
2.1094802399998116,-0.9133879333496093,4.070142822265625,-2.9364883361816405,60.73170731707317,0.0,-6.463414634146342,48.388823529411766
2.123211794999861,0.5458779785156249,1.5071499450683592,-1.9333178405761717,99.63414634146342,-1.5853658536585367,-11.52439024390244,48.38294117647059
2.1369725360000302,-0.948103857421875,19.61270144958496,-12.409147204589843,-32.43902439024391,-11.707317073170733,32.31707317073171,48.37705882352941
2.150736998999946,0.5291185668945312,6.70975015258789,-0.3794809631347656,-45.60975609756098,-42.6219512195122,-17.98780487804878,48.388823529411766
2.164491165000072,2.3427263244628906,1.8818425048828125,-2.7712884216308593,-45.97560975609756,-35.243902439024396,-4.817073170731708,48.42411764705882
2.1782424990001346,4.158728283691406,16.61695662231445,-2.770091320800781,-47.50000000000001,-7.073170731707318,8.109756097560977,48.40058823529412
2.191979202999846,4.811148236083984,4.953603234863281,-1.3778630554199218,-6.951219512195123,10.30487804878049,-14.51219512195122,48.394705882352945
2.205720905999897,0.5494692810058593,3.0597897216796874,2.0829554443359375,27.987804878048784,8.292682926829269,-10.0,48.394705882352945
2.2194909619997816,-1.9823989746093749,13.213598962402344,0.6619967590332031,-12.01219512195122,0.6707317073170732,-10.548780487804878,48.38294117647059
2.2332451470001615,-0.3459621398925781,1.3814543579101561,-2.7437551025390623,73.65853658536587,-5.3048780487804885,-12.74390243902439,48.38294117647059
2.2469864989998314,0.45010991210937495,2.6527754394531247,0.7697358337402344,105.1829268292683,-3.658536585365854,3.353658536585366,48.38294117647059
2.2607422579999366,-3.4296938781738278,19.61270144958496,-12.33372985229492,-57.926829268292686,45.670731707317074,43.71951219512196,48.388823529411766
2.2744827389997226,-0.34117373657226563,10.283096130371094,-2.096123553466797,-37.19512195121951,-18.84146341463415,-21.402439024390247,48.406470588235294
2.288245887999892,3.4261025756835934,2.288856787109375,-2.31758720703125,-52.5609756097561,0.7926829268292683,-1.5853658536585367,48.388823529411766
2.3019941839997955,3.928884924316406,9.83897172241211,-1.8327613708496093,-51.03658536585366,16.951219512195124,-11.097560975609756,48.37705882352941
2.3157345909999094,2.3738509460449215,5.232527728271484,-0.8595183959960937,-2.439024390243903,17.865853658536587,-10.365853658536587,48.38294117647059
2.329742905999865,-0.6512228515624999,7.64827720336914,-0.16519991455078123,-0.30487804878048785,12.073170731707318,-12.80487804878049,48.388823529411766
2.3435138139998344,-0.7505822204589844,6.112396838378906,-0.36750995483398435,38.65853658536586,5.3048780487804885,-7.195121951219513,48.38294117647059
2.3572667019998335,-0.6165069274902344,3.6463691284179687,-2.6671406494140624,43.23170731707317,0.9146341463414634,-17.25609756097561,48.394705882352945
2.371022665000055,-0.7122749938964843,12.664129681396483,0.8990227233886718,59.32926829268293,-0.30487804878048785,0.0,48.37705882352941
2.3847709799997574,2.6036943054199218,19.61270144958496,-3.994725469970703,1.1585365853658538,35.1829268292683,84.87804878048782,48.37117647058824
2.398692406000009,-12.46181964111328,8.443152154541016,-5.430049365234375,-38.29268292682927,-29.146341463414636,-16.646341463414636,48.38294117647059
2.4124873319997278,2.528276953125,1.6412252380371093,-1.0917559570312498,-45.73170731707317,-19.207317073170735,-0.6097560975609757,48.394705882352945
2.4262287950000427,4.458003491210937,13.467384338378906,-1.4891934326171874,-68.10975609756098,5.548780487804878,0.12195121951219513,48.406470588235294
2.4400921470000867,3.5434184570312497,9.873687646484374,-1.7022773803710936,-19.02439024390244,13.29268292682927,-16.585365853658537,48.388823529411766
2.4538621649999186,0.5997475158691405,1.8806454040527343,-1.714248388671875,26.76829268292683,25.30487804878049,-15.487804878048783,48.394705882352945
2.468954295000003,0.15083470458984374,15.029600921630859,2.539050860595703,18.10975609756098,21.158536585365855,-10.426829268292684,48.394705882352945
2.4844131099998776,-2.424129180908203,4.455609289550781,-1.4041992736816404,61.21951219512196,10.426829268292684,-0.5487804878048781,48.38294117647059
2.499749128000076,-0.4225765930175781,19.61270144958496,3.3171664001464842,68.41463414634147,23.231707317073173,36.524390243902445,48.38294117647059
2.5153975170001104,-8.050503082275391,16.168043811035155,-12.052411157226562,-15.121951219512196,24.81707317073171,-17.195121951219512,48.394705882352945
2.530928091000078,3.689464758300781,11.123460913085937,1.8638859924316404,-63.963414634146346,1.9512195121951221,6.341463414634147,48.37117647058824
2.546229591000156,2.3870190551757813,7.542932330322265,1.9692308654785156,-83.90243902439025,8.902439024390244,-14.939024390243905,48.38294117647059
2.5616013129997555,3.180696905517578,12.227187878417968,0.09816226806640624,-29.634146341463417,12.682926829268293,-9.634146341463415,48.37117647058824
2.5771327389998078,-0.09337386474609374,6.961141326904296,2.4157494750976563,2.5609756097560976,1.2804878048780488,-9.634146341463415,48.38294117647059
2.5929856839998138,-1.0893617553710937,8.406042028808594,2.9448680419921875,30.670731707317074,-8.78048780487805,-5.914634146341464,48.38294117647059
2.6084569240001656,-1.2689268798828124,6.350619903564453,-1.8722656982421875,48.29268292682927,-8.414634146341465,-1.8902439024390245,48.394705882352945
2.6237748690000444,-1.600523809814453,9.253589416503905,-0.36272155151367186,66.89024390243902,-1.2195121951219514,28.414634146341466,48.38294117647059
2.6390705539997725,-5.237316131591797,19.61270144958496,-11.888408343505859,-45.73170731707317,3.1707317073170733,4.146341463414634,48.394705882352945
2.6545323320001444,3.6451720275878903,4.465186096191406,-0.7912836486816406,-56.40243902439025,4.573170731707317,7.439024390243903,48.394705882352945
2.6637242950000655,1.1073182678222655,8.228871105957031,0.5051765502929687,-50.670731707317074,8.658536585365855,5.2439024390243905,48.388823529411766
2.67073779500015,3.019088293457031,13.588291522216796,-0.11372457885742186,-83.23170731707317,9.390243902439025,-3.048780487804878,48.388823529411766
2.677687924000111,3.4093431640625,9.124302526855468,-3.0406361083984375,-48.04878048780488,13.231707317073171,-7.621951219512196,48.388823529411766
2.6846227020000697,2.4480711975097655,8.876502655029297,-2.213439434814453,-26.03658536585366,17.804878048780488,-9.695121951219512,48.394705882352945
2.6914539429999422,0.3758896606445312,2.6910826660156246,-1.6639701538085936,8.536585365853659,18.84146341463415,-8.475609756097562,48.38294117647059
2.6982545729997582,0.14724340209960937,5.518634826660156,1.3587094421386718,23.29268292682927,17.5,-6.707317073170732,48.38294117647059
2.7050540169998385,-0.9540893615722655,10.067617980957031,2.910152117919922,26.28048780487805,9.817073170731708,-6.890243902439025,48.36529411764706
2.711856386999898,-1.1635820068359375,10.350133776855468,-1.5849614990234373,-11.76829268292683,6.036585365853659,-2.378048780487805,48.38294117647059
2.718656036000084,-1.3084312072753905,8.378508709716796,0.05386953735351562,18.231707317073173,1.1585365853658538,-3.2926829268292686,48.37117647058824
2.7254555909999,-1.1791443176269532,1.8710685974121093,-3.1028853515624997,70.67073170731707,-4.024390243902439,-2.378048780487805,48.38294117647059
2.732256942999811,-0.5889736083984375,-2.020706201171875,1.3084312072753905,99.75609756097562,-6.036585365853659,2.1951219512195124,48.394705882352945
2.7390543500000604,-0.6189011291503906,4.8326960510253905,0.8283937744140625,100.54878048780489,-9.02439024390244,4.085365853658537,48.37117647058824
2.7458514239997385,0.42018239135742186,8.378508709716796,2.3307553161621093,87.6829268292683,-7.987804878048781,14.390243902439027,48.38294117647059
2.752656368999851,8.072050897216796,19.61270144958496,-9.726444244384766,16.219512195121954,17.195121951219512,52.804878048780495,48.388823529411766
2.7594827759999134,-6.453570574951171,19.61270144958496,-13.698424798583984,-82.5609756097561,12.560975609756099,-13.475609756097562,48.40058823529412
2.7663022389997423,1.0881646545410155,7.958326318359375,-5.289988568115234,-67.01219512195122,-17.804878048780488,-14.817073170731708,48.40058823529412
2.773119442999814,0.6524199523925781,2.0757728393554684,2.0877438476562498,-61.463414634146346,-16.28048780487805,-12.987804878048781,48.37705882352941
2.7799377759997697,0.24779987182617186,-0.6643909606933593,-1.8351555725097655,-68.29268292682927,-15.060975609756099,-12.439024390243903,48.394705882352945
2.786756146999778,0.10175357055664062,1.2677297790527342,-0.24660277099609373,-72.31707317073172,-14.451219512195124,-10.914634146341465,48.394705882352945
2.7935741279998183,2.5103204406738278,-3.047818713378906,-6.5026517089843745,-59.75609756097562,-14.756097560975611,12.865853658536587,48.388823529411766
2.8003894059997947,1.3060370056152344,10.178948358154296,0.39145197143554683,-2.8658536585365857,-10.853658536585368,47.25609756097561,48.388823529411766
2.807204054000067,0.2166752502441406,11.49156941833496,2.360682836914062,12.134146341463415,-6.890243902439025,29.634146341463417,48.37705882352941
2.814018980000128,2.2445640563964844,15.069105249023437,1.0211270080566406,-15.975609756097562,-10.548780487804878,-11.28048780487805,48.38294117647059
2.8208350169998084,1.4891934326171874,2.962824554443359,-2.8898014038085935,8.963414634146343,-0.9756097560975611,-7.926829268292684,48.37705882352941
2.8276494060000914,1.024718310546875,3.9408559326171875,-0.17357962036132812,31.82926829268293,-0.6097560975609757,0.24390243902439027,48.38294117647059
2.834463757999856,0.11013327636718749,0.7697358337402344,0.07302315063476562,32.743902439024396,-5.670731707317073,12.134146341463415,48.37117647058824
2.8412794800001393,-0.11252747802734374,2.7090391784667966,-0.05027823486328125,61.768292682926834,-7.8048780487804885,14.146341463414636,48.388823529411766
2.8481510169999638,-0.7625532287597656,16.897078216552732,2.412158172607422,43.35365853658537,-9.756097560975611,6.341463414634147,48.37117647058824
2.854957997999918,0.15083470458984374,10.97502041015625,0.23223756103515625,21.52439024390244,-11.829268292682928,0.9756097560975611,48.36529411764706
2.861756812999829,0.7422025146484375,4.428075970458984,-2.261323468017578,43.47560975609756,-11.951219512195124,2.6219512195121952,48.38294117647059
2.8685546649999196,0.21428104858398436,-0.21787235107421873,-1.562216583251953,76.70731707317074,-12.073170731707318,6.097560975609756,48.388823529411766
2.8755092579999655,0.8978256225585937,19.61270144958496,1.0043675964355467,73.10975609756098,-14.02439024390244,-11.097560975609756,48.38294117647059
2.882321850000153,3.793612530517578,19.61270144958496,-8.210914593505859,-68.84146341463415,-7.621951219512196,-11.707317073170733,48.394705882352945
2.8891212580001593,1.848323681640625,6.506243011474609,-10.044873065185547,-128.109756097561,3.780487804878049,-7.500000000000001,48.388823529411766
2.8959390720001466,-0.2166752502441406,0.23582886352539062,-2.029085906982422,-52.6829268292683,8.78048780487805,-10.853658536585368,48.37705882352941
2.9027570349999223,1.0127473022460938,0.8750807067871094,-0.2861070983886719,-62.37804878048781,10.182926829268293,-10.487804878048781,48.38294117647059
2.9095739059998778,0.6667851623535156,0.5147533569335937,-2.0661960327148434,-65.3048780487805,9.695121951219512,-9.207317073170733,48.37117647058824
2.9164051650000147,0.5758054992675781,-1.763329522705078,-0.21906945190429686,-40.97560975609756,9.329268292682928,-3.8414634146341466,48.37705882352941
2.9232242389998646,-0.7218518005371093,5.932831713867187,-2.481590020751953,-20.426829268292686,7.25609756097561,10.24390243902439,48.37705882352941
2.9300435350000953,-3.2644939636230466,9.859322436523437,-0.034715924072265626,2.378048780487805,-2.804878048780488,33.35365853658537,48.37705882352941
2.936859479999839,-6.003460662841796,19.61270144958496,1.4257470886230468,-14.390243902439027,-17.134146341463417,9.390243902439025,48.388823529411766
2.943697739000072,-0.603338818359375,2.7724855224609373,-3.8199487487792965,-27.134146341463417,-25.853658536585368,-5.670731707317073,48.388823529411766
2.950588497999888,0.08259995727539061,2.5258827514648434,-1.9405004455566406,32.13414634146342,-26.52439024390244,-2.7439024390243905,48.394705882352945
2.957407202000013,-0.1149216796875,2.9269115295410155,1.1480196960449218,36.09756097560976,-28.414634146341466,7.134146341463415,48.37705882352941
2.9642240540001694,0.1352723937988281,6.467935784912109,-0.6440402465820312,29.75609756097561,-29.02439024390244,22.865853658536587,48.394705882352945
2.971043312999882,0.0,10.08078609008789,2.1212626708984375,18.963414634146343,-25.121951219512198,16.76829268292683,48.37705882352941
2.977840312999888,0.10654197387695312,12.556390606689453,0.3902548706054687,23.10975609756098,-18.231707317073173,4.75609756097561,48.37705882352941
2.985326108999743,1.707065783691406,1.8423381774902343,-2.3487118286132813,20.975609756097562,-6.402439024390245,7.317073170731708,48.37117647058824
2.992166905999966,0.39863457641601563,1.763329522705078,1.0115502014160156,84.20731707317074,-4.75609756097561,10.731707317073171,48.37705882352941
2.9989671839998664,0.5099649536132812,-0.5446808776855468,-1.1563994018554686,86.34146341463415,-4.329268292682928,0.0,48.394705882352945
3.0057873499999914,4.777629412841796,19.61270144958496,-0.5865794067382812,32.743902439024396,0.12195121951219513,-13.902439024390246,48.37117647058824
3.0126016459998937,5.834669445800781,19.61270144958496,-10.590751043701172,-92.01219512195122,10.609756097560977,-17.98780487804878,48.388823529411766
3.019402332000027,1.0115502014160156,4.140771771240234,-4.00909067993164,-107.6829268292683,14.085365853658537,-22.25609756097561,48.40058823529412
3.0262032949999593,-0.5243301635742187,2.431311785888672,0.7781155395507812,-83.78048780487805,14.939024390243905,-20.48780487804878,48.40058823529412
3.0330191650000415,0.040701428222656245,-2.231395947265625,-2.750937707519531,-85.97560975609757,15.060975609756099,-20.79268292682927,48.41823529411765
3.0400947019998057,0.6260837341308594,-3.0514100158691404,-1.839943975830078,-62.926829268292686,14.756097560975611,-17.134146341463417,48.388823529411766
3.046908775999782,0.46686932373046874,2.1883003173828124,0.9840168823242187,-15.121951219512196,11.463414634146343,-3.7195121951219514,48.388823529411766
3.0537184059999163,-2.7246014892578123,9.45470235595703,1.6508020446777343,-17.012195121951223,4.878048780487806,27.621951219512198,48.38294117647059
3.0605195170001025,-2.1787235107421874,2.499546533203125,-1.8064251525878905,21.585365853658537,-12.621951219512196,51.34146341463415,48.38294117647059
3.067315294999844,-3.9360675292968748,13.48354519958496,6.0513446960449215,16.402439024390244,-16.52439024390244,24.695121951219516,48.394705882352945
3.0741152390000934,0.3028665100097656,3.5673604736328124,-4.578910675048828,-23.84146341463415,-12.74390243902439,-9.451219512195122,48.38294117647059
3.080913702000089,1.199495031738281,3.2166099304199216,-1.782483135986328,41.646341463414636,-0.6707317073170732,-2.987804878048781,48.37705882352941
3.0877102949998516,0.17357962036132812,2.1691467041015624,-0.062249243164062495,22.98780487804878,-1.9512195121951221,4.878048780487806,48.35941176470588
3.0945260170001347,-0.9253589416503906,1.763329522705078,-0.36272155151367186,26.76829268292683,-3.963414634146342,9.939024390243903,48.37705882352941
3.101347406000059,0.08738836059570312,9.551667523193359,1.5263035583496092,39.08536585365854,-2.378048780487805,6.7682926829268295,48.38294117647059
3.108164423999824,0.8834604125976562,11.79862578125,0.6165069274902344,43.170731707317074,3.8414634146341466,5.853658536585367,48.37117647058824
3.114982813000097,0.9373299499511718,7.029376074218749,0.11252747802734374,41.03658536585366,10.182926829268293,-1.402439024390244,48.38294117647059
3.1218032020001374,0.17477672119140625,-1.0797849487304687,-2.318784307861328,94.51219512195122,11.097560975609756,-2.804878048780488,48.38294117647059
3.1286213690000295,2.8000188415527343,14.152126013183594,1.6400281372070311,111.58536585365854,11.158536585365855,-11.341463414634147,48.37117647058824
3.13544068300007,-1.3551181396484375,19.61270144958496,-11.23718549194336,88.71951219512196,9.26829268292683,-0.426829268292683,48.38294117647059
3.1422627389997615,-0.10295067138671875,19.61270144958496,-10.415974322509765,-136.34146341463415,-1.9512195121951221,-11.219512195121952,48.37705882352941
3.1490853320001406,0.9097966308593749,-1.9668366638183592,-3.7110125732421873,-106.21951219512196,-5.121951219512195,-10.0,48.37705882352941
3.1559074060000967,-0.14125789794921875,1.7393875061035156,0.1927332336425781,-72.8658536585366,-5.426829268292684,-12.560975609756099,48.35352941176471
3.162729553999725,-0.3806780639648437,-0.4525041137695312,-3.754108203125,-75.48780487804879,-4.634146341463415,-12.74390243902439,48.37705882352941
3.1695506460000615,1.4616601135253906,-4.458003491210937,0.277727392578125,-59.51219512195122,-3.9024390243902443,-10.365853658536587,48.388823529411766
3.1763726459998907,1.112106671142578,-5.679046337890624,-3.4093431640625,10.487804878048781,-3.9024390243902443,-1.4634146341463417,48.37117647058824
3.1831931649999206,0.24181436767578124,8.263587030029296,-1.7381904052734374,-4.085365853658537,-8.475609756097562,25.48780487804878,48.38294117647059
3.1900125170000138,-3.958812445068359,17.60695900878906,2.4193407775878906,14.146341463414636,-15.731707317073171,26.89024390243903,48.388823529411766
3.19682272,-3.4739866088867184,19.61270144958496,1.7621324218749999,-16.52439024390244,-22.378048780487806,0.6707317073170732,48.37117647058824
3.2036317199999758,1.4903905334472656,3.0609868225097654,-2.5845406921386718,-3.353658536585366,-22.5609756097561,-5.670731707317073,48.37117647058824
3.2104479609997725,0.5219359619140624,2.9448680419921875,-1.045069024658203,19.451219512195124,-15.121951219512196,-0.6097560975609757,48.394705882352945
3.217264034999971,0.5865794067382812,-0.9888052856445312,-0.27892449340820313,52.13414634146342,-16.34146341463415,6.036585365853659,48.37117647058824
3.2240785349999896,0.13766659545898435,9.623493572998047,2.759317413330078,52.5609756097561,-17.621951219512198,18.719512195121954,48.37705882352941
3.230894183000146,-0.17118541870117188,9.8449572265625,-0.3950432739257812,33.53658536585366,-19.32926829268293,10.0,48.37117647058824
3.237708960999953,0.7445967163085937,15.422249993896484,-2.788047833251953,30.670731707317074,-15.243902439024392,0.48780487804878053,48.388823529411766
3.244520516999728,0.5925649108886718,2.436100189208984,-1.5227122558593749,44.93902439024391,-6.097560975609756,2.9268292682926833,48.37705882352941
3.251460534999751,1.0690110412597655,2.919728924560547,0.31962592163085934,88.59756097560977,-4.817073170731708,6.646341463414635,48.37117647058824
3.25827259100015,-0.3447650390625,19.61270144958496,-4.854243865966796,92.19512195121952,-4.390243902439025,-8.78048780487805,48.38294117647059
3.265071775999786,7.250839727783203,19.61270144958496,-11.88122573852539,-9.756097560975611,8.353658536585366,-10.792682926829269,48.37705882352941
3.2718698129997392,0.30526071166992186,14.149731811523436,-11.641805572509766,-95.91463414634147,12.621951219512196,-11.036585365853659,48.37117647058824
3.278667368999777,0.4082113830566406,3.5494039611816404,2.3259669128417966,-59.81707317073171,12.80487804878049,-12.378048780487806,48.35941176470588
3.285463906000132,0.5123591552734374,3.1028853515624997,1.3204022155761719,-77.19512195121952,13.04878048780488,-13.414634146341465,48.38294117647059
3.2922700539998004,0.6859387756347656,-2.9281086303710935,-2.242169854736328,-57.50000000000001,13.841463414634148,-11.158536585365855,48.37705882352941
3.2990980350000427,1.073799444580078,-0.5626373901367188,-0.11731588134765625,-23.719512195121954,13.658536585365855,1.829268292682927,48.37705882352941
3.3059259980000206,0.44532150878906246,10.520122094726561,1.5119383483886717,-15.54878048780488,6.341463414634147,25.54878048780488,48.37705882352941
3.312742368999807,-1.8854338073730468,10.054449871826172,1.6448165405273436,-2.378048780487805,1.5853658536585367,35.670731707317074,48.35941176470588
3.3195604799998364,-4.294000677490234,18.889053997802733,2.7521348083496093,-3.5975609756097566,-13.170731707317074,-4.75609756097561,48.37117647058824
3.3263776459998553,-1.7669208251953124,11.075576879882812,-1.3120225097656248,-7.500000000000001,-16.70731707317073,-10.121951219512196,48.37117647058824
3.333195367999906,-0.5363011718749999,-0.928950244140625,-1.495178936767578,21.52439024390244,-16.76829268292683,-6.036585365853659,48.35941176470588
3.340008442999988,0.4513070129394531,5.456385583496093,2.360682836914062,43.41463414634147,-19.146341463414636,8.597560975609756,48.35352941176471
3.346864701999948,-0.11013327636718749,3.5206735412597654,-0.6093243225097655,37.25609756097561,-21.82926829268293,17.98780487804878,48.37117647058824
3.3536805720000302,-1.4030021728515625,7.606378674316406,0.105344873046875,68.41463414634147,-22.195121951219512,20.731707317073173,48.38294117647059
3.360541701999864,-2.876633294677734,17.38908665771484,2.203862628173828,88.78048780487805,-24.512195121951223,3.231707317073171,48.36529411764706
3.372911701999783,0.08379705810546874,17.653645941162107,0.19632453613281248,31.402439024390247,-24.32926829268293,1.402439024390244,48.36529411764706
3.3882972759997756,1.5358803649902344,4.44303973083496,-2.003946789550781,78.65853658536587,-12.926829268292684,0.853658536585366,48.388823529411766
3.4036262390000047,1.1575965026855468,13.351265557861327,-3.7696705139160156,-63.84146341463415,-3.536585365853659,-3.658536585365854,48.35352941176471
3.41894051700001,0.7709329345703124,0.42018239135742186,-3.5194764404296874,-63.59756097560976,-2.1951219512195124,-2.439024390243903,48.35941176470588
3.434251701999983,0.3184288208007812,4.114435552978516,-4.377797735595703,-46.524390243902445,-5.121951219512195,22.743902439024392,48.35941176470588
3.449635165000018,-4.311957189941406,17.147272290039062,1.1324573852539062,-18.10975609756098,-12.865853658536587,-7.743902439024391,48.37705882352941
3.464954275999844,-0.15562310791015624,4.33470210571289,1.16837041015625,27.378048780487806,-16.097560975609756,10.670731707317074,48.37117647058824
3.480254294000133,0.430956298828125,12.039243048095702,1.7166425903320313,26.402439024390247,-13.902439024390246,4.451219512195122,48.37705882352941
3.4955873499998233,1.2234370483398436,6.512228515625,-2.195482922363281,61.21951219512196,1.6463414634146343,3.7195121951219514,48.37117647058824
3.5112544979997438,-0.604535919189453,0.11731588134765625,-0.9995791931152344,93.41463414634147,2.073170731707317,0.3658536585365854,48.37117647058824
3.527649942000153,1.6711527587890624,19.61270144958496,-7.015010864257812,-129.81707317073173,-8.048780487804878,0.426829268292683,48.37705882352941
3.544025701999999,-0.013168109130859374,0.2645592834472656,-1.9213468322753906,-65.0609756097561,-9.26829268292683,-3.1707317073170733,48.37705882352941
3.560434035000071,0.4944026428222656,-4.629188909912109,-4.929661218261718,16.28048780487805,-5.2439024390243905,-8.048780487804878,48.388823529411766
3.5767289049999818,-0.4225765930175781,19.61270144958496,5.476736297607421,-30.731707317073173,-12.560975609756099,-2.9268292682926833,48.37705882352941
3.59215164599982,-0.30885201416015623,1.6735469604492186,-2.117671368408203,49.81707317073171,-27.926829268292686,-0.1829268292682927,48.388823529411766
3.607520979000128,-0.47285482788085936,-0.4273649963378906,-0.6165069274902344,43.35365853658537,-45.426829268292686,17.926829268292686,48.37117647058824
3.6228366279997317,-0.8008604553222656,15.441403607177733,-1.3204022155761719,34.390243902439025,-16.890243902439025,-6.463414634146342,48.388823529411766
3.6381492020000223,0.008379705810546874,2.014720697021484,1.1264718811035155,115.48780487804879,-7.743902439024391,22.378048780487806,48.38294117647059
3.653464720000102,-0.8307879760742187,19.494787017822265,-7.431601953125,-117.6829268292683,-22.865853658536587,0.1829268292682927,48.37705882352941
3.668531738999718,-0.6751648681640625,1.1552023010253905,-0.6943184814453125,-63.35365853658537,-20.853658536585368,-0.24390243902439027,48.37705882352941
3.682311923999805,0.3016694091796875,0.8259995727539062,-8.741230261230468,-45.36585365853659,-19.26829268292683,7.743902439024391,48.38294117647059
3.698880850000023,0.7829039428710937,19.61270144958496,-0.584185205078125,-41.768292682926834,-10.731707317073171,0.9756097560975611,48.37117647058824
3.714037552999798,0.6093243225097655,0.8918401184082031,-0.8631096984863281,40.670731707317074,-10.792682926829269,-6.646341463414635,48.388823529411766
3.7280392570000913,-0.3842693664550781,5.385756634521484,2.155978594970703,37.926829268292686,-13.475609756097562,18.475609756097562,48.38294117647059
3.741855350000151,-0.38307226562499996,10.518924993896483,-3.9600095458984375,28.10975609756098,-8.902439024390244,-4.024390243902439,48.36529411764706
3.7555547940000906,0.6619967590332031,0.10175357055664062,-2.2361843505859373,103.47560975609757,-9.451219512195122,5.365853658536586,48.394705882352945
3.768831794000107,3.1447838806152344,19.61270144958496,-13.779827655029296,-116.76829268292684,-15.060975609756099,-1.1585365853658538,48.388823529411766
3.7812646829997902,0.06823474731445311,1.448492004394531,1.916558428955078,-72.43902439024392,-14.51219512195122,-6.097560975609756,48.37705882352941
3.793693738999991,0.040701428222656245,-1.5741875915527344,-0.9457096557617187,-65.97560975609757,-15.365853658536587,-6.829268292682928,48.38294117647059
3.806121479000012,0.23343466186523437,-0.9325415466308593,-5.23492192993164,-60.1219512195122,-12.439024390243903,-3.963414634146342,48.388823529411766
3.8185615719999078,0.15203180541992187,11.535263598632811,1.1923124267578125,31.402439024390247,-18.170731707317074,41.58536585365854,48.388823529411766
3.831025904999933,-4.988319158935546,19.61270144958496,-1.7357962036132812,-26.03658536585366,-25.54878048780488,-13.170731707317074,48.37705882352941
3.843482609000148,0.4991910461425781,2.740163800048828,-0.07781155395507812,33.963414634146346,-21.219512195121954,-6.707317073170732,48.38294117647059
3.8559365900000557,0.6835445739746093,1.7669208251953124,-2.070984436035156,32.43902439024391,-24.146341463414636,24.26829268292683,48.37705882352941
3.8691457199997785,0.5793968017578125,12.496535565185546,1.1109095703125,74.14634146341464,-20.0,13.109756097560977,48.37705882352941
3.884371441999974,-0.05746083984375,7.487865692138671,-2.328361114501953,70.79268292682927,-15.060975609756099,-1.6463414634146343,48.35352941176471
3.8996285719999833,0.22505495605468748,11.107898602294922,-11.071985577392578,-98.47560975609757,-4.695121951219512,-4.451219512195122,48.38294117647059
3.9148810530000446,0.18315642700195311,1.3096283081054687,0.25258827514648435,-52.86585365853659,-2.804878048780488,-3.1707317073170733,48.37705882352941
3.930967256999793,0.4537012145996093,0.9504980590820312,3.4452561889648434,-33.65853658536586,-1.524390243902439,21.707317073170735,48.38294117647059
3.9462450900000476,0.21308394775390624,19.61270144958496,-0.7661445312499999,-24.390243902439025,1.6463414634146343,-10.487804878048781,48.37705882352941
3.9615237200000593,-0.0383072265625,3.3411084167480465,1.5167267517089842,28.963414634146343,-3.536585365853659,-5.426829268292684,48.38294117647059
3.9767737940001098,0.8667010009765624,2.877830395507812,-1.4173673828125,42.5609756097561,-10.060975609756099,19.634146341463417,48.38294117647059
3.992086350000136,-0.5351040710449219,11.116278308105468,-1.0702081420898437,40.304878048780495,-7.682926829268293,-6.951219512195123,48.35941176470588
4.007835109000098,0.24899697265624998,0.4010287780761719,-1.350329736328125,110.00000000000001,-6.219512195121951,54.63414634146342,48.388823529411766
4.023538386999917,-8.389282617187499,19.61270144958496,-7.937975604248046,-111.52439024390245,-31.09756097560976,-0.7317073170731708,48.38294117647059
4.038904108999759,0.679953271484375,0.8750807067871094,0.6069301208496093,-61.82926829268293,-25.792682926829272,2.5,48.36529411764706
4.054221700999733,1.4317325927734375,0.5279214660644531,-1.5825672973632812,-42.43902439024391,-20.426829268292686,3.2926829268292686,48.35941176470588
4.069636200999867,3.2740707702636715,17.806874847412107,2.070984436035156,-19.81707317073171,2.1951219512195124,-2.8658536585365857,48.35352941176471
4.084945035000146,-0.33399113159179683,-2.6719290527343746,-0.1640028137207031,52.743902439024396,11.76829268292683,-9.878048780487806,48.388823529411766
4.100238867999906,0.6440402465820312,7.926004595947266,0.7745242370605468,32.86585365853659,5.060975609756098,11.158536585365855,48.36529411764706
4.115584220000073,-1.4832079284667967,8.628702783203124,-0.6500257507324219,54.81707317073171,-5.365853658536586,-9.207317073170733,48.36529411764706
4.130895774999772,1.4018050720214843,2.9640216552734375,-1.5945383056640625,104.51219512195122,3.231707317073171,26.52439024390244,48.388823529411766
4.1462170159998095,-16.98326947631836,19.61270144958496,-9.533711010742186,-117.13414634146342,-38.90243902439025,-2.9268292682926833,48.34764705882353
4.161518331000025,-0.43454760131835934,0.8259995727539062,1.6328455322265625,-67.6829268292683,-36.21951219512196,-3.1097560975609757,48.37705882352941
4.1758123119998345,0.009576806640625,0.44412440795898434,1.4341267944335936,-30.0609756097561,-36.34146341463415,10.24390243902439,48.37117647058824
4.189555385999938,4.715380169677734,19.61270144958496,2.0745757385253905,-33.90243902439025,-14.085365853658537,10.914634146341465,48.37117647058824
4.2033249609999075,0.6093243225097655,3.5901053894042967,-0.13646949462890623,20.0,-2.3170731707317076,-13.658536585365855,48.37117647058824
4.2170546829997875,0.12449848632812499,0.3950432739257812,1.2306196533203124,46.707317073170735,-1.9512195121951221,8.109756097560977,48.36529411764706
4.230797978999817,-1.6699556579589843,9.69771382446289,0.6560112548828124,34.146341463414636,-8.292682926829269,-5.2439024390243905,48.388823529411766
4.24454131199991,0.7673416320800781,4.0222587890625,-1.1863269226074218,70.97560975609757,-1.0365853658536586,-1.4634146341463417,48.36529411764706
4.258283441999993,2.300827795410156,5.055955355834961,-2.4444798950195312,102.92682926829269,23.902439024390247,64.75609756097562,48.38294117647059
4.272080848999849,-4.310760089111328,19.61270144958496,-5.361814617919921,-87.25609756097562,-25.000000000000004,-6.890243902439025,48.37117647058824
4.285844960999839,0.0718260498046875,0.7757213378906249,0.3327940307617187,-74.45121951219512,-23.10975609756098,-4.207317073170732,48.394705882352945
4.299589774999731,0.7565677246093749,1.448492004394531,0.3938461730957031,-33.78048780487805,-20.79268292682927,2.1341463414634148,48.38294117647059
4.3133409229999415,1.2497732666015624,16.85458113708496,3.934870428466797,-3.353658536585366,-5.975609756097562,9.451219512195122,48.34764705882353
4.327088683000056,1.1611878051757811,9.503783489990234,-0.40940848388671874,-4.390243902439025,-2.1951219512195124,-10.426829268292684,48.388823529411766
4.340830812000149,0.7984662536621093,3.3207577026367185,-0.4070142822265625,37.19512195121951,-2.1951219512195124,3.780487804878049,48.36529411764706
4.354562294000061,0.3076549133300781,12.80778178100586,2.3223756103515623,48.59756097560976,-6.585365853658537,7.317073170731708,48.35352941176471
4.368388422999942,-1.2904746948242187,14.731522814941405,-1.313219610595703,33.84146341463415,-18.658536585365855,-4.75609756097561,48.37705882352941
4.3837042199997995,2.645592834472656,5.36241316833496,-5.039794494628906,90.1829268292683,9.26829268292683,61.28048780487806,48.37117647058824
4.399004293999951,-1.5215151550292967,19.511546429443356,-4.084508032226562,-94.93902439024392,-29.32926829268293,-4.085365853658537,48.36529411764706
4.4143477749998965,-0.3435679382324219,3.72178648071289,-3.1771056030273437,-87.37804878048782,-28.10975609756098,-3.5975609756097566,48.35941176470588
4.42966949699985,0.17956512451171874,-3.8690298828125,-4.538209246826171,-19.26829268292683,-26.58536585365854,6.463414634146342,48.394705882352945
4.445007126999826,2.7736826232910157,19.61270144958496,3.3327287109375,-34.024390243902445,-14.939024390243905,-4.634146341463415,48.35352941176471
4.460308126999735,0.948103857421875,1.6412252380371093,-0.7864952453613281,29.634146341463417,-10.670731707317074,-1.2195121951219514,48.38294117647059
4.474895996999749,0.5183446594238281,9.457096557617186,1.4173673828125,25.243902439024392,-12.317073170731708,4.2682926829268295,48.35941176470588
4.488640646000022,-0.3746925598144531,8.422801440429687,-0.612915625,34.93902439024391,-2.804878048780488,-5.670731707317073,48.37705882352941
4.502402349000022,-0.7326257080078125,4.454412188720703,-3.087323040771484,84.08536585365854,-10.914634146341465,64.81707317073172,48.37705882352941
4.5161443859997235,-13.205219256591796,19.61270144958496,-10.28549033203125,-89.51219512195122,-29.573170731707318,-8.841463414634147,48.36529411764706
4.529889034000007,1.9105729248046874,-0.36272155151367186,-1.9668366638183592,-69.81707317073172,-27.073170731707318,0.12195121951219513,48.36529411764706
4.543644960000165,0.7793126403808593,-0.34237083740234375,-1.1635820068359375,-51.28048780487806,-26.03658536585366,2.073170731707317,48.388823529411766
4.557382627000152,3.068169427490234,6.834248638916015,3.287238879394531,10.24390243902439,-8.109756097560977,5.487804878048781,48.37117647058824
4.571169757000007,1.274912384033203,2.6898855651855467,-2.893392706298828,9.26829268292683,1.3414634146341464,-9.817073170731708,48.37117647058824
4.58491405299992,0.8104372619628906,-1.668758557128906,-0.09696516723632811,42.6219512195122,-1.4634146341463417,-4.085365853658537,48.38294117647059
4.5986518310000974,0.16519991455078123,11.362881079101562,-0.3184288208007812,43.04878048780488,-9.634146341463415,0.9146341463414634,48.38294117647059
4.6123972750001485,-1.0366893188476562,5.810727429199218,0.4333505004882812,59.207317073170735,-25.853658536585368,-12.073170731707318,48.40058823529412
4.626128627000071,1.1432312927246093,0.5015852478027344,-2.962824554443359,93.96341463414635,-20.243902439024392,87.19512195121952,48.37705882352941
4.639891626999997,-15.004461804199218,19.61270144958496,-9.03332286376953,-90.42682926829269,-44.87804878048781,-6.036585365853659,48.36529411764706
4.653643220000049,2.7832594299316407,0.6105214233398437,-1.3347674255371094,-69.87804878048782,-35.1829268292683,3.353658536585366,48.36529411764706
4.667398423000122,0.43574470214843747,-2.3439234252929686,-0.4213794921875,-45.243902439024396,-32.86585365853659,5.975609756097562,48.38294117647059
4.682450534000054,3.210624426269531,15.823278771972655,-0.07541735229492187,-17.621951219512198,-24.451219512195124,-3.353658536585366,48.37117647058824
4.6977481640001315,0.9983820922851562,4.7572786987304685,-3.7241806823730466,12.256097560975611,6.219512195121951,-11.219512195121952,48.38294117647059
4.713039330999891,0.46686932373046874,4.015076184082031,0.6883329772949218,47.01219512195122,1.5853658536585367,-1.6463414634146343,48.35352941176471
4.72870734900016,-1.2234370483398436,17.0467158203125,-3.446453289794922,-6.158536585365854,-5.609756097560976,-10.975609756097562,48.37117647058824
4.744030607999775,-0.9181763366699218,-1.772906329345703,-2.070984436035156,94.14634146341464,-7.865853658536586,-3.4756097560975614,48.37705882352941
4.759334811999906,4.44363828125,19.61270144958496,-11.563994018554688,-2.6219512195121952,-21.34146341463415,8.048780487804878,48.37705882352941
4.7742494419999275,3.7098154724121093,7.1407064514160155,-0.06823474731445311,-70.48780487804879,-34.146341463414636,0.06097560975609757,48.37705882352941
4.787991552999756,0.076614453125,-1.6615759521484375,0.5877765075683593,-52.743902439024396,-29.87804878048781,4.085365853658537,48.37117647058824
4.801846089999799,2.905363714599609,5.446808776855469,-2.0925322509765625,-5.426829268292684,-20.426829268292686,3.2926829268292686,48.37117647058824
4.815633274999982,1.20667763671875,8.702923034667968,-2.029085906982422,-5.060975609756098,5.426829268292684,-12.195121951219512,48.37117647058824
4.829462293999768,0.28371289672851563,1.3192051147460937,0.8930372192382812,21.03658536585366,6.951219512195123,-6.219512195121951,48.37117647058824
4.843257404999804,-0.6153098266601562,9.740809454345703,0.5674257934570313,27.31707317073171,-6.341463414634147,-1.7682926829268295,48.38294117647059
4.857003663999876,-0.8068459594726562,8.980650427246093,0.001197100830078125,41.40243902439025,-2.8658536585365857,-10.914634146341465,48.36529411764706
4.8707802750000155,0.4477157104492187,-0.20470424194335937,-2.3056161987304686,92.50000000000001,-20.54878048780488,-0.5487804878048781,48.37705882352941
4.884541238000111,2.948459344482422,19.61270144958496,-12.217611071777343,-67.07317073170732,-27.743902439024392,15.30487804878049,48.35941176470588
4.898286553000162,1.6747440612792968,8.858546142578124,-0.9277531433105468,-72.5609756097561,-34.51219512195122,1.524390243902439,48.37705882352941
4.912039978999928,0.9133879333496093,-2.0159177978515626,-2.987963671875,-45.304878048780495,-43.90243902439025,6.463414634146342,48.38294117647059
4.925786145000075,5.442020373535156,18.39943975830078,2.098517755126953,-42.19512195121951,-5.670731707317073,8.414634146341465,48.38294117647059
4.939528886000062,2.711433380126953,8.719682446289061,-0.9217676391601562,-0.06097560975609757,10.426829268292684,-11.707317073170733,48.37705882352941
4.953273090000039,0.5147533569335937,-1.197100830078125,1.322796417236328,42.07317073170732,11.036585365853659,-7.073170731707318,48.394705882352945
4.9670111079999515,-0.45968671875,12.747926739501953,2.2301988464355467,0.6097560975609757,5.7926829268292686,-11.829268292682928,48.38294117647059
4.981813829999737,-0.23582886352539062,-0.20350714111328125,-2.482787121582031,70.3658536585366,0.1829268292682927,-10.365853658536587,48.37705882352941
4.997104996999951,6.151901165771484,10.290278735351562,-0.27293898925781246,105.48780487804879,17.378048780487806,109.45121951219514,48.35352941176471
5.012436700999842,-11.693280908203125,19.61270144958496,-9.819818109130859,-47.926829268292686,9.51219512195122,-16.34146341463415,48.37705882352941
