0.015443723000316822,0.017956512451171875,5.950788226318359,-1.3311761230468748,35.85365853658537,19.02439024390244,68.59756097560977,47.98882352941177
0.030947982000270713,-1.8950106140136718,14.86260535583496,-0.729034405517578,73.47560975609757,7.01219512195122,-13.29268292682927,47.98294117647059
0.04644746300027691,5.474342095947265,5.179855291748047,-3.8103719421386715,-75.48780487804879,17.378048780487806,-24.451219512195124,47.98294117647059
0.061851148000187095,5.558139154052734,8.341398583984375,2.583343591308594,-22.865853658536587,52.86585365853659,-29.146341463414636,47.98882352941177
0.07469901900003606,0.3280056274414062,7.4603323730468745,-7.262810736083984,-18.353658536585368,1.4634146341463417,-45.73170731707317,47.97705882352941
0.08627411099996607,-1.0953472595214844,-3.24294614868164,-3.404554760742187,80.97560975609757,-48.170731707317074,-65.54878048780489,47.98294117647059
0.09787929699996312,-1.005564697265625,5.214571215820312,-1.4999673400878906,64.08536585365854,-47.50000000000001,-59.51219512195122,47.98882352941177
0.1096404260001691,5.074510418701172,19.61270144958496,12.895170141601561,24.390243902439025,-25.853658536585368,47.50000000000001,47.98882352941177
0.12177072300028158,-5.140350964355468,11.777077966308592,-2.9700071594238278,-26.03658536585366,-24.695121951219516,25.731707317073173,48.006470588235295
0.13556118500036973,-0.7817068420410156,6.774393597412109,2.7425580017089843,-4.146341463414634,-20.365853658536587,44.63414634146342,48.00058823529412
0.14750329700018483,-1.1731588134765625,10.245986004638672,-8.760383874511719,-57.43902439024391,24.390243902439025,53.78048780487806,47.98294117647059
0.15917509300015809,-0.00718260498046875,16.917428930664062,5.012261175537109,22.682926829268293,16.463414634146343,37.5,47.97705882352941
0.16975870400028725,2.2385785522460937,10.231620794677733,0.6308721374511719,21.03658536585366,30.792682926829272,52.25609756097561,47.97117647058823
0.17672470400020757,0.12808978881835936,5.635950708007812,-1.3443442321777344,22.439024390243905,44.451219512195124,37.987804878048784,47.98294117647059
0.18368064800006323,-4.316745593261719,17.11614766845703,1.5382745666503905,33.170731707317074,32.743902439024396,-17.012195121951223,47.98882352941177
0.19069026000033773,-1.5083470458984374,7.830236529541015,-3.299209887695312,-83.23170731707317,21.951219512195124,-46.463414634146346,47.97705882352941
0.1976500560003842,1.5203180541992187,6.141127258300781,-4.650736724853515,-43.47560975609756,27.80487804878049,-32.5609756097561,47.98882352941177
0.20459168500019587,2.492363928222656,18.67357584838867,-8.163030560302733,-55.54878048780488,31.646341463414636,-30.121951219512198,47.994705882352946
0.21151157400026932,-5.27322915649414,19.61270144958496,-8.574833245849609,-11.219512195121952,16.585365853658537,-2.804878048780488,47.97705882352941
0.21833237100008773,-3.9169139160156248,6.458358978271484,-13.824120385742187,-63.963414634146346,-14.573170731707318,-2.1951219512195124,47.98294117647059
0.22514933399997972,-1.4425065002441406,1.1827356201171875,-3.7002386657714843,2.0121951219512195,-12.134146341463415,-4.024390243902439,47.994705882352946
0.23196735200008334,-0.6727706665039062,0.4225765930175781,-0.3890577697753906,20.121951219512198,-2.5,-8.841463414634147,47.97705882352941
0.2387848150001446,0.8906430175781249,4.4196962646484375,2.8850130004882812,21.951219512195124,0.9146341463414634,-15.426829268292684,47.98882352941177
0.24560527800031196,0.7757213378906249,7.052120989990234,1.5753846923828123,5.975609756097562,7.439024390243903,-29.02439024390244,47.98882352941177
0.252445056000397,1.9021932189941406,6.719326959228515,1.93451494140625,4.024390243902439,12.01219512195122,-69.51219512195122,48.006470588235295
0.25929314800032444,2.4205378784179685,6.946776116943359,1.4532804077148436,64.87804878048782,11.28048780487805,-81.03658536585367,48.00058823529412
0.2661215370003447,1.4867992309570313,19.61270144958496,9.010577947998046,88.59756097560977,8.292682926829269,-38.41463414634147,47.97705882352941
0.2729708890001348,-3.008314385986328,19.61270144958496,7.4782888854980465,-97.07317073170732,-21.951219512195124,24.390243902439025,47.96529411764706
0.2798684080003113,-7.736862664794922,6.265625744628906,-3.0310593017578125,-30.914634146341466,-31.158536585365855,41.15853658536586,47.97705882352941
0.28670477800005756,-1.9321207397460936,8.626308581542968,2.086546746826172,-4.878048780487806,-46.58536585365854,50.1829268292683,47.97117647058823
0.29354763000037565,-7.613561279296874,6.822277630615234,-9.739612353515625,2.073170731707317,-71.76829268292684,33.65853658536586,47.994705882352946
0.3004077040000084,-4.023455889892578,1.954865655517578,-17.523161950683594,-47.743902439024396,-81.82926829268294,23.414634146341466,47.97705882352941
0.3073944630000369,5.111620544433594,8.092401611328125,-4.240131140136718,-54.207317073170735,8.414634146341465,23.84146341463415,47.98882352941177
0.31436294500008444,3.835511059570312,-2.4061726684570313,-0.7565677246093749,42.13414634146342,26.28048780487805,42.07317073170732,47.98294117647059
0.32130353699994885,-0.6021417175292968,8.050503082275391,2.7281927917480466,68.17073170731707,32.37804878048781,64.9390243902439,47.98882352941177
0.3282462410002154,-1.5119383483886717,5.5832782714843745,0.411802685546875,40.54878048780488,28.475609756097562,71.70731707317074,47.994705882352946
0.3351737780003532,-0.3507505432128906,13.45182202758789,3.5290532470703124,57.6829268292683,28.59756097560976,77.6829268292683,47.994705882352946
0.34203785199997583,-5.437231970214843,19.61270144958496,8.382100012207031,49.81707317073171,12.01219512195122,-22.31707317073171,47.98882352941177
0.34887807400036763,7.37414111328125,18.871097485351562,-12.593500732421875,-44.207317073170735,18.475609756097562,-30.000000000000004,47.98882352941177
0.35571740800014595,2.893392706298828,8.528146313476562,0.6703764648437499,-24.878048780487806,26.402439024390247,-39.51219512195122,47.97705882352941
0.3625583150001148,1.4592659118652342,-2.749740606689453,-3.5625720703124997,-29.695121951219516,32.80487804878049,-42.6219512195122,47.959411764705884
0.3694187590003821,0.3495534423828125,3.938461730957031,-14.92665025024414,14.817073170731708,32.19512195121951,-41.34146341463415,47.97117647058823
0.37627585200016256,-3.450044592285156,19.61270144958496,-0.9181763366699218,-47.6829268292683,12.439024390243903,-33.23170731707317,47.98882352941177
0.3831165560000045,1.9847931762695312,-11.67652149658203,-12.403161700439453,5.548780487804878,-11.219512195121952,-20.79268292682927,47.98294117647059
0.38995450000038545,0.8810662109374999,5.0385973937988275,0.7003039855957031,47.6829268292683,-2.25609756097561,-17.5,47.994705882352946
0.39679118499998367,-0.679953271484375,4.680664245605469,0.8188169677734375,59.451219512195124,3.7195121951219514,-28.719512195121954,47.994705882352946
0.40362809299995206,0.6332663391113281,3.7146038757324216,1.064222637939453,73.04878048780489,9.207317073170733,-44.51219512195122,47.98882352941177
0.4104651850002483,-0.7074865905761718,16.012420703125,1.5382745666503905,36.890243902439025,9.02439024390244,-70.3658536585366,47.98882352941177
0.41730472200015356,2.6575638427734374,16.98805787963867,1.4987702392578124,-12.682926829268293,-14.817073170731708,-42.43902439024391,47.994705882352946
0.42414361100009046,-1.1097124694824219,19.61270144958496,-2.1452046874999997,-45.54878048780488,-21.158536585365855,14.634146341463415,47.994705882352946
0.43098335200011206,-3.379415643310547,12.74912384033203,-0.40581718139648437,-13.414634146341465,-20.670731707317074,45.85365853658537,47.97117647058823
0.43782207399999606,-2.000355487060547,7.849390142822265,-0.10893617553710937,-5.182926829268293,-27.31707317073171,53.78048780487806,47.98882352941177
0.44466435200001797,-0.7757213378906249,4.7022120605468745,-4.21978042602539,-12.560975609756099,-32.25609756097561,51.09756097560976,47.994705882352946
0.4515110190000087,-4.727351177978515,14.08389126586914,-1.7944541442871094,-45.79268292682927,-52.987804878048784,12.134146341463415,48.00058823529412
0.4583495000001676,4.977545251464844,1.6508020446777343,-15.06072554321289,-29.32926829268293,-45.97560975609756,4.634146341463415,48.006470588235295
0.46535681500017745,4.401739752197265,5.279214660644531,-8.834604125976561,-31.52439024390244,-2.3170731707317076,8.719512195121952,47.994705882352946
0.47221046300001035,1.0941501586914062,4.976348150634766,-0.4896142395019531,14.634146341463415,32.80487804878049,41.951219512195124,47.98882352941177
0.4790520000001379,-0.08020575561523437,4.163516687011718,1.946485949707031,22.926829268292686,34.268292682926834,46.951219512195124,47.97705882352941
0.4858900740000536,0.5602431884765625,0.2059013427734375,-0.3028665100097656,33.53658536585366,33.35365853658537,58.53658536585366,47.994705882352946
0.4927285000003394,-0.6524199523925781,5.157110375976562,1.9524714538574217,60.54878048780488,30.914634146341466,63.65853658536586,47.97705882352941
0.4995638890000009,0.852335791015625,3.745728497314453,6.227318518066406,62.19512195121952,33.35365853658537,67.13414634146342,48.006470588235295
0.5064307410002584,0.1771709228515625,19.61270144958496,12.214019769287109,25.60975609756098,25.30487804878049,-27.31707317073171,48.006470588235295
0.5132934070002193,4.092887738037109,11.449072338867186,-4.021061688232422,-43.41463414634147,3.414634146341464,-29.08536585365854,47.994705882352946
0.520158315000117,3.075352032470703,3.6355952209472653,-3.7912183288574215,-27.5609756097561,5.853658536585367,-33.59756097560976,47.994705882352946
0.5270123330001297,3.037044805908203,2.3259669128417966,-3.7995980346679685,5.365853658536586,15.121951219512196,-28.10975609756098,48.00058823529412
0.5338515370003734,4.11802685546875,18.538303454589844,0.7757213378906249,-57.743902439024396,49.207317073170735,-10.975609756097562,47.98882352941177
0.5407877220000046,-8.639476690673828,-0.18315642700195311,-15.652093353271484,-108.29268292682927,12.378048780487806,-5.548780487804878,47.98882352941177
0.5476507410003251,-1.678335363769531,0.6476315490722656,-2.826355059814453,-25.243902439024392,-0.9756097560975611,-14.756097560975611,47.98294117647059
0.5545417960001942,-2.050633721923828,4.435258575439453,3.1603461914062496,41.40243902439025,-7.073170731707318,-30.121951219512198,47.98294117647059
0.5614027780002289,0.8092401611328125,2.8203695556640622,1.484405029296875,30.54878048780488,-9.207317073170733,-45.304878048780495,47.98882352941177
0.5682978889999504,0.7529764221191406,1.9189526306152342,0.277727392578125,45.54878048780488,-4.573170731707317,-52.86585365853659,47.98882352941177
0.57515342600027,0.2741360900878906,3.7098154724121093,0.3315969299316406,56.09756097560976,-3.8414634146341466,-61.646341463414636,47.98882352941177
0.5819938890003868,2.858676782226562,19.61270144958496,8.206126190185547,77.31707317073172,-13.414634146341465,-16.28048780487805,47.98294117647059
0.5888323520002814,-3.4811692138671875,19.61270144958496,5.632359405517578,-103.78048780487806,-7.378048780487806,18.53658536585366,47.97705882352941
0.5956723700001021,-5.955576629638672,7.748833673095703,-3.9228994201660154,-43.170731707317074,-21.76829268292683,27.621951219512198,47.96529411764706
0.6025137040001027,-1.3335703247070312,1.9764134704589842,-1.0594342346191405,-1.2804878048780488,-33.78048780487805,48.170731707317074,47.98294117647059
0.6093544440000187,-0.008379705810546874,3.67749375,-4.878185882568359,15.731707317073171,-43.65853658536586,45.304878048780495,47.97117647058823
0.616200093000316,0.35673604736328124,0.37229835815429685,-0.6835445739746093,-7.743902439024391,-66.28048780487805,46.34146341463415,47.959411764705884
0.6230393890000414,11.524489691162108,5.704185455322265,-11.909956158447265,-34.451219512195124,-33.29268292682927,43.59756097560976,47.98294117647059
0.6298777220004013,4.180276098632812,15.813701965332031,-10.380061297607421,-85.73170731707317,1.524390243902439,51.707317073170735,48.006470588235295
0.6367153520000102,-1.6472107421875,7.777564093017578,2.5917232971191404,30.121951219512198,18.53658536585366,54.69512195121952,48.00058823529412
0.6435524630001055,-0.7793126403808593,4.374206433105469,-0.7948749511718749,97.8658536585366,37.987804878048784,54.51219512195122,47.98294117647059
0.6503965930000959,-0.6823474731445313,13.642161059570311,7.894879974365234,109.08536585365854,37.01219512195122,58.84146341463415,47.98294117647059
0.6572394810000333,-5.844246252441406,19.61270144958496,3.8690298828125,69.75609756097562,20.670731707317074,-30.0609756097561,47.98882352941177
0.6640765370002555,0.2693476867675781,19.61270144958496,5.755660791015624,-130.4878048780488,8.658536585365855,-31.52439024390244,47.97705882352941
0.6709144260003086,5.2816088623046875,9.041702569580078,-3.7888241271972656,-55.85365853658537,6.707317073170732,-17.012195121951223,47.97117647058823
0.6777533700001186,3.9983167724609374,8.347384088134765,-6.479906793212891,-26.646341463414636,30.975609756097565,-18.84146341463415,47.97705882352941
0.6845913150000342,4.192247106933594,14.46097802734375,3.821145849609375,-14.26829268292683,54.146341463414636,-6.7682926829268295,47.994705882352946
0.69143059299995,-10.075997686767577,8.445546356201172,-11.261127508544922,-57.31707317073171,50.97560975609756,-9.51219512195122,47.98882352941177
0.6982715560002362,-1.4449007019042968,1.5765817932128905,-11.014524737548827,-35.79268292682927,-6.2804878048780495,-10.365853658536587,48.006470588235295
0.7051100180001413,-0.709880792236328,0.3124433166503906,0.5135562561035156,14.207317073170733,-7.073170731707318,-14.207317073170733,48.012352941176474
0.7119478330000675,-0.18914193115234373,4.254496350097656,1.763329522705078,32.80487804878049,-7.317073170731708,-28.170731707317074,48.012352941176474
0.7187853700002051,0.7350199096679687,6.909665991210937,1.5155296508789062,26.82926829268293,-5.853658536585367,-37.31707317073171,48.006470588235295
0.7256222780001735,0.5961562133789062,6.214150408935547,2.592920397949219,49.024390243902445,-3.8414634146341466,-52.19512195121952,48.006470588235295
0.7324578890002158,0.5770026000976562,9.637858782958984,2.6132711120605467,49.69512195121952,0.24390243902439027,-88.17073170731707,47.98294117647059
0.7392971670001316,-0.5482721801757812,11.9518546875,5.294776971435547,37.80487804878049,-17.31707317073171,-83.10975609756099,47.97705882352941
0.7461369810002907,-0.18914193115234373,19.61270144958496,-0.7398083129882812,-34.024390243902445,-24.695121951219516,-5.0,47.98294117647059
0.7529764630003228,-3.010708587646484,3.047818713378906,-2.9735984619140625,-62.13414634146342,-14.695121951219514,55.426829268292686,47.98294117647059
0.7598140930003865,-1.8076222534179687,8.271966735839843,1.9943699829101562,11.829268292682928,-16.82926829268293,59.93902439024391,47.98882352941177
0.7666530370001965,-4.537012145996093,17.405846069335936,-1.599326708984375,-21.585365853658537,-27.378048780487806,28.04878048780488,47.97705882352941
0.7734924260003027,-4.815936639404296,11.737573638916015,-2.2744915771484373,-87.01219512195122,-57.560975609756106,5.853658536585367,47.994705882352946
0.7803318330002185,7.03536157836914,10.412383020019531,-4.438849877929687,-23.902439024390247,-16.82926829268293,-6.829268292682928,48.00058823529412
0.7871714630000497,1.0690110412597655,3.8654385803222655,-3.017891192626953,-17.439024390243905,-7.073170731707318,3.8414634146341466,47.97705882352941
0.7940076110003247,0.9337386474609375,7.4974424987792965,2.4660277099609376,17.073170731707318,-2.1951219512195124,26.951219512195124,47.96529411764706
0.8008456480001769,1.1061211669921875,1.7429788085937499,-0.7302315063476562,-8.536585365853659,1.402439024390244,42.07317073170732,47.98882352941177
0.8076817040000606,-0.3459621398925781,3.400963458251953,0.7254431030273437,19.32926829268293,13.475609756097562,52.926829268292686,47.97705882352941
0.8145187039999655,-0.4944026428222656,1.4544775085449217,-1.1719617126464843,59.085365853658544,15.914634146341465,56.28048780487806,47.98294117647059
0.8213556670002617,-0.7541735229492187,7.70573804321289,3.736151690673828,93.41463414634147,17.073170731707318,41.646341463414636,48.006470588235295
0.8282112780002535,-4.199429711914062,19.61270144958496,8.702923034667968,-37.25609756097561,0.1829268292682927,-14.634146341463415,47.98294117647059
0.8350510180002857,8.043320477294921,19.60132899169922,-9.558850128173827,-90.97560975609757,8.658536585365855,-26.09756097560976,47.98294117647059
0.8420137040002373,6.266822845458984,17.577031488037107,-6.621164691162109,-29.939024390243905,21.646341463414636,-9.085365853658537,47.96529411764706
0.8488634810000804,3.0334535034179684,8.693346228027343,-2.1930887207031247,-36.646341463414636,67.25609756097562,-5.975609756097562,47.96529411764706
0.8557075920002717,0.36750995483398435,-1.0342951171875,-0.23104046020507812,-12.317073170731708,71.46341463414635,-7.134146341463415,47.98882352941177
0.8625486670002829,-10.548852514648438,12.816161486816405,-4.7560815979003905,-2.804878048780488,16.28048780487805,-31.52439024390244,47.97117647058823
0.869388500000241,-4.206612316894531,10.945092889404297,-9.587580548095703,-75.48780487804879,-17.98780487804878,-45.304878048780495,47.98294117647059
0.881801667000218,-0.40940848388671874,7.055712292480468,2.2206220397949217,50.670731707317074,-32.01219512195122,-45.97560975609756,47.994705882352946
0.897137722000025,1.1743559143066407,2.4564509033203126,1.6065093139648436,107.7439024390244,-23.10975609756098,-54.024390243902445,47.994705882352946
0.9124487960002625,8.289923248291014,19.61270144958496,2.7916391357421872,-106.64634146341464,23.170731707317074,12.865853658536587,48.012352941176474
0.9277596290003203,-5.576095666503906,3.258508459472656,-2.6671406494140624,8.048780487804878,-23.53658536585366,22.865853658536587,47.98294117647059
0.9430686480000077,-3.4715924072265625,6.324283685302734,1.85790048828125,-70.1829268292683,-63.47560975609757,26.82926829268293,47.994705882352946
0.9583790920000865,5.289988568115234,0.010773907470703125,-6.189011291503906,41.890243902439025,30.121951219512198,59.207317073170735,47.98882352941177
0.9739003700001376,-0.39264907226562495,2.674323254394531,0.8894459167480468,68.90243902439025,41.768292682926834,70.79268292682927,48.00058823529412
0.9894066850001764,-2.905363714599609,19.61270144958496,10.224438189697265,-100.3658536585366,11.28048780487805,-35.97560975609756,47.98294117647059
1.0047188150001602,2.437297290039062,12.069170568847655,-4.319139794921875,-26.34146341463415,9.51219512195122,5.7926829268292686,47.98882352941177
1.0204224809999687,-5.552153649902343,1.1432312927246093,-7.9092451843261715,-67.31707317073172,-3.7195121951219514,0.3658536585365854,47.98294117647059
1.0360653520001506,-0.2346317626953125,2.7629087158203123,3.997119671630859,33.47560975609756,0.1829268292682927,-33.84146341463415,48.00058823529412
1.0513576480002484,1.2593500732421874,6.80551821899414,-0.4381389038085937,60.304878048780495,-12.256097560975611,-80.60975609756099,48.00058823529412
1.0665805739999996,1.8842367065429686,19.61270144958496,13.038822241210937,70.48780487804879,-30.243902439024392,26.52439024390244,47.97705882352941
1.0818131660003019,-4.759672900390624,11.569979522705077,-3.9516298400878904,35.487804878048784,-29.08536585365854,45.54878048780488,47.96529411764706
1.0971037220001563,6.458358978271484,-7.201758593749999,-12.834117999267578,-37.19512195121951,2.3170731707317076,-6.7682926829268295,47.97705882352941
1.1123593330003132,0.11013327636718749,3.104082452392578,1.5634136840820312,52.50000000000001,-7.743902439024391,19.81707317073171,48.006470588235295
1.1276192220002486,3.5494039611816404,-5.002684368896484,-7.918821990966796,26.09756097560976,22.865853658536587,70.91463414634147,48.012352941176474
1.1429888890002076,0.8367734802246093,19.61270144958496,7.733271362304687,46.40243902439025,46.34146341463415,6.036585365853659,48.012352941176474
1.1590102400000433,5.756857891845703,15.728707806396484,-1.7465701110839842,-8.414634146341465,30.182926829268297,-30.365853658536587,48.006470588235295
1.1746066480000081,-8.734047656249999,10.206481677246094,-13.078326568603515,-51.34146341463415,7.743902439024391,-19.512195121951223,47.994705882352946
1.1885766290001811,-1.0366893188476562,0.8487444885253905,-0.47165772705078124,39.451219512195124,-24.512195121951223,-34.32926829268293,48.012352941176474
1.202386295999986,1.599326708984375,5.137956762695312,2.3127988037109373,62.07317073170732,-15.243902439024392,-55.1219512195122,48.006470588235295
1.2161238700000467,3.515885137939453,19.61270144958496,4.7189714721679685,40.36585365853659,10.609756097560977,4.573170731707317,48.006470588235295
1.229839629000253,-5.091269830322266,8.143876947021484,-3.864241479492187,-23.475609756097562,-25.0609756097561,33.78048780487805,47.994705882352946
1.243550463000247,-0.7254431030273437,5.335478399658203,1.6747440612792968,-2.6219512195121952,-31.34146341463415,45.91463414634147,47.994705882352946
1.257309092000014,9.083601098632812,12.697648504638671,-2.5043349365234375,-72.98780487804879,-1.1585365853658538,45.304878048780495,47.98882352941177
1.2710209440001563,-0.7386112121582031,1.668758557128906,-1.1516109985351561,61.89024390243903,35.54878048780488,38.29268292682927,48.012352941176474
1.285914221999974,-0.09935936889648436,6.836642840576172,-0.2753331909179687,54.57317073170732,27.012195121951223,45.0609756097561,48.012352941176474
1.3011905000003026,-2.2014684265136717,19.56900726928711,-15.546748480224608,-116.46341463414635,2.5,-8.353658536585366,47.98882352941177
1.3165008510000007,1.543062969970703,3.845087866210937,-4.248510845947266,0.06097560975609757,55.85365853658537,-11.28048780487805,48.00058823529412
1.3318112590000055,-1.4245499877929686,9.23802710571289,-5.6012347839355465,-53.59756097560976,9.329268292682928,-38.47560975609756,47.994705882352946
1.3471204070001477,-1.6831237670898436,4.595670086669921,0.7254431030273437,68.41463414634147,-30.975609756097565,-49.75609756097561,47.994705882352946
1.3624231850003525,0.08140285644531249,6.5948284729003905,2.6803087585449217,66.15853658536587,-25.792682926829272,-62.865853658536594,48.00058823529412
1.3777365180003471,-0.1927332336425781,12.508506573486327,-6.036979486083984,-48.65853658536586,21.28048780487805,18.902439024390244,48.00058823529412
1.3930302220001067,-3.845087866210937,0.7050923889160156,0.3028665100097656,-8.292682926829269,-27.25609756097561,29.32926829268293,47.98882352941177
1.408330795999973,-0.1592144104003906,4.598064288330078,-5.450400079345703,-3.1707317073170733,-51.21951219512196,35.54878048780488,48.00058823529412
1.4236390370001573,4.5884874816894525,6.149506964111327,-8.128314636230469,3.536585365853659,22.5609756097561,65.54878048780489,47.98882352941177
1.438942703000066,-0.7398083129882812,0.04548983154296875,1.5358803649902344,103.78048780487806,46.58536585365854,45.426829268292686,48.006470588235295
1.4542562589999761,3.4811692138671875,19.61270144958496,7.5537062377929685,-118.29268292682927,52.6829268292683,-39.93902439024391,47.994705882352946
1.4695922030000474,2.1248539733886718,11.014524737548827,0.7445967163085937,-35.30487804878049,51.28048780487806,-25.182926829268293,48.00058823529412
1.4849437960001524,-4.990713360595703,-1.0905588562011719,-4.182670300292968,-13.29268292682927,-54.32926829268293,-53.78048780487806,47.994705882352946
1.5002421850003884,1.4305354919433593,6.07768091430664,0.5793968017578125,25.670731707317074,-43.170731707317074,-60.487804878048784,47.994705882352946
1.5156817400002183,2.2445640563964844,19.021932189941406,7.662642413330078,41.28048780487805,-33.29268292682927,22.500000000000004,47.994705882352946
1.5309703699999773,-2.855085479736328,2.4061726684570313,-12.028469140624999,-25.426829268292686,-22.073170731707318,24.32926829268293,47.994705882352946
1.5462944620003327,4.351461517333984,8.441955053710936,-7.5333555236816405,-73.53658536585367,46.09756097560976,43.23170731707317,48.012352941176474
1.5622489440002028,-0.38666356811523434,3.370437387084961,0.9109937316894531,48.04878048780488,20.426829268292686,3.414634146341464,47.994705882352946
1.5786504810002953,-2.442085693359375,11.366472381591796,-1.7621324218749999,-13.475609756097562,-27.439024390243905,13.902439024390246,47.98882352941177
1.5946624810003414,2.299630694580078,5.849034655761718,-2.1883003173828124,38.10975609756098,-3.2926829268292686,53.90243902439025,48.018235294117645
1.60993283300013,0.7769184387207031,-11.687295404052733,2.980781066894531,103.65853658536587,8.536585365853659,45.85365853658537,47.98882352941177
1.625189999000213,5.367800122070312,19.61270144958496,-9.156624249267578,-129.20731707317074,16.646341463414636,-20.182926829268293,48.02411764705882
1.6407691660001547,0.7960720520019531,0.8200140686035156,-0.4285620971679687,28.780487804878053,34.93902439024391,-44.57317073170732,47.994705882352946
1.6560512770001878,-0.33399113159179683,1.4065934753417968,-2.7078420776367187,46.707317073170735,37.80487804878049,-58.78048780487806,48.00058823529412
1.6712754440000026,0.9971849914550781,8.840589630126953,-0.38307226562499996,-27.31707317073171,26.402439024390247,-84.26829268292684,47.98882352941177
1.6865193140001793,-3.9228994201660154,17.93376753540039,-4.592078784179687,-61.707317073170735,-0.9146341463414634,13.841463414634148,48.02411764705882
1.701812796000013,-0.978031378173828,6.215347509765625,2.3594857360839843,-3.658536585365854,-16.03658536585366,45.36585365853659,48.00058823529412
1.717238259000169,-1.1073182678222655,3.104082452392578,-1.3251906188964844,25.365853658536587,-7.378048780487806,39.69512195121951,48.02411764705882
1.7325032400003693,-4.727351177978515,10.959458099365234,-11.358092675781249,-33.78048780487805,-49.93902439024391,-6.402439024390245,48.00058823529412
1.7477626849999979,-0.7386112121582031,2.906560815429687,0.699106884765625,27.195121951219516,-64.57317073170732,5.7926829268292686,47.994705882352946
1.7630141849999745,6.932410906982422,1.0187328063964842,0.9900023864746094,-20.853658536585368,6.219512195121951,50.97560975609756,47.98882352941177
1.7782926290001342,0.4429273071289062,10.046070166015625,4.370615130615234,90.0609756097561,29.146341463414636,44.024390243902445,48.006470588235295
1.7936645920003684,1.8830396057128904,0.2825157958984375,-10.55962642211914,12.74390243902439,36.03658536585366,-43.65853658536586,47.98294117647059
1.8094623880001564,0.6907271789550781,-0.46806642456054687,0.8259995727539062,51.585365853658544,35.670731707317074,-62.01219512195122,48.00058823529412
1.8258172400001058,-4.310760089111328,6.354211206054687,2.366668341064453,12.073170731707318,-29.451219512195124,-77.01219512195122,48.006470588235295
1.842172796000341,-0.7350199096679687,12.343306658935546,-0.37708676147460934,-24.695121951219516,-5.3048780487804885,43.963414634146346,48.006470588235295
1.8585709990002215,-5.321113189697265,4.993107562255859,-0.8643067993164062,-33.170731707317074,-27.378048780487806,22.31707317073171,48.03588235294118
1.873852573000022,-0.9876081848144531,7.503428002929687,1.9536685546875,2.0121951219512195,-22.073170731707318,30.914634146341466,48.00058823529412
1.8882130730003155,5.533000036621093,19.61270144958496,-13.877989923095702,-61.82926829268293,4.085365853658537,-2.7439024390243905,47.98882352941177
1.9019774620001044,-1.4125789794921875,-4.740519287109374,-4.303577484130859,45.79268292682927,-22.378048780487806,-15.609756097560977,48.006470588235295
1.9157089990003442,1.0007762939453124,4.092887738037109,-1.1420341918945311,34.87804878048781,-26.158536585365855,-11.341463414634147,48.006470588235295
1.9294650730003013,-1.9788076721191405,16.371550952148436,7.116764434814453,5.975609756097562,-38.47560975609756,78.78048780487805,48.012352941176474
1.943218870000237,4.875791680908203,11.9518546875,-3.9228994201660154,26.89024390243903,12.439024390243903,74.93902439024392,47.994705882352946
1.9569858700001532,-4.680664245605469,9.196128576660156,0.7074865905761718,-30.60975609756098,45.487804878048784,-34.32926829268293,48.03588235294118
1.9707100550003815,2.013523596191406,4.080916729736328,3.5529952636718747,36.951219512195124,44.57317073170732,-62.31707317073171,48.018235294117645
1.9851313140002276,0.8966285217285156,2.941276739501953,0.5422866760253906,-9.51219512195122,53.59756097560976,-72.07317073170732,48.012352941176474
2.0004363699999885,2.7078420776367187,6.924031201171875,7.908048083496094,61.09756097560976,48.59756097560976,-21.34146341463415,47.98882352941177
2.015748498999983,-13.442245220947266,10.219649786376953,-6.672640026855468,-51.03658536585366,-64.14634146341464,18.597560975609756,48.006470588235295
2.031051777000357,-0.16639701538085935,5.015852478027344,2.3499089294433593,10.914634146341465,-75.42682926829269,32.01219512195122,48.006470588235295
2.0463632210003198,-0.5614402893066406,4.167107989501953,4.970362646484375,15.487804878048783,-72.01219512195122,70.91463414634147,47.994705882352946
2.061702740000328,2.6946739685058594,13.56674370727539,0.7146691955566405,-10.121951219512196,41.463414634146346,5.914634146341464,48.03588235294118
2.0770456290001675,0.5865794067382812,0.34835634155273437,1.707065783691406,52.31707317073171,25.670731707317074,18.963414634146343,48.018235294117645
2.0923493510003937,0.6667851623535156,14.676456176757812,0.2346317626953125,27.926829268292686,7.500000000000001,22.865853658536587,47.98882352941177
2.1076640549999865,1.9045874206542968,4.546588952636719,-14.867992309570312,-17.439024390243905,10.426829268292684,-5.975609756097562,47.994705882352946
2.1229684070003714,0.8690952026367187,3.2357635437011716,2.549824768066406,-0.30487804878048785,34.81707317073171,-20.426829268292686,48.012352941176474
2.138375814000028,0.17956512451171874,0.9325415466308593,-0.6452373474121094,-2.987804878048781,40.426829268292686,-48.59756097560976,48.006470588235295
2.154645350999999,2.1990742248535153,6.7037646484375,-5.737704278564453,62.560975609756106,-4.390243902439025,-94.75609756097562,48.02411764705882
2.1709364620000997,0.3651157531738281,19.61270144958496,-5.5820811706542965,-79.57317073170732,-42.987804878048784,58.65853658536586,48.018235294117645
2.1848889060001966,-1.7405846069335937,7.094019519042968,4.188655804443359,33.41463414634146,-40.73170731707317,54.207317073170735,48.012352941176474
2.1974208880001243,-2.4660277099609376,16.438588598632812,3.095702746582031,-88.78048780487805,-35.487804878048784,10.487804878048781,47.994705882352946
2.210104147000038,0.1292868896484375,19.46126819458008,-12.355277667236328,-54.57317073170732,0.9756097560975611,10.426829268292684,47.994705882352946
2.22275790599997,0.7422025146484375,0.3758896606445312,0.8020575561523438,34.51219512195122,2.682926829268293,27.012195121951223,48.006470588235295
2.2354461840000113,0.32920272827148434,0.9660603698730468,-0.7254431030273437,55.73170731707317,-5.975609756097562,44.32926829268293,48.006470588235295
2.2481227210000725,-1.1982979309082031,13.065158459472656,5.500678314208984,-0.3658536585365854,-18.231707317073173,14.939024390243905,47.98882352941177
2.260785554999984,-2.195482922363281,15.905878729248046,-2.1811177124023438,-53.17073170731708,-28.231707317073173,-25.731707317073173,48.012352941176474
2.2736536100001103,6.611587884521484,10.384849700927735,-5.1140147460937495,-54.207317073170735,35.79268292682927,0.6097560975609757,48.006470588235295
2.2848142030002236,0.9564835632324218,0.3016694091796875,-2.067393133544922,-23.963414634146343,47.13414634146342,4.146341463414634,48.012352941176474
2.2953073140001834,0.5674257934570313,5.310339282226562,0.9409212524414062,8.719512195121952,48.04878048780488,-23.658536585365855,48.012352941176474
2.3057984990000477,2.117671368408203,4.364629626464843,-1.7812860351562498,23.963414634146343,47.804878048780495,-64.9390243902439,47.994705882352946
2.3162876100000176,2.031480108642578,5.931634613037109,-0.4752490295410156,61.82926829268293,38.35365853658537,-88.59756097560977,47.994705882352946
2.326780461999988,-2.1547814941406247,18.04390081176758,0.8846575134277344,18.597560975609756,-47.37804878048781,-80.54878048780489,48.018235294117645
2.337267666000116,-1.4939818359375,19.61270144958496,0.17477672119140625,-42.07317073170732,-34.451219512195124,51.585365853658544,48.012352941176474
2.347756147000382,-2.558204473876953,2.9759926635742184,4.068945721435546,59.32926829268293,-30.487804878048784,86.70731707317074,48.006470588235295
2.3582826470001237,-4.234145635986328,19.61270144958496,-9.929951385498047,-45.0609756097561,-45.73170731707317,3.9024390243902443,48.03
2.368778573000327,0.016759411621093748,3.342305517578125,-9.434351641845703,-63.59756097560976,-7.500000000000001,13.414634146341465,48.018235294117645
2.3799146660003316,2.416946575927734,-1.1468225952148436,-4.260481854248047,15.731707317073171,19.695121951219512,38.963414634146346,48.006470588235295
2.395197314000143,0.5662286926269531,3.056198419189453,1.714248388671875,43.35365853658537,19.512195121951223,51.21951219512196,48.00058823529412
2.410759092000262,-4.198232611083984,19.61270144958496,13.877989923095702,5.121951219512195,-17.98780487804878,-20.365853658536587,48.006470588235295
2.4260358320002524,2.483984222412109,16.648081243896485,-3.333925811767578,-33.65853658536586,-1.4634146341463417,-35.487804878048784,48.018235294117645
2.441284703000292,2.0638018310546875,8.973467822265624,0.24061726684570311,-44.81707317073171,53.17073170731708,-13.841463414634148,48.012352941176474
2.456525091000003,0.5590460876464843,2.4205378784179685,-0.21068974609375,-0.1829268292682927,45.73170731707317,-47.37804878048781,48.00058823529412
2.4719115360003343,-5.661089825439452,17.287333087158203,-6.649895111083984,-3.9024390243902443,-48.170731707317074,-90.91463414634147,47.994705882352946
2.4872955539999566,2.176329309082031,19.61270144958496,9.855731134033203,48.29268292682927,-62.07317073170732,67.5609756097561,48.018235294117645
2.5025775910003176,-6.527790826416015,12.85806001586914,2.8706477905273435,33.71951219512196,-43.53658536585366,37.987804878048784,47.994705882352946
2.5179713689999517,10.59793364868164,-3.1950621154785153,-11.348515869140625,2.9268292682926833,32.80487804878049,4.329268292682928,48.018235294117645
2.533323517000099,1.235408056640625,-0.42975919799804685,-1.801636749267578,18.597560975609756,11.219512195121952,34.08536585365854,48.006470588235295
2.548599017000015,0.13407529296874998,0.047884033203124995,-0.2501940734863281,58.41463414634147,12.621951219512196,60.487804878048784,48.012352941176474
2.5638569620000453,-1.0211270080566406,19.61270144958496,4.335899206542969,-112.7439024390244,3.231707317073171,-5.365853658536586,48.03588235294118
2.5791337949999615,3.266888165283203,7.809885815429687,-0.7326257080078125,12.01219512195122,24.573170731707318,-42.43902439024391,48.03
2.5943840730001284,0.0143652099609375,-0.7876923461914062,1.2593500732421874,8.963414634146343,33.29268292682927,-59.451219512195124,48.04176470588236
2.609635184000126,2.2194249389648437,19.61270144958496,4.608838195800781,-51.524390243902445,30.121951219512198,-9.695121951219512,48.00058823529412
2.624887553999997,-2.1344307800292968,3.3303345092773435,-7.26520493774414,62.50000000000001,-35.97560975609756,-30.121951219512198,48.00058823529412
2.640136943000016,-0.08259995727539061,0.4704606262207031,1.5646107849121094,74.57317073170732,-33.04878048780488,-26.09756097560976,48.02411764705882
2.6553896280001936,-2.481590020751953,19.61270144958496,14.227543365478514,-161.70731707317074,-45.54878048780488,21.097560975609756,47.98294117647059
2.6706112400001984,0.8559270935058593,5.741295581054687,-3.4668040039062498,-7.560975609756098,-30.426829268292686,36.646341463414636,48.02411764705882
2.6858148880000954,7.05451519165039,10.900800158691405,-1.5574281799316405,-64.69512195121952,55.91463414634147,64.02439024390245,48.018235294117645
2.7010738690000835,-0.4848258361816406,-2.450465399169922,7.473500482177734,104.26829268292684,50.304878048780495,70.48780487804879,48.02411764705882
2.716336073000093,-3.1316157714843746,19.61270144958496,-8.233659509277343,-86.64634146341464,21.52439024390244,-24.573170731707318,48.00058823529412
2.7315800540000055,2.2170307373046874,5.983109948730468,-3.3578678283691406,-22.012195121951223,47.743902439024396,-10.121951219512196,48.006470588235295
2.7468295540002146,-6.517016918945312,12.196063256835936,-4.897339495849609,-70.97560975609757,-42.07317073170732,-45.36585365853659,48.018235294117645
2.762084091000361,1.4305354919433593,6.894702230834961,-7.072471704101562,20.79268292682927,5.7926829268292686,0.9756097560975611,48.006470588235295
2.7773083320003025,0.5470750793457031,5.7077767578125,-3.8845921936035155,4.207317073170732,6.036585365853659,-21.951219512195124,48.00058823529412
2.79255423900031,0.8020575561523438,0.7733271362304687,0.8607154968261719,45.304878048780495,-15.975609756097562,-43.23170731707317,48.006470588235295
2.807800165000117,0.7625532287597656,11.565191119384766,2.9460651428222655,58.71951219512196,-15.182926829268293,-26.402439024390247,48.018235294117645
2.8230498689999877,-8.951920007324219,12.309787835693358,-9.67856021118164,-31.707317073170735,-35.0609756097561,20.0609756097561,48.02411764705882
2.838328887999978,-0.9217676391601562,5.305550878906249,2.7724855224609373,-16.70731707317073,-63.04878048780488,18.658536585365855,48.012352941176474
2.8536310360000243,7.593210565185546,-0.20231004028320312,-4.110844250488281,-34.63414634146342,18.170731707317074,40.97560975609756,48.006470588235295
2.8688629430002948,0.28490999755859375,7.794323504638672,2.8754361938476563,64.51219512195122,30.121951219512198,78.84146341463415,48.006470588235295
2.884096036000301,-4.089296435546875,19.61270144958496,-0.17956512451171874,-68.41463414634147,18.902439024390244,-34.451219512195124,48.03
2.899332869000318,1.8734627990722654,0.15562310791015624,-3.0214824951171875,11.341463414634147,35.91463414634147,-37.43902439024391,48.012352941176474
2.9145805729999665,0.2549824768066406,1.7932570434570312,-0.033518823242187495,5.182926829268293,38.04878048780488,-39.51219512195122,47.98882352941177
2.9298336650003876,-1.024718310546875,6.720524060058593,-13.503297363281249,-40.0609756097561,-5.487804878048781,10.975609756097562,48.00058823529412
2.945072610000352,0.33518823242187495,3.5482068603515624,0.8906430175781249,62.43902439024391,25.48780487804878,-10.30487804878049,48.006470588235295
2.9603212950000852,-0.001197100830078125,1.7010802795410156,-2.9975404785156248,45.304878048780495,38.65853658536586,-54.75609756097561,48.018235294117645
2.9755698500002836,0.5051765502929687,5.917269403076172,-3.296815686035156,41.28048780487805,14.26829268292683,-9.390243902439025,47.98882352941177
2.9908428319999985,-2.4875755249023435,0.7146691955566405,1.035492218017578,8.292682926829269,-33.84146341463415,47.50000000000001,48.02411764705882
3.0060824990000583,1.025915411376953,2.93050283203125,1.350329736328125,0.24390243902439027,-57.19512195121952,66.03658536585367,48.00058823529412
3.0213252950002243,0.3184288208007812,1.2761094848632812,0.44532150878906246,4.390243902439025,-56.89024390243903,80.54878048780489,48.018235294117645
3.0365779430003386,2.8993782104492185,19.61270144958496,-1.2497732666015624,-34.93902439024391,37.5609756097561,-12.987804878048781,47.994705882352946
3.0518279060001987,1.5753846923828123,5.465962390136719,3.7792473205566406,35.609756097560975,43.23170731707317,-54.69512195121952,48.00058823529412
3.0670421840000017,0.3591302490234375,0.07900865478515624,-0.16998831787109375,-2.25609756097561,48.35365853658537,-43.04878048780488,48.006470588235295
3.082244054000057,0.9576806640625,19.47204210205078,-9.240421307373046,-79.32926829268294,19.512195121951223,0.9146341463414634,48.00058823529412
3.097485684000276,-1.4030021728515625,-0.6141127258300781,-6.412869146728515,-11.402439024390246,-13.414634146341465,-11.890243902439025,48.02411764705882
3.1127365540000937,0.31483751831054685,-2.6683377502441403,-2.663549346923828,34.75609756097561,-14.207317073170733,-15.609756097560977,48.02411764705882
3.127981961000387,0.9636661682128905,5.204994409179688,3.1675287963867187,49.63414634146342,-10.060975609756099,-21.707317073170735,48.012352941176474
3.143221702000119,1.7968483459472655,19.61270144958496,-6.276399652099609,-112.31707317073172,9.451219512195122,2.5,48.03
3.158461869000348,-0.4429273071289062,0.6763619689941406,-1.5837643981933593,19.390243902439025,-2.987804878048781,36.463414634146346,48.03
3.173706738999954,1.35990654296875,-3.6176387084960937,-2.663549346923828,64.81707317073172,-5.365853658536586,40.73170731707317,48.04764705882353
3.1889496470002996,0.3938461730957031,9.545682019042967,3.6559459350585937,-1.9512195121951221,-17.804878048780488,76.82926829268294,48.012352941176474
3.2042413130002387,-4.033032696533203,12.83890640258789,-19.6133,-47.804878048780495,-16.402439024390244,-7.378048780487806,48.02411764705882
3.2195136100003765,1.0342951171875,-2.136824981689453,-2.3822306518554686,32.86585365853659,49.39024390243903,-22.743902439024392,48.03
3.2347425729999486,1.5191209533691405,-0.9361328491210937,-2.479195819091797,25.54878048780488,54.51219512195122,-47.50000000000001,48.018235294117645
3.2509599800000615,-8.14028564453125,10.649408984374999,-4.350264416503906,-43.29268292682927,9.878048780487806,-54.146341463414636,48.03
3.266188906000025,0.6919242797851562,14.016853619384765,3.287238879394531,51.82926829268293,-52.01219512195122,-9.573170731707318,48.04176470588236
3.281641258000036,0.6428431457519531,4.912901806640625,2.8311434631347656,64.87804878048782,-35.609756097560975,40.1219512195122,48.02411764705882
3.297257498000363,-2.8048072448730466,-0.7254431030273437,-7.138312249755859,-32.31707317073171,-53.47560975609757,13.963414634146343,48.006470588235295
3.31292301700023,6.730100866699218,11.85488952026367,-2.062604730224609,-74.69512195121952,34.63414634146342,46.707317073170735,48.006470588235295
3.3284616840001036,0.19991583862304688,1.8088193542480469,2.602497204589844,46.768292682926834,38.963414634146346,55.304878048780495,48.018235294117645
3.3437554060001276,0.051475335693359374,18.503587530517578,5.3761798278808595,34.81707317073171,27.743902439024392,39.32926829268293,48.02411764705882
3.359024906000286,0.09337386474609374,10.327388861083984,-1.177947216796875,-12.256097560975611,-7.987804878048781,-35.97560975609756,48.02411764705882
3.374282387000221,3.8474820678710935,9.676166009521484,4.459200592041015,-66.15853658536587,36.58536585365854,-21.890243902439025,48.04764705882353
3.3879184800002804,-6.0142345703124995,19.61270144958496,-0.4525041137695312,-72.5,4.817073170731708,-5.609756097560976,48.02411764705882
3.3993308130002333,1.5789759948730469,8.621520178222656,-1.351526837158203,26.646341463414636,21.707317073170735,-20.975609756097562,48.03
3.410751313000219,-1.4257470886230468,1.915361328125,1.159990704345703,49.63414634146342,-2.6219512195121952,-39.207317073170735,48.03588235294118
3.4223319800003082,0.26336218261718747,1.936909143066406,-0.3507505432128906,49.69512195121952,0.853658536585366,-55.1829268292683,48.018235294117645
3.434165387000121,2.8095956481933593,10.186130963134765,7.805097412109374,40.670731707317074,1.3414634146341464,13.902439024390246,48.012352941176474
3.445614776000184,-5.294776971435547,19.093758239746094,-4.256890551757812,-44.024390243902445,-14.390243902439027,31.34146341463415,48.02411764705882
3.4570438690002447,-4.284423870849609,6.0704983093261715,-6.32667788696289,-55.00000000000001,-63.59756097560976,6.829268292682928,48.03
3.4684705910003686,-0.37828386230468747,3.6918589599609373,2.0542250244140625,-6.707317073170732,-61.463414634146346,13.841463414634148,48.03
3.4799148870001773,-0.1352723937988281,6.0154316711425775,-5.96275923461914,6.402439024390245,-0.9146341463414634,49.32926829268293,48.018235294117645
3.4944634430003134,1.7956512451171873,-4.571728070068359,-4.6267947082519525,50.1219512195122,41.82926829268293,86.34146341463415,48.04764705882353
3.50981549800008,-2.3247698120117186,19.61270144958496,6.7085530517578125,15.731707317073171,50.36585365853659,-38.23170731707317,48.03588235294118
3.525126406000254,4.220977526855468,12.313379138183594,-1.8124106567382812,-5.060975609756098,28.353658536585368,-30.792682926829272,48.03588235294118
3.540453738999986,-4.655525128173828,1.2773065856933592,-9.815029705810547,10.975609756097562,-7.073170731707318,-26.82926829268293,48.018235294117645
3.555765165000139,1.2617442749023438,-3.7924154296875,-7.425616448974609,-4.573170731707317,-11.76829268292683,-3.048780487804878,48.03588235294118
3.5710654800000157,0.020350714111328123,0.3902548706054687,1.3000515014648437,48.71951219512196,17.31707317073171,-9.329268292682928,48.00058823529412
3.586413257000004,-1.1240776794433593,15.665261462402343,-5.746083984375,-7.439024390243903,3.1707317073170733,-98.04878048780489,48.006470588235295
3.6017197569999553,1.6232687255859375,17.610550311279297,8.620323077392577,44.390243902439025,-61.82926829268293,42.31707317073171,47.98882352941177
3.617029702000309,-3.8391023620605464,0.7517793212890624,-2.136824981689453,19.81707317073171,-85.2439024390244,84.39024390243902,48.00058823529412
3.6323355170002287,-1.0726023437499999,15.163676214599608,-10.269928021240235,-34.390243902439025,19.75609756097561,33.170731707317074,48.03
3.647599480000281,1.6615759521484375,4.2317514343261715,2.3965958618164063,57.25609756097561,46.15853658536586,54.51219512195122,48.03
3.662898239000242,-1.8064251525878905,19.61270144958496,1.159990704345703,18.475609756097562,39.207317073170735,-19.146341463414636,48.012352941176474
3.678196998000203,2.251746661376953,15.259444281005859,-0.6607996582031249,-35.30487804878049,23.170731707317074,-22.378048780487806,48.02411764705882
3.693519350000315,1.2150573425292968,0.928950244140625,-2.7569232116699216,-7.560975609756098,24.81707317073171,-20.670731707317074,48.03
3.7088186830001177,-4.983530755615234,-1.792059942626953,-4.282029669189453,34.207317073170735,-51.646341463414636,-33.47560975609756,48.03
3.7242532570003277,5.318718988037109,1.8315642700195311,-8.24802471923828,-0.5487804878048781,36.15853658536586,30.54878048780488,48.02411764705882
3.739619683000001,-1.7453730102539062,9.776722479248047,-6.604405279541015,-14.756097560975611,21.76829268292683,-33.71951219512196,48.02411764705882
3.7549213500001315,2.1583727966308595,0.9241618408203125,-0.6955155822753906,54.75609756097561,-3.4756097560975614,-33.170731707317074,48.018235294117645
3.7702242940004,-0.017956512451171875,4.797980126953124,2.5354595581054684,105.00000000000001,-6.7682926829268295,5.975609756097562,48.006470588235295
3.7855297940000128,-1.5275006591796874,2.370259643554687,-8.883685260009765,-3.048780487804878,-7.8048780487804885,58.04878048780488,48.018235294117645
3.800881887000287,-0.2765302917480469,2.693476867675781,1.438915197753906,15.670731707317074,-0.1829268292682927,74.87804878048782,48.04176470588236
3.8162087390001034,-1.0319009155273438,9.552864624023437,11.374852087402344,29.81707317073171,-11.52439024390244,-5.0,48.012352941176474
3.831506943000022,3.9372646301269527,7.1778165771484375,-9.04050546875,-13.109756097560977,46.768292682926834,-11.463414634146343,48.03
3.846804961000089,0.852335791015625,-0.6165069274902344,-0.7697358337402344,-16.52439024390244,43.10975609756098,-20.0,48.018235294117645
3.8621099430001777,-5.3570262145996095,0.08499415893554688,-5.060145208740234,-24.81707317073171,-47.13414634146342,-48.53658536585366,48.02411764705882
3.877412239000023,10.716446630859375,19.61270144958496,1.3754688537597655,-30.0609756097561,18.53658536585366,17.5609756097561,48.03588235294118
3.892748664999999,-0.6392518432617187,10.644620581054687,-6.0537388977050774,-5.548780487804878,7.865853658536586,-21.52439024390244,48.03
3.90805021999995,-0.08379705810546874,-2.499546533203125,-1.3024457031249999,43.41463414634147,-16.76829268292683,-34.024390243902445,48.018235294117645
3.9233577570003035,0.13168109130859373,-4.091690637207031,-2.024297503662109,119.69512195121952,-17.195121951219512,-20.60975609756098,48.018235294117645
3.9386343680002938,-4.576516473388671,10.893617553710937,-4.466383197021484,-34.51219512195122,-25.182926829268293,25.121951219512198,48.018235294117645
3.9539447760002986,0.9947907897949219,-1.811213555908203,-2.70065947265625,26.707317073170735,-28.04878048780488,44.268292682926834,48.03588235294118
3.9692516090003664,10.353725079345702,0.9133879333496093,-5.3019595764160155,-20.48780487804878,54.207317073170735,65.60975609756098,48.02411764705882
3.984555609000381,-3.343502618408203,19.61270144958496,7.5465236328125,-69.75609756097562,28.84146341463415,-29.02439024390244,48.03
3.9998470909999924,3.208230224609375,8.947131604003905,-6.573280657958984,-10.792682926829269,34.024390243902445,-18.353658536585368,48.02411764705882
4.015140757000154,-6.5397618347167965,14.049175341796873,-1.820790362548828,-78.53658536585367,-29.08536585365854,-42.926829268292686,48.03588235294118
4.030434367999987,-0.16519991455078123,11.295843432617186,4.766855505371093,18.719512195121954,-42.01219512195122,38.10975609756098,48.03
4.0457198870003594,0.00239420166015625,0.8547299926757812,-2.023100402832031,28.475609756097562,47.13414634146342,4.085365853658537,48.03588235294118
4.0610206280002785,-6.111199737548827,8.117540728759765,-5.936423016357422,-14.695121951219514,6.646341463414635,-39.146341463414636,48.05352941176471
4.078672868000012,1.071405242919922,4.520252734375,1.5263035583496092,51.89024390243903,-19.878048780487806,-29.573170731707318,48.012352941176474
4.094021813000381,1.571793389892578,19.61270144958496,13.717578411865233,-49.57317073170732,-18.29268292682927,78.59756097560977,47.994705882352946
4.109323591000248,-4.617217901611328,11.982979309082031,-2.118868469238281,-8.292682926829269,-6.52439024390244,34.81707317073171,48.02411764705882
4.124610257000313,0.00718260498046875,4.056974713134766,1.209071838378906,6.951219512195123,9.756097560975611,12.317073170731708,48.04176470588236
4.140113313000256,1.370680450439453,-1.332373223876953,-7.025784771728516,-16.82926829268293,39.451219512195124,-15.79268292682927,48.012352941176474
4.155521757000315,-5.724536169433593,16.58104359741211,-2.3211785095214843,-49.75609756097561,-5.121951219512195,-34.57317073170732,48.02411764705882
4.170810905000053,2.059013427734375,6.700173345947265,-3.199850518798828,-4.695121951219512,-27.012195121951223,-6.097560975609756,48.04176470588236
4.186068256999988,-0.3962403747558593,8.798691101074219,4.21978042602539,19.451219512195124,-7.621951219512196,-7.195121951219513,48.03588235294118
4.201354979000371,3.1783027038574216,19.61270144958496,-15.721525201416014,-80.60975609756099,24.695121951219516,6.219512195121951,48.018235294117645
4.216646942000352,0.5398924743652344,-1.4640543151855467,3.0454245117187497,52.07317073170732,15.79268292682927,9.26829268292683,48.03
4.231878702000358,0.04668693237304687,-3.266888165283203,-3.883395092773437,59.268292682926834,7.621951219512196,2.3170731707317076,48.006470588235295
4.247244850000243,1.218648645019531,4.893748193359374,4.69263525390625,53.65853658536586,16.70731707317073,-60.304878048780495,48.006470588235295
4.263035256999956,-1.6256629272460936,19.54985365600586,-3.8235400512695312,-34.268292682926834,16.097560975609756,75.3048780487805,48.04176470588236
4.2783102759999565,-5.390545037841797,19.61270144958496,8.348581188964843,33.41463414634146,-14.756097560975611,17.439024390243905,48.018235294117645
4.293612424000003,0.8990227233886718,-1.1563994018554686,-3.2130186279296873,-19.451219512195124,-9.146341463414634,-17.195121951219512,48.012352941176474
4.3090384980000636,3.6750995483398436,6.93959351196289,-16.21592784423828,-30.487804878048784,-3.353658536585366,-8.353658536585366,48.03588235294118
4.324290683000072,1.39821376953125,5.455188482666015,5.2085857116699215,54.51219512195122,0.6707317073170732,-27.31707317073171,48.006470588235295
4.33954323900025,1.753752716064453,18.13128917236328,6.167463476562499,-24.207317073170735,5.365853658536586,-30.975609756097565,48.03
4.354797850000068,-0.9983820922851562,0.5770026000976562,-9.666589202880859,-16.82926829268293,-7.439024390243903,-15.121951219512196,48.04176470588236
4.370050979000098,5.486313104248047,4.2688615600585935,-4.610035296630859,60.54878048780488,-3.048780487804878,-3.963414634146342,48.03588235294118
4.385297794000053,0.22744915771484372,0.6572083557128906,-4.53940634765625,36.09756097560976,3.780487804878049,-33.78048780487805,48.012352941176474
4.400549053000304,1.3275848205566405,14.167688323974609,-0.29568390502929687,43.53658536585366,-31.76829268292683,20.121951219512198,48.012352941176474
4.415802016000271,-1.7741034301757812,9.880870251464843,-1.209071838378906,1.8902439024390245,-30.000000000000004,86.95121951219512,48.03
4.431049479000194,-1.2928688964843749,9.752780462646484,3.7409400939941406,13.719512195121952,-23.475609756097562,24.02439024390244,48.04176470588236
4.446303461000298,2.2361843505859373,-3.2405519470214843,-2.548627667236328,6.402439024390245,50.00000000000001,-32.987804878048784,48.04764705882353
4.4616109790003975,1.924938134765625,16.332046624755858,-13.982137695312499,-55.54878048780488,7.743902439024391,-7.987804878048781,48.02411764705882
4.476831183000286,0.29927520751953124,-4.495113616943359,-3.6762966491699216,-10.365853658536587,-7.926829268292684,-11.158536585365855,48.03588235294118
4.492092016000242,-0.20709844360351562,9.230844500732422,3.574543078613281,15.79268292682927,-16.585365853658537,-6.463414634146342,48.03
4.507357461000083,0.6105214233398437,18.753781604003905,-5.779602807617187,-61.585365853658544,1.6463414634146343,0.24390243902439027,48.012352941176474
4.522636035000232,6.648698010253906,8.711302740478516,1.3754688537597655,26.76829268292683,27.012195121951223,20.0,48.018235294117645
4.537861442000121,1.2773065856933592,-4.461594793701171,-1.24498486328125,40.243902439024396,24.146341463414636,8.414634146341465,48.02411764705882
4.553115831000014,-2.555810272216797,17.62850682373047,-5.747281085205078,-42.926829268292686,-18.10975609756098,-62.19512195121952,48.03588235294118
4.568362386999979,-0.4513070129394531,19.61270144958496,5.348646508789062,95.3048780487805,-38.23170731707317,16.52439024390244,48.05352941176471
4.5836130530001356,-4.771643908691406,4.171896392822266,-2.7246014892578123,77.13414634146342,-30.670731707317074,100.48780487804879,48.018235294117645
4.598867015999986,-2.2972364929199216,10.82179150390625,-2.099714855957031,-100.97560975609757,-38.35365853658537,15.365853658536587,48.018235294117645
4.614111831000173,10.504559783935546,0.28371289672851563,-7.933187200927734,-24.390243902439025,70.1829268292683,13.29268292682927,48.04176470588236
4.629361367999991,0.7003039855957031,6.223727215576171,3.7888241271972656,-2.1341463414634148,78.78048780487805,-42.43902439024391,48.03588235294118
4.644614200999968,-11.075576879882812,14.234725970458983,-7.155071661376953,-57.560975609756106,-39.81707317073171,-21.890243902439025,48.02411764705882
4.659857998000007,0.9552864624023437,9.502586389160156,-9.509768994140625,16.951219512195124,-13.78048780487805,20.670731707317074,48.02411764705882
4.675072109000212,0.8595183959960937,0.34715924072265625,-0.8092401611328125,0.30487804878048785,21.951219512195124,-23.231707317073173,48.018235294117645
4.690321053000389,0.1484405029296875,14.616601135253905,4.086902233886718,-0.7317073170731708,-8.231707317073171,7.621951219512196,48.03588235294118
4.7055748860002495,0.5578489868164063,-3.499125726318359,-5.212177014160156,72.43902439024392,33.04878048780488,-10.975609756097562,48.02411764705882
4.720826331000353,-3.0262708984374997,-3.6475662292480466,-8.522160809326172,24.146341463414636,-31.951219512195124,-62.25609756097562,48.03
4.736066349000339,0.6560112548828124,2.1775264099121094,-0.09457096557617187,77.25609756097562,-36.09756097560976,3.2926829268292686,48.02411764705882
4.751317775000189,-2.7557261108398436,7.243657122802734,-3.8654385803222655,-3.2926829268292686,-39.451219512195124,135.91463414634148,48.04764705882353
4.766567959999975,-7.115567333984375,19.61270144958496,-8.950722906494141,-58.71951219512196,-53.59756097560976,0.853658536585366,48.012352941176474
4.781812368000374,4.7201685729980465,8.427589843749999,0.9361328491210937,-12.865853658536587,44.08536585365854,-29.81707317073171,48.012352941176474
4.797089998000047,-0.044292730712890624,8.796296899414061,0.18076222534179687,-45.487804878048784,30.243902439024392,-2.25609756097561,48.03
4.8123335720001705,-1.0785878479003905,8.067262493896484,-0.6057330200195312,-16.463414634146343,13.902439024390246,-12.01219512195122,48.04764705882353
4.827577923000263,2.4061726684570313,15.933412048339843,-1.7585411193847655,-32.31707317073171,40.54878048780488,-6.158536585365854,48.04176470588236
4.842824071999985,0.1352723937988281,-0.03232172241210937,-7.4028715332031245,34.207317073170735,5.731707317073171,-30.487804878048784,48.02411764705882
4.858065664000151,0.8942343200683593,6.196193896484375,-2.079364141845703,-27.80487804878049,16.646341463414636,7.317073170731708,48.03
4.873272812000323,1.678335363769531,1.2150573425292968,-6.732495068359374,86.70731707317074,-13.109756097560977,-25.243902439024392,48.02411764705882
4.888485497000147,-0.6524199523925781,-0.4010287780761719,-0.9612719665527343,40.1829268292683,-32.19512195121951,-26.52439024390244,48.012352941176474
4.903733016000388,-3.755305303955078,15.80173095703125,1.0043675964355467,8.414634146341465,-51.03658536585366,78.84146341463415,48.04176470588236
4.919923997000296,-1.915361328125,4.599261389160156,0.03232172241210937,-15.000000000000002,-30.731707317073173,27.865853658536587,48.02411764705882
4.935265405000337,11.069591375732422,3.1699229980468746,-11.299434735107422,-42.50000000000001,80.2439024390244,-13.719512195121952,48.03
4.950567238000076,0.21188684692382811,9.552864624023437,3.5230677429199218,0.6097560975609757,85.3048780487805,-31.707317073170735,48.018235294117645
4.965881534000346,-1.4927847351074217,1.811213555908203,-7.83981333618164,-66.40243902439025,-35.487804878048784,0.0,48.05352941176471
4.981832775000385,0.6165069274902344,7.343016491699219,-1.005564697265625,8.475609756097562,7.25609756097561,-2.987804878048781,48.05352941176471
4.996333478999986,0.36272155151367186,3.843890765380859,2.2098481323242187,8.170731707317074,-11.52439024390244,-13.29268292682927,48.03
5.010115794000285,-0.36391865234375,10.8409451171875,0.6069301208496093,-14.51219512195122,-11.646341463414634,10.426829268292684,48.03
