0.015553147999980865,0.047884033203124995,10.760739361572265,-1.5071499450683592,-1.829268292682927,2.378048780487805,-0.3658536585365854,43.08882352941177
0.031112204000010024,0.9337386474609375,7.677007623291015,-1.7896657409667969,2.439024390243903,11.646341463414634,2.1951219512195124,43.071176470588235
0.04667153699995197,0.17956512451171874,11.420341918945311,-0.7673416320800781,1.3414634146341464,8.231707317073171,1.9512195121951221,43.07705882352941
0.06203479599992079,1.495178936767578,6.636727001953124,-4.480748406982421,5.3048780487804885,9.573170731707318,-1.2195121951219514,43.08294117647059
0.0774415369999133,0.8918401184082031,10.174159954833984,-3.1639374938964844,-2.5,15.670731707317074,-2.378048780487805,43.09470588235294
0.09295564799992917,0.6548141540527344,9.641450085449218,-2.088940948486328,1.1585365853658538,15.000000000000002,0.0,43.08294117647059
0.10959120399991207,0.4944026428222656,8.385691314697265,-1.150413897705078,5.0,15.365853658536587,1.4634146341463417,43.065294117647056
0.11690483299992138,0.8583212951660156,9.743203656005859,-1.7968483459472655,8.658536585365855,18.231707317073173,0.1829268292682927,43.08882352941177
0.12391105599999719,0.7960720520019531,11.743559143066406,-1.407790576171875,6.52439024390244,17.926829268292686,-2.073170731707317,43.08294117647059
0.130842518999998,1.7034744812011717,12.635399261474609,-1.8567033874511718,-5.365853658536586,26.28048780487805,-6.7682926829268295,43.1064705882353
0.13771012999995946,2.6719290527343746,8.716091143798828,-0.03591302490234375,10.30487804878049,31.89024390243903,-5.731707317073171,43.09470588235294
0.14472968499990202,-1.332373223876953,7.3466077941894525,-3.456030096435547,7.01219512195122,16.03658536585366,2.378048780487805,43.07705882352941
0.15175498199994308,-1.675941162109375,13.41950030517578,-0.6512228515624999,4.146341463414634,13.841463414634148,3.414634146341464,43.08882352941177
0.15880788899994513,1.6448165405273436,9.828197814941406,-2.50912333984375,3.414634146341464,17.865853658536587,12.621951219512196,43.11235294117647
0.1659957779999104,0.8667010009765624,11.54843170776367,-2.4061726684570313,0.24390243902439027,22.500000000000004,-2.439024390243903,43.09470588235294
0.17298440699994444,0.47165772705078124,9.447519750976562,-1.3850456604003905,12.560975609756099,19.390243902439025,-1.6463414634146343,43.08882352941177
0.18011316699994495,-0.8104372619628906,11.704054815673828,-2.0649989318847655,10.975609756097562,6.890243902439025,2.1951219512195124,43.10058823529412
0.18709005599998818,0.9050082275390624,10.333374365234375,-2.398990063476562,1.8902439024390245,8.902439024390244,0.24390243902439027,43.11235294117647
0.19407849999993232,1.924938134765625,11.81777939453125,-2.6108769104003904,-8.597560975609756,11.76829268292683,-6.646341463414635,43.11235294117647
0.2011005929999783,0.5279214660644531,5.7520694885253905,-3.2692823669433593,1.829268292682927,16.402439024390244,-4.024390243902439,43.07705882352941
0.20813422200001241,-0.9696516723632812,10.401609112548828,-0.38666356811523434,4.634146341463415,7.378048780487806,0.06097560975609757,43.071176470588235
0.2150203699999338,-0.7505822204589844,11.45984624633789,-2.3523031311035156,0.1829268292682927,3.8414634146341466,1.3414634146341464,43.09470588235294
0.2219022589999895,1.6448165405273436,9.19971987915039,-1.7357962036132812,1.8902439024390245,9.329268292682928,0.426829268292683,43.10058823529412
0.22874096299995017,-0.6464344482421874,9.169792358398437,-1.22583125,8.353658536585366,7.317073170731708,4.573170731707317,43.10058823529412
0.2355875369999012,-0.1927332336425781,12.352883465576172,-0.8259995727539062,-4.75609756097561,2.682926829268293,3.7195121951219514,43.08294117647059
0.24245298199991794,1.3563152404785155,10.299855541992187,-0.4369418029785156,1.402439024390244,8.78048780487805,-0.48780487804878053,43.09470588235294
0.2492940559999397,0.5997475158691405,11.068394274902342,-0.7050923889160156,-0.426829268292683,10.670731707317074,-1.3414634146341464,43.08882352941177
0.2561339629999111,0.5602431884765625,6.848613848876953,-2.6886884643554687,9.634146341463415,9.390243902439025,-0.6097560975609757,43.09470588235294
0.26301903699993545,-0.6236895324707031,12.146982122802733,-1.2018892333984375,3.414634146341464,5.182926829268293,0.5487804878048781,43.09470588235294
0.2698628519999602,1.5957354064941405,8.030152368164062,-3.479972113037109,-7.073170731707318,12.500000000000002,-1.829268292682927,43.08294117647059
0.2767042780000111,-0.14006079711914063,9.897629663085937,-0.7350199096679687,6.585365853658537,11.219512195121952,-0.6097560975609757,43.08882352941177
0.28357774099993094,0.2645592834472656,11.292252130126952,-1.9117700256347656,3.1707317073170733,8.414634146341465,0.853658536585366,43.1064705882353
0.2904309259999991,1.016338604736328,9.587580548095703,-2.421734979248047,4.573170731707317,13.597560975609758,-0.9146341463414634,43.09470588235294
0.29728099999999813,-0.6344634399414062,9.396044415283203,-1.2761094848632812,5.853658536585367,12.195121951219512,0.426829268292683,43.08294117647059
0.30412492599998586,1.1552023010253905,9.028534460449219,-1.8160019592285155,3.8414634146341466,8.536585365853659,1.829268292682927,43.09470588235294
0.3111864259999493,0.43454760131835934,12.275071911621094,-1.4724340209960938,-0.9146341463414634,14.207317073170733,-0.3658536585365854,43.08882352941177
0.3183295559999806,1.8291700683593748,10.63025537109375,0.7015010864257812,6.463414634146342,18.53658536585366,-1.5853658536585367,43.09470588235294
0.3252756299999646,0.10893617553710937,8.43956085205078,-1.5574281799316405,5.365853658536586,15.79268292682927,-0.30487804878048785,43.09470588235294
0.33214448100000027,0.028730419921875,12.453439935302734,-3.2417490478515623,-1.8902439024390245,18.53658536585366,-2.439024390243903,43.08882352941177
0.3390400179999915,1.5071499450683592,6.4739212890625,-1.5682020874023437,2.073170731707317,23.29268292682927,-1.402439024390244,43.08882352941177
0.34608890699996664,-0.9469067565917968,10.05564697265625,-0.35314474487304687,10.975609756097562,17.926829268292686,0.9146341463414634,43.08294117647059
0.35297175899995636,-0.4261678955078125,11.456254943847656,-2.922123126220703,5.731707317073171,15.914634146341465,2.682926829268293,43.08882352941177
0.35980711100000917,1.782483135986328,8.413224633789062,-3.0418332092285154,2.1341463414634148,25.48780487804878,-5.731707317073171,43.10058823529412
0.36671861100001024,1.0678139404296874,12.362460272216795,-0.09816226806640624,0.48780487804878053,26.58536585365854,-4.695121951219512,43.1064705882353
0.37356314799990287,0.08259995727539061,9.932345587158203,-2.375048046875,5.609756097560976,23.963414634146343,-0.1829268292682927,43.118235294117646
0.3803905180000129,-0.7134720947265625,8.275558038330077,-2.4947581298828125,12.621951219512196,17.621951219512198,2.1951219512195124,43.09470588235294
0.38725294400001076,-1.2964601989746094,8.935160595703124,-1.0953472595214844,14.878048780487806,11.036585365853659,4.329268292682928,43.09470588235294
0.3940934259999267,1.7405846069335937,10.06881508178711,-3.6272155151367187,-1.8902439024390245,8.719512195121952,0.06097560975609757,43.09470588235294
0.40091968499996256,1.4879963317871092,10.232817895507813,-2.868253588867187,1.8902439024390245,15.30487804878049,-5.121951219512195,43.10058823529412
0.40774405499996647,1.7800889343261719,10.486603271484375,-2.5139117431640625,-0.6097560975609757,14.02439024390244,-2.9268292682926833,43.09470588235294
0.4145781109999689,-0.277727392578125,9.79946739501953,-3.010708587646484,-1.402439024390244,8.475609756097562,-1.5853658536585367,43.08882352941177
0.4214354999999159,-0.5734112976074218,8.949525805664061,-1.8459294799804686,4.878048780487806,7.560975609756098,-0.12195121951219513,43.08294117647059
0.4282659439999179,0.19393033447265623,8.965088116455078,-3.460818499755859,-3.048780487804878,5.2439024390243905,1.0975609756097562,43.08882352941177
0.43509225899993,-0.37708676147460934,9.81263550415039,-1.9009961181640624,1.3414634146341464,6.52439024390244,1.8902439024390245,43.07705882352941
0.44193068499998844,-0.5111620544433594,9.8449572265625,-1.4030021728515625,3.1097560975609757,2.439024390243903,2.682926829268293,43.08882352941177
0.44890885199993136,2.04943662109375,9.63307037963867,-1.6340426330566404,-1.1585365853658538,4.878048780487806,1.402439024390244,43.07705882352941
0.4557534629999509,-0.17836802368164062,9.600748657226562,-1.5394716674804687,1.6463414634146343,6.219512195121951,1.524390243902439,43.07705882352941
0.46259931499992035,-0.48123453369140623,9.264363323974608,-2.094926452636719,3.7195121951219514,3.353658536585366,2.5,43.07705882352941
0.4694295179999699,1.9536685546875,10.864887133789061,-1.6735469604492186,-1.6463414634146343,7.195121951219513,-0.5487804878048781,43.09470588235294
0.4762573699999848,0.9349357482910156,9.90122096557617,-1.7800889343261719,-0.1829268292682927,10.060975609756099,-1.402439024390244,43.09470588235294
0.48307657399993786,0.49320554199218747,13.467384338378906,2.2649147705078123,16.585365853658537,7.073170731707318,1.5853658536585367,43.09470588235294
0.4898973519999572,0.8451531860351562,10.773907470703124,-2.7066449768066403,-5.3048780487804885,9.451219512195122,-2.25609756097561,43.08294117647059
0.49679053699992437,1.7705121276855467,8.036137872314452,-2.445676995849609,9.573170731707318,15.487804878048783,-2.439024390243903,43.08294117647059
0.5036364809999441,-0.086191259765625,10.730811840820312,-1.9871873779296874,5.914634146341464,11.951219512195124,1.7682926829268295,43.08882352941177
0.5105104259999962,0.5686228942871093,10.251971508789062,-3.353079425048828,3.414634146341464,12.378048780487806,-0.24390243902439027,43.1064705882353
0.5173817959999951,1.22583125,10.081983190917969,-0.2166752502441406,5.182926829268293,14.634146341463415,-1.4634146341463417,43.10058823529412
0.5243835369999488,-0.842758984375,8.030152368164062,-2.749740606689453,2.439024390243903,14.51219512195122,0.6707317073170732,43.09470588235294
0.5312313519999634,0.40940848388671874,14.190433239746094,-1.1647791076660157,-7.134146341463415,13.109756097560977,-1.2804878048780488,43.08294117647059
0.5381381109999666,2.1703438049316404,11.571176623535155,0.8020575561523438,13.353658536585368,19.02439024390244,-2.1951219512195124,43.09470588235294
0.5450102219999735,0.6236895324707031,10.140641131591796,-1.0749965454101562,4.451219512195122,18.414634146341466,-0.3658536585365854,43.1064705882353
0.5518333149999535,0.44532150878906246,9.773131176757811,-1.9943699829101562,7.378048780487806,21.34146341463415,-1.4634146341463417,43.1064705882353
0.5586711109999669,-0.8319850769042968,10.82777700805664,-1.042674822998047,11.158536585365855,19.939024390243905,-15.121951219512196,43.08882352941177
0.5655216110000083,0.9935936889648437,12.00931552734375,-2.020706201171875,13.231707317073171,20.426829268292686,-1.2195121951219514,43.07705882352941
0.5724445549999473,2.250549560546875,9.433154541015625,-2.626439221191406,4.878048780487806,26.09756097560976,-2.804878048780488,43.07705882352941
0.5792929259999937,-1.236605157470703,13.175291735839844,-0.45010991210937495,12.74390243902439,21.463414634146343,0.06097560975609757,43.08882352941177
0.5861265739999908,1.246181964111328,6.83783994140625,-3.9803602600097654,13.04878048780488,17.865853658536587,0.3658536585365854,43.11235294117647
0.5929712039999231,-1.209071838378906,10.565611926269531,-2.488772625732422,8.048780487804878,13.414634146341465,1.524390243902439,43.11235294117647
0.5997991659999116,1.1516109985351561,10.313023651123046,-3.421314172363281,0.6097560975609757,0.24390243902439027,-0.30487804878048785,43.07705882352941
0.6066274809999186,0.948103857421875,8.512584002685546,-3.716998077392578,5.121951219512195,13.78048780487805,-1.2804878048780488,43.059411764705885
0.6134666849999348,-0.05985504150390625,9.554061724853515,-1.70467158203125,2.3170731707317076,9.451219512195122,-0.9146341463414634,43.07705882352941
0.6203065739999829,-0.29089550170898437,9.96586441040039,-2.731784094238281,15.54878048780488,7.439024390243903,0.6097560975609757,43.08294117647059
0.6271472029999359,0.23582886352539062,11.598709942626952,-2.839523168945312,-5.548780487804878,9.573170731707318,-0.853658536585366,43.07705882352941
0.6340108519999603,0.005985504150390624,8.158242156982421,-1.66636435546875,-1.402439024390244,10.670731707317074,-0.24390243902439027,43.08294117647059
0.6408334069999455,-0.7110778930664062,10.17056865234375,-2.357091534423828,2.5,4.146341463414634,0.853658536585366,43.09470588235294
0.6476649439999846,-0.07422025146484375,9.819818109130859,-2.127248175048828,0.12195121951219513,4.573170731707317,1.707317073170732,43.10058823529412
0.6545080369999141,0.23582886352539062,9.688137017822266,-2.2301988464355467,-0.5487804878048781,4.878048780487806,1.402439024390244,43.10058823529412
0.6613228149999486,1.1097124694824219,9.181763366699219,-2.540247961425781,3.2926829268292686,3.414634146341464,1.2195121951219514,43.08882352941177
0.668154426000001,-0.29927520751953124,9.55645592651367,-2.27927998046875,-1.0365853658536586,3.658536585365854,1.4634146341463417,43.10058823529412
0.6749847589999263,0.5817910034179687,9.534908111572266,-1.6819266662597656,1.524390243902439,4.451219512195122,0.426829268292683,43.09470588235294
0.6818036479999137,1.052251629638672,11.148600030517578,-1.637633935546875,-2.378048780487805,6.097560975609756,0.5487804878048781,43.08882352941177
0.6886225920000015,0.5458779785156249,8.072050897216796,-2.977189764404297,-2.0121951219512195,7.439024390243903,-14.451219512195124,43.08294117647059
0.6954405369999677,-0.2741360900878906,8.12711753540039,-1.6364368347167968,11.402439024390246,3.5975609756097566,3.963414634146342,43.08882352941177
0.7022587220000105,-0.181959326171875,11.427524523925781,-2.596511700439453,-1.2804878048780488,3.5975609756097566,4.573170731707317,43.08882352941177
0.7090927780000129,1.476025323486328,9.80665,-2.2206220397949217,-3.1097560975609757,9.939024390243903,-1.402439024390244,43.07705882352941
0.7159289259999468,0.7146691955566405,10.228029492187499,-0.49679684448242184,1.7682926829268295,11.28048780487805,-1.0975609756097562,43.08294117647059
0.7227664439999444,-0.316034619140625,8.971073620605468,-2.184709014892578,4.634146341463415,8.78048780487805,-0.1829268292682927,43.08294117647059
0.7296040369999446,0.30885201416015623,9.996989031982421,-3.056198419189453,1.7682926829268295,11.890243902439025,-0.7926829268292683,43.08294117647059
0.7364408889999368,0.8463502868652343,9.8449572265625,-1.7178396911621092,3.353658536585366,13.475609756097562,-1.829268292682927,43.07705882352941
0.7432785549999608,0.6452373474121094,9.59476315307617,-2.2780828796386716,-2.804878048780488,14.573170731707318,-2.987804878048781,43.08882352941177
0.7501226480000014,0.03591302490234375,8.967482318115234,-1.0330980163574217,2.1951219512195124,18.10975609756098,-4.024390243902439,43.10058823529412
0.7569651109999995,1.1073182678222655,10.261548315429687,-0.8044517578125,5.121951219512195,19.939024390243905,-3.048780487804878,43.08294117647059
0.7638059070000054,0.4177881896972656,8.183381274414062,-2.7629087158203123,2.9268292682926833,20.0,-0.48780487804878053,43.08882352941177
0.7706586479999942,-1.0223241088867188,8.349778289794921,-2.205059729003906,13.536585365853659,19.512195121951223,2.7439024390243905,43.10058823529412
0.7774916659999462,-1.0582371337890624,9.873687646484374,-2.1894974182128903,8.658536585365855,15.243902439024392,3.8414634146341466,43.08882352941177
0.7843132959999366,2.6803087585449217,8.371326104736328,-2.1547814941406247,0.12195121951219513,17.926829268292686,-3.048780487804878,43.08882352941177
0.7911534999999503,0.5351040710449219,10.158597644042969,-0.7793126403808593,7.926829268292684,22.926829268292686,-1.8902439024390245,43.07705882352941
0.797990499999969,-0.5219359619140624,8.032546569824218,-3.1962592163085937,6.890243902439025,19.390243902439025,0.24390243902439027,43.10058823529412
0.8048286480000115,-0.9217676391601562,10.928333477783202,-2.4863784240722655,11.158536585365855,30.121951219512198,2.1951219512195124,43.1064705882353
0.8116658889999826,0.6811503723144531,8.380902911376953,-3.517082238769531,8.597560975609756,13.29268292682927,2.25609756097561,43.10058823529412
0.8245240919999333,0.2765302917480469,8.772354882812499,-4.412513659667969,-2.1341463414634148,15.79268292682927,-3.1097560975609757,43.08294117647059
0.8401446849999274,-1.5251064575195312,12.406753002929687,-1.313219610595703,-2.5,3.231707317073171,0.9146341463414634,43.10058823529412
0.8554648139999017,0.6117185241699218,11.592724438476562,-2.2972364929199216,-5.121951219512195,5.853658536585367,-0.9146341463414634,43.08294117647059
0.8707617219999975,-1.1671733093261718,7.438784558105469,-3.3674446350097655,1.1585365853658538,4.817073170731708,0.9146341463414634,43.10058823529412
0.8861151849999942,0.29089550170898437,13.887566729736328,0.044292730712890624,-7.621951219512196,5.121951219512195,0.30487804878048785,43.118235294117646
0.9014083700000128,-0.38307226562499996,10.072406384277343,-2.5761609863281247,-0.3658536585365854,3.780487804878049,-1.1585365853658538,43.09470588235294
0.916680628999984,1.301248602294922,6.654683514404296,-2.991554974365234,2.804878048780488,7.500000000000001,-0.24390243902439027,43.08294117647059
0.9319796109999743,-0.38666356811523434,13.875595721435547,-0.6356605407714844,-9.817073170731708,13.841463414634148,-0.3658536585365854,43.09470588235294
0.9472849809999389,-0.3399766357421875,13.022062829589842,-0.3938461730957031,0.48780487804878053,10.914634146341465,-0.9146341463414634,43.071176470588235
0.9635742959999334,-0.689530078125,9.557653027343749,0.09696516723632811,9.634146341463415,10.914634146341465,-0.853658536585366,43.09470588235294
0.9794137220000039,0.5374982727050781,7.939172705078125,-2.517503045654297,6.951219512195123,17.195121951219512,-2.6219512195121952,43.08882352941177
0.9947170739999365,1.3060370056152344,9.451111053466796,-1.889025109863281,8.719512195121952,21.219512195121954,-2.5,43.09470588235294
1.010016999999948,0.6416460449218749,8.87410845336914,-3.2118215270996093,7.25609756097561,20.182926829268293,-14.634146341463415,43.08294117647059
1.0253354440000066,-1.291671795654297,14.276624499511717,0.13407529296874998,-6.646341463414635,10.853658536585368,15.487804878048783,43.09470588235294
1.0406308880000097,0.5003881469726562,14.089876770019531,-0.8822633117675781,-0.24390243902439027,7.25609756097561,0.9756097560975611,43.08882352941177
1.05594440699997,0.7206546997070312,9.567229833984374,-2.3259669128417966,1.0365853658536586,8.841463414634147,0.6097560975609757,43.08882352941177
1.071252665999964,0.5147533569335937,9.13028803100586,-3.563769171142578,2.3170731707317076,5.0,1.4634146341463417,43.10058823529412
1.0865929999999935,0.842758984375,7.926004595947266,-2.479195819091797,5.548780487804878,3.231707317073171,2.987804878048781,43.071176470588235
1.1018952219999392,2.2840683837890623,6.804321118164062,-3.9360675292968748,4.939024390243903,4.51219512195122,1.6463414634146343,43.08294117647059
1.1172089619999497,-0.07781155395507812,11.560402716064452,-2.2110452331542967,-6.219512195121951,5.548780487804878,-1.707317073170732,43.08294117647059
1.1326089249999995,0.40581718139648437,8.839392529296875,-0.8942343200683593,5.0,5.670731707317073,1.8902439024390245,43.08882352941177
1.1487092959999927,-0.031124621582031248,13.521253875732421,-4.192247106933594,-6.341463414634147,9.329268292682928,-1.402439024390244,43.11235294117647
1.1653164809999907,-0.5231330627441406,9.196128576660156,-2.6467899353027344,2.3170731707317076,7.073170731707318,0.1829268292682927,43.07705882352941
1.1808995549999963,1.2138602416992186,10.072406384277343,-1.8423381774902343,2.073170731707317,11.341463414634147,-1.8902439024390245,43.07705882352941
1.1961917399999038,0.2657563842773437,8.89924757080078,-1.8052280517578123,4.695121951219512,14.207317073170733,-1.8902439024390245,43.10058823529412
1.2114359989999457,1.8614917907714843,8.237250811767577,-4.00310517578125,0.9146341463414634,21.28048780487805,-2.7439024390243905,43.09470588235294
1.224003054999912,-0.7386112121582031,9.704896429443359,-2.6695348510742187,9.329268292682928,14.695121951219514,6.646341463414635,43.11235294117647
1.2354026479999902,1.20667763671875,12.53244859008789,-3.712209674072265,-0.853658536585366,20.243902439024392,-3.353658536585366,43.08294117647059
1.2467940550000094,0.16519991455078123,12.542025396728516,-0.9935936889648437,12.500000000000002,13.963414634146343,1.3414634146341464,43.08882352941177
1.2581821289999198,0.36750995483398435,7.594407666015624,-3.284844677734375,11.097560975609756,15.975609756097562,0.426829268292683,43.08294117647059
1.2695973879999656,0.5518634826660156,11.51730708618164,-2.272097375488281,0.9146341463414634,11.219512195121952,14.207317073170733,43.08882352941177
1.281017184999996,0.9097966308593749,9.639055883789062,-2.789244934082031,-4.634146341463415,10.670731707317074,-0.9146341463414634,43.07705882352941
1.2924232959999244,-0.8188169677734375,11.382034692382812,-1.3251906188964844,1.5853658536585367,3.4756097560975614,4.2682926829268295,43.07705882352941
1.3038628140000128,0.8068459594726562,11.404779608154296,-1.8327613708496093,-4.451219512195122,4.695121951219512,1.9512195121951221,43.08294117647059
1.315298721999966,0.6464344482421874,9.434351641845703,-2.3116017028808593,2.3170731707317076,5.182926829268293,1.524390243902439,43.07705882352941
1.3289664619999257,-0.5398924743652344,9.528922607421874,-3.5242648437499997,-2.439024390243903,3.9024390243902443,0.48780487804878053,43.118235294117646
1.3427120359999662,0.06344634399414062,8.749609967041016,-2.70065947265625,4.390243902439025,1.4634146341463417,3.780487804878049,43.10058823529412
1.3564333140000144,1.811213555908203,10.726023437499999,-2.8718448913574215,-4.573170731707317,10.121951219512196,-2.073170731707317,43.08882352941177
1.370191517999956,-0.8882488159179687,9.917980377197265,-2.4349030883789062,2.5609756097560976,3.7195121951219514,1.402439024390244,43.09470588235294
1.383966295999926,2.3127988037109373,13.521253875732421,-0.3687070556640625,8.658536585365855,8.719512195121952,-0.48780487804878053,43.08294117647059
1.3977129249999507,-0.17836802368164062,11.228805786132812,-2.4097639709472656,2.25609756097561,9.329268292682928,-0.48780487804878053,43.11235294117647
1.4114307959999906,0.6572083557128906,6.637924102783202,-3.2453403503417966,11.158536585365855,9.451219512195122,1.9512195121951221,43.08882352941177
1.4260102029999189,2.050633721923828,10.690110412597656,-3.6643256408691403,-2.5609756097560976,17.012195121951223,-2.378048780487805,43.08294117647059
1.4397843879999073,-0.6272808349609375,11.656170782470703,-1.2126631408691406,-1.2195121951219514,10.853658536585368,14.817073170731708,43.08882352941177
1.453530887999932,1.7836802368164062,6.358999609374999,-3.0502129150390624,-5.548780487804878,20.426829268292686,-2.5,43.09470588235294
1.467265666000003,-1.599326708984375,12.25711539916992,-4.290409374999999,-1.0975609756097562,15.365853658536587,-1.0365853658536586,43.1064705882353
1.4810018879999234,1.1575965026855468,7.785943798828124,-3.6272155151367187,8.78048780487805,16.03658536585366,0.7926829268292683,43.09470588235294
1.4949788330000047,-0.12808978881835936,7.771578588867187,-4.8494554626464845,4.51219512195122,11.036585365853659,0.853658536585366,43.08882352941177
1.5087638879999759,-0.3447650390625,9.894038360595703,-2.8886043029785156,2.3170731707317076,0.9146341463414634,4.451219512195122,43.10058823529412
1.522525906999931,1.838746875,7.85896694946289,-2.1799206115722654,2.3170731707317076,1.0365853658536586,1.0365853658536586,43.07705882352941
1.536278961999983,1.5179238525390624,8.688557824707031,-1.581370196533203,-3.963414634146342,8.597560975609756,1.829268292682927,43.07705882352941
1.550031998999998,-0.1580173095703125,13.516465472412108,-1.1827356201171875,-13.719512195121952,2.0121951219512195,11.52439024390244,43.1064705882353
1.563784628999997,1.3407529296874998,8.374917407226562,-2.839523168945312,-0.7317073170731708,10.609756097560977,-1.402439024390244,43.1064705882353
1.5776896289999058,-0.6093243225097655,7.811082916259765,-2.588131994628906,9.26829268292683,1.8902439024390245,3.5975609756097566,43.118235294117646
1.5914275919999454,2.6982652709960937,8.061276989746093,-2.942473840332031,6.890243902439025,10.426829268292684,-0.5487804878048781,43.08294117647059
1.605236702999946,1.4041992736816404,9.469067565917967,-3.0418332092285154,-1.1585365853658538,11.341463414634147,-3.1707317073170733,43.07705882352941
1.6197482949999085,-0.1592144104003906,11.02529864501953,-2.916137622070312,-5.670731707317073,12.560975609756099,-3.4756097560975614,43.10058823529412
1.6356047579999995,-0.3387795349121094,7.067683300781249,-1.369483349609375,11.76829268292683,11.097560975609756,7.317073170731708,43.09470588235294
1.6520169619999479,-0.11013327636718749,13.198036651611327,-1.4065934753417968,-0.9146341463414634,11.829268292682928,-0.3658536585365854,43.1064705882353
1.6684154069999977,-0.3136404174804687,10.370484490966795,-2.8012159423828122,5.0,11.463414634146343,0.24390243902439027,43.10058823529412
1.6848788699999204,1.189918225097656,6.64630380859375,-1.3192051147460937,9.634146341463415,14.817073170731708,-0.30487804878048785,43.11235294117647
1.7001952029999075,0.8475473876953125,8.980650427246093,-3.716998077392578,5.670731707317073,15.182926829268293,-14.573170731707318,43.09470588235294
1.7154927579999821,-0.28371289672851563,8.978256225585938,-4.224568829345703,4.451219512195122,8.109756097560977,0.06097560975609757,43.118235294117646
1.7308842399999094,2.3690625427246093,13.877989923095702,-0.5159504577636719,-4.573170731707317,7.926829268292684,-15.243902439024392,43.1064705882353
1.7465863509999053,-0.9804255798339843,11.707646118164062,-2.6036943054199218,-7.195121951219513,3.4756097560975614,0.9146341463414634,43.1064705882353
1.7618410179999273,-0.8762778076171874,11.787851873779296,-2.1308394775390624,-3.231707317073171,0.7317073170731708,1.7682926829268295,43.10058823529412
1.7774809619999132,1.5107412475585937,8.179789971923828,-2.9735984619140625,2.1341463414634148,3.1707317073170733,1.9512195121951221,43.08882352941177
1.7927858689999994,0.7493851196289062,11.59392153930664,-1.9500772521972656,-1.5853658536585367,7.865853658536586,-2.0121951219512195,43.11235294117647
1.808067443999903,-1.1372457885742187,9.04050546875,-1.8722656982421875,6.341463414634147,4.390243902439025,2.1951219512195124,43.08882352941177
1.8227540729999419,1.7753005310058592,7.199364392089843,0.040701428222656245,7.500000000000001,7.378048780487806,1.0365853658536586,43.124117647058824
1.8364857770000071,-0.5901707092285156,11.423933221435545,-2.0254946044921875,-0.6707317073170732,8.048780487804878,-1.2195121951219514,43.124117647058824
1.8502068319999125,0.9373299499511718,7.228094812011718,-2.1595698974609374,8.231707317073171,11.951219512195124,-15.426829268292684,43.1064705882353
1.863903295,0.8164227661132812,12.668918084716797,-1.7477672119140624,13.658536585365855,13.78048780487805,0.3658536585365854,43.11235294117647
1.8776161469999124,0.5315127685546874,12.463016741943358,-2.1511901916503904,3.048780487804878,14.02439024390244,-0.24390243902439027,43.11235294117647
1.8913335359999337,0.11133037719726561,8.96269391479492,-3.162740393066406,6.890243902439025,15.243902439024392,-0.06097560975609757,43.09470588235294
1.9050642579999248,0.8451531860351562,11.75313594970703,-2.138022082519531,-2.073170731707317,21.34146341463415,-6.158536585365854,43.11235294117647
1.918848665999917,-0.5817910034179687,6.998251452636718,-4.199429711914062,12.80487804878049,15.54878048780488,3.353658536585366,43.11235294117647
1.932533183999908,0.09217676391601562,13.289016314697264,-4.454412188720703,1.0365853658536586,14.939024390243905,-0.12195121951219513,43.09470588235294
1.9462896289999208,1.2904746948242187,5.851428857421874,-5.2073886108398435,8.902439024390244,15.79268292682927,-0.7926829268292683,43.10058823529412
1.959995109999909,-0.8128314636230468,8.079233502197265,-6.084863519287109,4.817073170731708,5.2439024390243905,0.6707317073170732,43.09470588235294
1.9737866289999602,1.7657237243652342,10.168174450683592,-1.3120225097656248,-4.451219512195122,8.414634146341465,-1.2804878048780488,43.08294117647059
1.9875142209999694,-0.5925649108886718,7.8170684204101555,-1.1552023010253905,10.30487804878049,2.1341463414634148,5.0,43.13
2.0012525170000117,2.269703173828125,9.176974963378905,-4.327519500732421,-0.6097560975609757,8.292682926829269,3.536585365853659,43.1064705882353
2.0149948689999064,-1.5155296508789062,10.729614739990234,-4.420893365478515,-12.682926829268293,-0.12195121951219513,15.060975609756099,43.11235294117647
2.028708257999938,0.4333505004882812,10.360907684326172,-2.863465185546875,-1.402439024390244,-10.487804878048781,-3.963414634146342,43.1064705882353
2.0424141659999577,-0.6536170532226562,11.811793890380859,-4.768052606201172,-25.30487804878049,-26.82926829268293,-11.28048780487805,43.10058823529412
2.0561402949999774,-1.408987677001953,15.269021087646484,-4.440046978759765,-55.97560975609757,-43.04878048780488,-17.5,43.11235294117647
2.06986764699991,0.3028665100097656,13.657723370361328,-3.536235852050781,-61.40243902439025,-61.82926829268293,-18.719512195121954,43.10058823529412
2.083601757999986,0.034715924072265626,12.94065997314453,-4.120421057128906,-61.95121951219513,-72.98780487804879,-28.84146341463415,43.118235294117646
2.0972976839999546,1.6579846496582031,12.893973040771483,-3.020285394287109,-3.963414634146342,-75.60975609756098,-31.52439024390244,43.118235294117646
2.111306202999913,3.6679169433593746,13.16451782836914,-3.6679169433593746,0.9146341463414634,-80.1219512195122,-34.32926829268293,43.118235294117646
2.1250191099999256,2.8131869506835936,10.018536846923828,-2.3307553161621093,10.060975609756099,-83.47560975609757,-22.5609756097561,43.09470588235294
2.138711665999949,0.6105214233398437,6.5948284729003905,-1.4604630126953124,21.158536585365855,-82.6829268292683,-11.28048780487805,43.1064705882353
2.1524176659999057,2.365471240234375,10.554838018798828,-4.141968872070312,62.50000000000001,-72.8048780487805,9.878048780487806,43.13
2.1661333879999347,2.455253802490234,11.202469567871093,-2.5641899780273434,52.6829268292683,-65.91463414634147,36.03658536585366,43.1064705882353
2.179851479999911,0.4165910888671875,15.030798022460937,-5.729324572753906,70.54878048780489,-58.41463414634147,45.85365853658537,43.1064705882353
2.1936005909999494,0.3172317199707031,11.796231579589843,-4.797980126953124,104.69512195121952,-48.78048780487805,58.10975609756098,43.10058823529412
2.2073076469999933,3.408146063232422,11.90037935180664,-3.106476654052734,103.23170731707317,-44.93902439024391,58.59756097560976,43.11235294117647
2.2210593319999816,3.6475662292480466,9.488221179199218,-5.182249493408203,73.59756097560977,-35.426829268292686,57.13414634146342,43.11235294117647
2.2347808689999056,1.0319009155273438,10.672153900146483,-3.5218706420898434,65.91463414634147,-29.08536585365854,55.487804878048784,43.10058823529412
2.248487776999923,1.2342109558105467,13.499706060791015,-1.898601916503906,45.304878048780495,-23.414634146341466,51.34146341463415,43.124117647058824
2.262213979999956,0.8930372192382812,7.4028715332031245,-5.117606048583984,45.1219512195122,-12.682926829268293,45.97560975609756,43.09470588235294
2.2759380729999066,1.408987677001953,5.1331683593749995,-6.496666204833984,14.878048780487806,-12.621951219512196,26.463414634146343,43.08882352941177
2.2896488139999747,-1.0091559997558592,4.8650177734375,-4.92846411743164,53.29268292682927,-7.987804878048781,3.7195121951219514,43.118235294117646
2.3033765359999734,0.4836287353515625,10.651803186035156,-3.563769171142578,50.73170731707317,-3.1707317073170733,-30.0609756097561,43.11235294117647
2.3171072949999143,1.1180921752929687,10.271125122070313,-5.6024318847656245,22.195121951219512,-3.536585365853659,-65.79268292682927,43.11235294117647
2.3308060169999862,1.7764976318359373,9.981426721191406,-1.1480196960449218,27.012195121951223,4.634146341463415,-65.3048780487805,43.11235294117647
2.344497553999986,0.5494692810058593,11.488576666259766,-2.922123126220703,26.76829268292683,8.719512195121952,-85.00000000000001,43.11235294117647
2.3582111839999698,1.1755530151367186,8.449137658691406,-4.958391638183594,19.085365853658537,17.865853658536587,-80.85365853658537,43.1064705882353
2.3719207949999372,1.2473790649414063,11.960234393310547,-0.978031378173828,-15.54878048780488,28.719512195121954,-75.73170731707317,43.118235294117646
2.3856818140000087,1.7836802368164062,6.865373260498046,-4.045003704833984,9.878048780487806,39.024390243902445,-65.91463414634147,43.11235294117647
2.39965207299997,0.18076222534179687,13.909114544677733,-4.935646722412109,-14.939024390243905,46.524390243902445,-61.03658536585366,43.09470588235294
2.413353647000008,-0.86191259765625,2.5258827514648434,-2.041056915283203,-23.59756097560976,49.085365853658544,-51.585365853658544,43.124117647058824
2.427053350999927,-1.0726023437499999,6.851008050537109,-2.6707319519042967,20.60975609756098,54.81707317073171,-42.37804878048781,43.118235294117646
2.440764720999937,-1.4472949035644531,9.473855969238281,-3.456030096435547,1.5853658536585367,53.47560975609757,-34.87804878048781,43.13
2.454461887999969,-0.7003039855957031,10.17655415649414,-3.604470599365234,-26.951219512195124,53.84146341463415,-32.19512195121951,43.118235294117646
2.468353294999929,1.3371616271972655,4.754884497070313,-4.378994836425781,-8.963414634146343,60.243902439024396,-24.939024390243905,43.1064705882353
2.482088073,0.5111620544433594,6.714538555908203,-1.7262193969726563,5.731707317073171,58.04878048780488,-17.439024390243905,43.1064705882353
2.495813536000014,-2.579752288818359,9.163806854248046,-3.679887951660156,-46.40243902439025,45.487804878048784,-12.987804878048781,43.13
2.50951446199997,-0.44532150878906246,14.739902520751953,-2.418143676757812,-23.963414634146343,39.146341463414636,-1.6463414634146343,43.11235294117647
2.5232134249999945,-2.5354595581054684,8.525752111816406,-2.086546746826172,-48.71951219512196,29.695121951219516,3.8414634146341466,43.11235294117647
2.537100701999975,-0.5195417602539062,9.765948571777344,-4.292803576660156,-1.4634146341463417,27.682926829268297,-1.0365853658536586,43.124117647058824
2.550919072999932,-1.915361328125,13.960589880371092,-2.203862628173828,-55.0609756097561,20.0,-4.939024390243903,43.1064705882353
2.5646744249999074,-1.236605157470703,3.161543292236328,-3.907337109375,-4.390243902439025,26.82926829268293,-6.219512195121951,43.11235294117647
2.578432201999931,0.8607154968261719,5.370194323730469,-2.176329309082031,6.036585365853659,28.353658536585368,-5.3048780487804885,43.13588235294118
2.5922231280000005,-1.7717092285156248,6.8593877563476555,-3.0550013183593747,-22.621951219512198,26.707317073170735,1.9512195121951221,43.08294117647059
2.605995258000007,-0.5913678100585937,8.091204510498047,-2.767697119140625,-10.853658536585368,33.71951219512196,25.121951219512198,43.118235294117646
2.6198384059999853,-1.8830396057128904,7.147889056396484,-3.7804444213867185,-43.10975609756098,34.32926829268293,32.80487804878049,43.13588235294118
2.634921386999963,-1.1288660827636718,5.606023187255859,-3.801992236328125,-55.73170731707317,40.97560975609756,50.487804878048784,43.13
2.6502281649999304,-0.16041151123046873,8.008604553222655,-4.434061474609375,-26.463414634146343,39.451219512195124,51.28048780487806,43.13588235294118
2.6673156470000094,-1.1659762084960936,6.800729815673828,-5.797559320068359,-54.57317073170732,33.23170731707317,42.5609756097561,43.13588235294118
2.6827051839999285,1.2078747375488281,6.224924316406249,0.5758054992675781,-26.28048780487805,44.69512195121952,31.76829268292683,43.14764705882353
2.6980914799999027,0.3699041564941406,3.4919431213378904,-2.6982652709960937,-38.41463414634147,24.695121951219516,22.743902439024392,43.118235294117646
2.7134379799999806,-0.5386953735351562,10.633846673583983,-3.028665100097656,-17.195121951219512,16.82926829268293,20.79268292682927,43.11235294117647
2.7283139989999654,-1.7645266235351562,7.07366880493164,-1.6268600280761718,-46.646341463414636,2.073170731707317,17.804878048780488,43.1064705882353
2.742130442999951,-0.9720458740234375,8.882488159179687,-4.8698061767578125,-30.60975609756098,-7.743902439024391,15.000000000000002,43.124117647058824
2.7559372209999538,-1.5502455749511719,5.019443780517578,-6.53138212890625,-8.048780487804878,-7.134146341463415,12.621951219512196,43.1064705882353
2.769723090999946,0.6584054565429687,13.499706060791015,-1.131260284423828,-59.39024390243903,-9.207317073170733,4.939024390243903,43.124117647058824
2.783482979999917,2.4947581298828125,1.1755530151367186,-3.394977954101562,-22.682926829268293,1.8902439024390245,1.402439024390244,43.11235294117647
2.797370368999964,1.0582371337890624,10.468646759033202,-3.028665100097656,19.26829268292683,8.78048780487805,-12.80487804878049,43.1064705882353
2.8111788689999457,-4.509478826904297,5.427655163574219,-2.8036101440429686,-44.81707317073171,-1.4634146341463417,-27.682926829268297,43.118235294117646
2.825210368999933,-1.1156979736328125,6.658274816894531,-3.1088708557128903,-8.109756097560977,9.939024390243903,-30.426829268292686,43.118235294117646
2.840538369000001,0.08499415893554688,16.098611962890622,-0.17956512451171874,-65.48780487804879,14.26829268292683,-26.58536585365854,43.09470588235294
2.8558659239999997,0.968454571533203,3.3494881225585935,-2.531868255615234,-26.34146341463415,29.39024390243903,-30.0609756097561,43.11235294117647
2.8711811279999893,2.5330653564453125,4.98592495727539,-4.167107989501953,-12.500000000000002,59.451219512195124,-7.317073170731708,43.11235294117647
2.8864899059999516,-0.8571241943359375,10.924742175292968,-0.6284779357910156,-74.57317073170732,55.67073170731708,-4.634146341463415,43.1064705882353
2.901856534999979,-0.0047884033203125,8.327033374023436,-2.91134921875,23.963414634146343,52.6829268292683,2.1341463414634148,43.1064705882353
2.917168349999997,-2.618059515380859,13.04959614868164,-1.2485761657714842,-29.207317073170735,28.292682926829272,13.658536585365855,43.10058823529412
2.9315815539999903,0.3842693664550781,8.060079888916015,0.6212953308105469,-5.0,8.902439024390244,23.353658536585368,43.11235294117647
2.945353331999968,-0.9145850341796874,11.953051788330077,-2.2553379638671873,-13.719512195121952,0.1829268292682927,25.000000000000004,43.10058823529412
2.9591182020000133,-2.299630694580078,7.900865478515625,-5.08169302368164,-0.06097560975609757,-6.7682926829268295,23.29268292682927,43.118235294117646
2.9728923870000017,0.24061726684570311,13.561955303955077,-1.4437036010742186,-10.792682926829269,-6.158536585365854,18.414634146341466,43.09470588235294
2.9866654799999424,2.6479870361328124,0.6200982299804687,-5.366603021240234,-14.085365853658537,-3.7195121951219514,9.451219512195122,43.124117647058824
3.000397164999981,1.2473790649414063,13.043610644531249,-0.8571241943359375,-47.6829268292683,-0.7926829268292683,-10.914634146341465,43.11235294117647
3.0141200349999053,-1.5705962890624998,15.357606549072266,2.8658593872070313,-50.487804878048784,-7.439024390243903,-17.195121951219512,43.10058823529412
3.0278797579999264,-1.177947216796875,5.343858105468749,-3.295618585205078,-52.19512195121952,5.0,-29.451219512195124,43.118235294117646
3.0416269799999327,0.21906945190429686,5.392939239501953,-2.7952304382324216,-37.987804878048784,15.609756097560977,-50.79268292682927,43.09470588235294
3.0553715909999255,0.34117373657226563,15.29655440673828,0.2442085693359375,-23.04878048780488,38.10975609756098,-60.60975609756098,43.124117647058824
3.069122757999935,0.7625532287597656,3.794809631347656,-0.8355763793945312,-74.39024390243902,43.53658536585366,-42.6219512195122,43.118235294117646
3.0828718319999098,1.2892775939941405,9.242815509033203,-0.6691793640136718,-28.59756097560976,60.79268292682927,-26.402439024390247,43.118235294117646
3.0966268689999197,-0.35194764404296874,10.868478436279297,-1.8171990600585937,-47.19512195121952,66.09756097560977,-11.097560975609756,43.13
3.1103697579999334,-0.5123591552734374,13.82172618408203,-0.8367734802246093,-43.170731707317074,53.47560975609757,-7.8048780487804885,43.13588235294118
3.1241180719999875,-1.6579846496582031,5.275623358154297,-1.4377180969238281,-30.60975609756098,38.35365853658537,29.08536585365854,43.1064705882353
3.137941017000003,1.599326708984375,12.212822668457031,-2.863465185546875,-31.219512195121954,21.951219512195124,47.804878048780495,43.118235294117646
3.1517157389999966,1.5825672973632812,9.077615594482422,-2.9185318237304685,-16.097560975609756,16.70731707317073,60.060975609756106,43.09470588235294
3.1654713499999616,1.0666168395996094,14.63216344604492,0.7326257080078125,-38.78048780487805,9.756097560975611,59.024390243902445,43.124117647058824
3.1794652019999603,-2.1607669982910154,13.646949462890625,0.9828197814941406,5.731707317073171,1.5853658536585367,51.646341463414636,43.11235294117647
3.19323086899999,-3.4572271972656248,7.029376074218749,-1.7082628845214842,1.402439024390244,-18.597560975609756,33.170731707317074,43.118235294117646
3.206982405999952,-0.24899697265624998,14.118607189941406,2.223016241455078,-15.243902439024392,-30.182926829268297,16.097560975609756,43.10058823529412
3.2207486459999473,-0.8008604553222656,7.174225274658203,2.2553379638671873,9.51219512195122,-45.60975609756098,0.426829268292683,43.1064705882353
3.2345492949999652,-0.8128314636230468,7.978677032470703,-2.009932293701172,-1.2195121951219514,-47.25609756097561,-6.402439024390245,43.1064705882353
3.2483766829999468,0.16879121704101563,9.811438403320311,-0.086191259765625,-4.878048780487806,-42.31707317073171,-17.195121951219512,43.118235294117646
3.262160312999981,1.0761936462402344,9.880870251464843,-0.9947907897949219,-2.439024390243903,-18.475609756097562,-13.29268292682927,43.124117647058824
3.2759249800000134,1.2605471740722656,-0.08978256225585937,-3.1196447631835937,-23.84146341463415,1.6463414634146343,6.52439024390244,43.124117647058824
3.2899723869999207,0.022744915771484374,8.307879760742187,-2.972401361083984,18.04878048780488,28.59756097560976,15.243902439024392,43.1064705882353
3.3037977199999204,0.6727706665039062,17.60097350463867,0.2597708801269531,-41.768292682926834,42.50000000000001,19.75609756097561,43.118235294117646
3.31752901699997,1.4999673400878906,5.80354482421875,-1.656787548828125,-3.048780487804878,54.32926829268293,6.951219512195123,43.118235294117646
3.3319542199999432,-1.3299790222167969,19.61270144958496,-0.9026140258789062,-59.451219512195124,52.13414634146342,-3.7195121951219514,43.118235294117646
3.347366923999971,-1.9955670837402342,7.390900524902343,-2.39420166015625,-9.634146341463415,38.47560975609756,-10.30487804878049,43.11235294117647
3.362697293999986,-0.022744915771484374,6.5385647338867185,-2.3499089294433593,-14.329268292682928,20.182926829268293,-17.134146341463417,43.13
3.3779752759999155,-0.017956512451171875,11.926715570068358,2.0925322509765625,-67.31707317073172,8.719512195121952,-37.01219512195122,43.13588235294118
3.39353090599991,0.9241618408203125,7.750030773925781,-1.131260284423828,23.902439024390247,20.60975609756098,-28.353658536585368,43.124117647058824
3.409118942999953,-0.6093243225097655,10.89122335205078,-1.956062756347656,-52.6219512195122,10.609756097560977,-28.414634146341466,43.124117647058824
3.4246013679999123,2.032677209472656,10.290278735351562,-0.7398083129882812,-6.52439024390244,22.439024390243905,-25.731707317073173,43.13
3.438048442999957,-1.3108254089355469,17.48006632080078,-1.4640543151855467,-61.646341463414636,18.78048780487805,-27.743902439024392,43.118235294117646
3.450607665000007,0.009576806640625,12.39837329711914,-0.1975216369628906,-29.02439024390244,26.58536585365854,-27.926829268292686,43.124117647058824
3.46322231299996,-0.07781155395507812,11.889605444335936,-0.5159504577636719,-44.51219512195122,26.09756097560976,-29.695121951219516,43.10058823529412
3.475978442999917,-1.7908628417968748,12.866439721679686,0.24660277099609373,-63.84146341463415,19.512195121951223,-15.914634146341465,43.124117647058824
3.489321145999952,-1.838746875,7.653065606689452,-0.10654197387695312,-52.13414634146342,9.085365853658537,-34.451219512195124,43.13588235294118
3.502681738999968,-1.0223241088867188,10.034099157714843,0.3794809631347656,-22.378048780487806,4.390243902439025,-35.243902439024396,43.13588235294118
3.515513849999934,0.025139117431640625,9.443928448486327,0.47644613037109373,-3.1707317073170733,3.7195121951219514,-32.743902439024396,43.124117647058824
3.5278062759999784,1.4616601135253906,14.130578198242187,-0.003591302490234375,15.000000000000002,11.158536585365855,-21.76829268292683,43.124117647058824
3.534682423999925,-0.6715735656738281,6.191405493164062,1.303642803955078,-12.865853658536587,9.756097560975611,-24.085365853658537,43.118235294117646
3.5415212020000126,0.15682020874023436,7.11197603149414,0.4165910888671875,-10.30487804878049,21.951219512195124,-23.53658536585366,43.124117647058824
3.5483646650000082,-0.8607154968261719,8.47188257446289,-0.6967126831054687,8.475609756097562,23.170731707317074,-24.451219512195124,43.13588235294118
3.555208830999959,0.7026981872558593,10.698490118408202,2.412158172607422,3.1707317073170733,26.34146341463415,-19.512195121951223,43.13588235294118
3.562034904999905,-1.1049240661621094,14.128183996582031,3.114856359863281,-19.695121951219512,35.54878048780488,-21.646341463414636,43.13
3.568881645999909,-2.902969512939453,11.0707884765625,-0.3507505432128906,-11.52439024390244,37.13414634146342,-18.902439024390244,43.118235294117646
3.5757390349999696,-2.1619640991210938,11.512518682861327,-0.11372457885742186,-23.59756097560976,33.963414634146346,-22.25609756097561,43.13
3.5825803309999174,2.0183119995117185,6.995857250976562,2.9508535461425778,-18.84146341463415,40.1219512195122,-16.402439024390244,43.13
3.5894072759999744,0.7134720947265625,9.475053070068359,0.9983820922851562,-19.085365853658537,40.304878048780495,-16.03658536585366,43.118235294117646
3.596274145999928,0.604535919189453,7.976282830810546,-1.1133037719726562,-16.28048780487805,41.40243902439025,-14.02439024390244,43.14176470588235
3.6031119419999413,-0.2059013427734375,8.711302740478516,-1.0474632263183594,-12.80487804878049,38.29268292682927,-12.74390243902439,43.124117647058824
3.6099531279999155,-2.242169854736328,7.8529814453124995,-0.15442600708007811,-22.682926829268293,28.902439024390247,-10.731707317073171,43.13
3.6168059609999546,-1.0785878479003905,5.719747766113281,-1.189918225097656,18.84146341463415,14.390243902439027,-8.719512195121952,43.124117647058824
3.6236555350000117,0.12808978881835936,7.8362220336914055,-1.3204022155761719,23.658536585365855,9.939024390243903,-2.682926829268293,43.118235294117646
3.6304949419999275,-1.8806454040527343,4.630386010742187,-5.421669659423828,28.59756097560976,6.646341463414635,11.951219512195124,43.118235294117646
3.637333701999978,-3.343502618408203,10.433930834960936,-2.1906945190429687,58.04878048780488,-25.792682926829272,17.134146341463417,43.124117647058824
3.6442030349999186,-2.896984008789062,10.771513269042968,1.0115502014160156,85.0609756097561,-40.36585365853659,24.451219512195124,43.124117647058824
3.6510389789999635,-1.9943699829101562,10.10712230834961,1.3479355346679687,84.87804878048782,-77.8658536585366,37.743902439024396,43.11235294117647
3.657881108999959,-3.4536358947753905,7.036558679199218,-5.358223315429687,104.14634146341464,-92.6219512195122,45.0609756097561,43.14176470588235
3.664748627999984,-0.9852139831542969,10.466252557373046,0.23343466186523437,132.31707317073173,-106.82926829268294,47.926829268292686,43.14764705882353
3.6715892940000003,-1.1456254943847655,10.220846887207031,-0.033518823242187495,145.4878048780488,-136.82926829268294,67.8048780487805,43.13
3.678426571999921,-1.3934253662109375,10.149020837402343,-1.0630255371093749,142.25609756097563,-152.07317073170734,72.5609756097561,43.124117647058824
3.6852787759999046,-2.864662286376953,16.014814904785155,-1.446097802734375,138.41463414634148,-163.109756097561,79.14634146341464,43.13588235294118
3.6921301090000043,-1.3934253662109375,12.368445776367187,-1.0869675537109373,115.85365853658537,-177.9878048780488,82.37804878048782,43.13
3.698965201999954,0.24301146850585936,8.856151940917968,-2.2649147705078123,119.14634146341464,-178.41463414634148,85.73170731707317,43.124117647058824
3.7058015719999275,0.44412440795898434,10.485406170654297,0.3902548706054687,133.53658536585368,-182.8658536585366,94.75609756097562,43.13
3.7126497389999713,-0.31962592163085934,13.232752575683593,-1.4616601135253906,115.79268292682927,-162.9268292682927,95.73170731707317,43.118235294117646
3.719504997999934,-0.10175357055664062,8.684966522216797,-0.8032546569824218,104.20731707317074,-155.1829268292683,94.51219512195122,43.1064705882353
3.7263441650000004,0.3591302490234375,12.01530103149414,-0.37229835815429685,102.50000000000001,-134.02439024390245,96.28048780487806,43.13
3.7333262390000073,0.622492431640625,9.700108026123047,-1.629254229736328,89.87804878048782,-120.54878048780489,91.52439024390245,43.11235294117647
3.740197627999919,1.7992425476074219,10.037690460205077,-2.890998504638672,107.56097560975611,-106.03658536585367,85.97560975609757,43.118235294117646
3.747042904999944,1.5502455749511719,13.020865728759764,-1.7741034301757812,100.42682926829269,-72.7439024390244,81.46341463414635,43.11235294117647
3.753892071999985,2.1416133850097654,9.829394915771484,-4.329913702392578,108.10975609756099,-56.646341463414636,74.39024390243902,43.13
3.7607375530000127,1.7968483459472655,12.467805145263672,-2.4157494750976563,134.02439024390245,-34.63414634146342,63.23170731707317,43.118235294117646
3.7675896089999696,-0.4417302062988281,16.41344948120117,-3.7110125732421873,89.02439024390245,-32.07317073170732,56.524390243902445,43.124117647058824
3.7744315909999386,-0.7254431030273437,1.3407529296874998,-1.5705962890624998,89.20731707317074,-30.731707317073173,48.41463414634147,43.118235294117646
3.781281368000009,0.4177881896972656,5.370194323730469,-4.6818613464355465,108.47560975609757,-12.500000000000002,42.25609756097561,43.1064705882353
3.788132515999905,0.00239420166015625,10.371681591796875,-5.08169302368164,139.14634146341464,-5.670731707317073,36.09756097560976,43.11235294117647
3.794962441999928,0.08259995727539061,12.100295190429687,-4.584896179199219,122.31707317073172,-1.5853658536585367,29.207317073170735,43.11235294117647
3.8018004979999205,-0.5602431884765625,11.352107171630859,-4.7752352111816405,99.02439024390245,4.146341463414634,27.25609756097561,43.13
3.808725367999955,-0.35314474487304687,8.699331732177734,-2.602497204589844,98.90243902439025,6.585365853658537,24.451219512195124,43.124117647058824
3.8155869049999183,-0.9026140258789062,13.008894720458983,-0.7350199096679687,89.45121951219512,2.682926829268293,8.719512195121952,43.124117647058824
3.822467942000003,-0.24660277099609373,4.146757275390625,-5.649118817138672,87.19512195121952,24.878048780487806,2.5,43.124117647058824
3.8293931459999158,-0.6835445739746093,15.726313604736328,-1.448492004394531,79.45121951219512,27.31707317073171,-4.634146341463415,43.118235294117646
3.836257127999943,2.3726538452148436,6.500257507324219,-2.529474053955078,57.865853658536594,39.51219512195122,-19.695121951219512,43.13588235294118
3.8431099979999317,0.277727392578125,8.692149127197265,-1.429338391113281,62.01219512195122,43.84146341463415,-24.451219512195124,43.13
3.8499492569999347,0.02154781494140625,11.529278094482422,-6.172251879882812,51.09756097560976,48.23170731707317,-21.097560975609756,43.13
3.8567992199999708,0.42018239135742186,6.669048724365234,-5.540182641601562,35.487804878048784,57.37804878048781,-34.08536585365854,43.118235294117646
3.8636643309999954,-0.034715924072265626,8.410830432128906,-4.128800762939453,50.426829268292686,58.53658536585366,-33.963414634146346,43.13
3.870489756999973,-0.7972691528320313,16.886304309082032,0.4273649963378906,10.487804878048781,56.524390243902445,-34.268292682926834,43.11235294117647
3.8773189610000145,0.55545478515625,2.9700071594238278,0.4333505004882812,-8.414634146341465,47.43902439024391,-25.426829268292686,43.124117647058824
3.8841542569999774,-1.2030863342285156,7.524975817871093,-4.483142608642578,31.76829268292683,47.01219512195122,-19.878048780487806,43.124117647058824
3.8910514979999107,-0.3220201232910156,17.69554447021484,-0.7254431030273437,37.86585365853659,36.09756097560976,-6.585365853658537,43.13
3.8979235529999414,2.450465399169922,8.826224420166016,-0.7864952453613281,-36.524390243902445,32.01219512195122,2.804878048780488,43.13
3.9048057939999126,1.1061211669921875,2.6599580444335937,-3.489548919677734,-18.10975609756098,28.414634146341466,5.365853658536586,43.11235294117647
3.9116599239999914,-0.6356605407714844,11.981782208251952,-0.3184288208007812,12.073170731707318,20.426829268292686,25.54878048780488,43.124117647058824
3.918500404999918,1.3850456604003905,9.588777648925781,-3.536235852050781,-8.414634146341465,17.31707317073171,30.487804878048784,43.118235294117646
3.925348701999951,1.1791443176269532,7.6614453125,-3.537432952880859,-7.134146341463415,15.121951219512196,36.40243902439025,43.13
3.932203015999903,0.20350714111328125,13.96896958618164,-2.481590020751953,-26.34146341463415,11.585365853658537,40.36585365853659,43.124117647058824
3.939044886999909,-1.1887211242675781,6.858190655517578,-3.8762124877929685,-36.03658536585366,5.365853658536586,40.0,43.13588235294118
3.945884163999949,0.42018239135742186,7.914033587646484,-0.7110778930664062,-12.560975609756099,0.48780487804878053,32.743902439024396,43.124117647058824
3.952751201999945,-1.6843208679199217,6.187814190673827,-3.465606903076172,13.475609756097562,-5.0,28.963414634146343,43.13588235294118
3.9595968679999487,-2.155978594970703,11.79264027709961,-2.3223756103515623,13.29268292682927,-11.036585365853659,21.34146341463415,43.118235294117646
3.966452145999938,-1.1480196960449218,9.677363110351562,-3.3207577026367185,-1.0975609756097562,-24.146341463414636,10.24390243902439,43.124117647058824
3.9733602389999305,-0.5027823486328125,6.867767462158203,-6.072892510986327,0.1829268292682927,-25.60975609756098,7.621951219512196,43.118235294117646
3.9802196089999597,0.2861070983886719,10.660182891845702,-6.068104107666016,16.03658536585366,-23.353658536585368,3.5975609756097566,43.14764705882353
3.9870699239999112,2.85388837890625,10.569203228759765,-2.04943662109375,24.573170731707318,-22.012195121951223,5.060975609756098,43.14764705882353
3.9939227569999503,2.607285607910156,9.872490545654296,-4.023455889892578,21.34146341463415,-23.231707317073173,6.341463414634147,43.14176470588235
4.000760163999985,1.9776105712890624,6.489483599853515,-7.0449383850097655,15.426829268292684,-28.353658536585368,12.74390243902439,43.11235294117647
4.007597515999919,1.2425906616210938,9.950302099609374,-4.465186096191406,31.82926829268293,-32.743902439024396,16.28048780487805,43.124117647058824
4.014446534999934,-0.7314286071777343,13.443442321777344,-2.808398547363281,-6.585365853658537,-42.13414634146342,16.402439024390244,43.14176470588235
4.021310923999977,3.5913024902343746,5.230133526611328,-5.258863946533203,-38.53658536585366,-44.451219512195124,15.000000000000002,43.13588235294118
4.0281485159999875,1.5418658691406248,-3.1878795104980466,-2.033874310302734,8.109756097560977,-47.31707317073171,12.073170731707318,43.124117647058824
4.034983626999974,2.005143890380859,19.205088616943357,-2.053027923583984,15.487804878048783,-44.268292682926834,3.536585365853659,43.11235294117647
4.041843405000009,-0.1879448303222656,12.914323754882812,-3.009511486816406,-28.353658536585368,-44.81707317073171,-0.5487804878048781,43.13
4.048688867999999,2.6108769104003904,12.43668052368164,-1.1097124694824219,-59.57317073170732,-42.743902439024396,3.353658536585366,43.118235294117646
4.055526535000013,2.1775264099121094,8.410830432128906,-1.7980454467773437,-75.3048780487805,-37.5609756097561,0.48780487804878053,43.08294117647059
4.062364997999907,-0.4525041137695312,14.113818786621094,-1.3455413330078123,-92.98780487804879,-16.34146341463415,-2.987804878048781,43.1064705882353
4.069211941999924,1.218648645019531,11.623849060058593,-2.6467899353027344,-66.82926829268293,-5.914634146341464,-10.182926829268293,43.118235294117646
4.076066609000009,-1.4796166259765624,14.563928698730468,-0.16160861206054686,-89.69512195121952,9.634146341463415,-43.170731707317074,43.13
4.082907108999962,1.24498486328125,-2.8107927490234372,-4.413710760498047,-66.03658536585367,19.390243902439025,-49.268292682926834,43.118235294117646
4.089749756999936,-1.9309236389160156,14.917073443603515,-3.8798037902832028,-77.13414634146342,23.59756097560976,-57.6219512195122,43.118235294117646
4.0966122759999735,-2.048239520263672,13.056778753662108,-1.361103643798828,-107.92682926829269,43.170731707317074,-54.32926829268293,43.14764705882353
4.103450071999987,3.010708587646484,1.1731588134765625,-4.7189714721679685,-59.32926829268293,54.87804878048781,-57.25609756097561,43.13
4.110285201000011,-2.1068974609374997,10.949881292724609,0.181959326171875,-52.25609756097561,60.73170731707317,-76.09756097560977,43.13588235294118
4.11724492399992,0.2561795776367187,0.55545478515625,-6.111199737548827,-51.34146341463415,64.9390243902439,-74.75609756097562,43.118235294117646
4.124103719999994,0.03591302490234375,-1.7992425476074219,-3.939658831787109,-57.01219512195122,70.1219512195122,-67.92682926829269,43.13
4.130939700999988,1.2342109558105467,12.382810986328124,-2.6874913635253903,-42.19512195121951,62.743902439024396,-46.82926829268293,43.118235294117646
4.137776608999957,2.942473840332031,15.752649822998047,-2.7174188842773437,-82.50000000000001,78.96341463414635,-38.35365853658537,43.13
4.1446261459999505,1.0271125122070313,-1.9788076721191405,-5.795165118408203,-47.987804878048784,83.96341463414635,-21.219512195121954,43.13
4.151478461000011,1.9716250671386717,17.793706738281248,-1.7800889343261719,-8.658536585365855,95.1219512195122,-16.158536585365855,43.13
4.158314219999966,0.97683427734375,19.61270144958496,-2.634818927001953,-107.01219512195122,87.13414634146342,-15.30487804878049,43.13
4.165158311999903,1.083376251220703,3.1352070739746094,1.6017209106445311,-113.59756097560977,80.67073170731707,-5.7926829268292686,43.13588235294118
4.172034886999995,0.7481880187988281,8.396465222167969,-1.4221557861328125,-94.32926829268294,73.71951219512195,-8.048780487804878,43.124117647058824
4.178886849999913,0.3938461730957031,14.257470886230468,-3.1639374938964844,-108.78048780487806,68.71951219512195,-5.3048780487804885,43.13
4.18574175699996,-0.978031378173828,13.912705847167969,2.393004559326172,-124.32926829268294,51.768292682926834,-5.487804878048781,43.13588235294118
4.192593941999917,-0.1640028137207031,8.749609967041016,-5.832275244140624,-95.1829268292683,45.426829268292686,-8.658536585365855,43.1064705882353
4.199432720000004,0.1640028137207031,18.61012950439453,-1.4891934326171874,-92.8658536585366,41.28048780487805,-9.695121951219512,43.124117647058824
4.206270608999944,0.5518634826660156,13.280636608886718,-1.5777788940429687,-132.37804878048783,28.10975609756098,-18.902439024390244,43.118235294117646
4.213115423999966,2.300827795410156,3.9887399658203124,0.17956512451171874,-94.14634146341464,22.134146341463417,-17.98780487804878,43.13
4.21996860899992,-0.4608838195800781,12.476184851074217,-5.700594152832031,-33.109756097560975,20.54878048780488,-2.987804878048781,43.13588235294118
4.226804682999955,-0.5614402893066406,14.539986682128905,-4.861426470947265,-17.682926829268293,13.597560975609758,-21.585365853658537,43.13
4.237147848999939,0.051475335693359374,11.168950744628905,-0.8894459167480468,-55.97560975609757,8.597560975609756,-24.939024390243905,43.14176470588235
4.252545330999965,-0.5410895751953124,6.274005450439453,0.0383072265625,-22.743902439024392,-4.634146341463415,-27.621951219512198,43.13
4.267900349000001,-1.7465701110839842,16.284162591552732,-1.455674609375,-53.53658536585366,-10.914634146341465,-20.670731707317074,43.14176470588235
4.283365108999988,0.488417138671875,15.805322259521484,-0.5111620544433594,-59.024390243902445,-4.207317073170732,-25.792682926829272,43.13588235294118
4.298723126999903,1.9584569580078124,11.299434735107422,-0.612915625,-42.926829268292686,12.073170731707318,-22.134146341463417,43.124117647058824
4.314042274999906,1.0019733947753906,8.689754925537109,-3.9983167724609374,-76.46341463414635,25.0609756097561,-22.378048780487806,43.13
4.329336811999951,0.33399113159179683,18.748993200683593,-2.1511901916503904,-99.26829268292684,33.65853658536586,-4.939024390243903,43.124117647058824
4.343729904999918,-1.2797007873535156,10.339359869384765,-3.4715924072265625,-83.41463414634147,27.378048780487806,1.0365853658536586,43.13
4.357495126999993,0.4082113830566406,9.14824454345703,1.5562310791015623,-51.40243902439025,23.59756097560976,3.4756097560975614,43.13
4.371246719999931,0.12210428466796874,15.54555137939453,2.455253802490234,-71.21951219512195,20.60975609756098,10.853658536585368,43.124117647058824
4.385084774999996,0.058657940673828124,10.394426507568358,-2.299630694580078,-32.25609756097561,26.402439024390247,9.26829268292683,43.118235294117646
4.398876609000013,1.2761094848632812,12.25711539916992,-1.1935095275878906,-33.47560975609756,33.04878048780488,12.987804878048781,43.13
4.412642404999929,-0.21188684692382811,12.679691992187498,-1.3204022155761719,-42.926829268292686,37.926829268292686,17.073170731707318,43.13
4.426431682999919,2.683900061035156,9.387664709472656,1.7477672119140624,-15.975609756097562,41.21951219512196,18.78048780487805,43.14764705882353
4.441074256999968,0.6392518432617187,12.610260144042968,-0.5518634826660156,-40.1829268292683,40.426829268292686,29.146341463414636,43.13588235294118
4.456484126999953,1.715445489501953,14.128183996582031,2.4851813232421875,-63.71951219512196,40.487804878048784,6.036585365853659,43.124117647058824
4.471846552999978,-0.07062894897460938,11.694478009033203,0.967257470703125,-66.52439024390245,35.73170731707317,-15.54878048780488,43.10058823529412
4.4872158859999445,-0.6667851623535156,15.22592545776367,0.5853823059082031,-103.17073170731709,25.30487804878049,-38.41463414634147,43.13588235294118
4.502526145999923,-0.3507505432128906,11.724405529785155,0.42975919799804685,-94.57317073170732,29.26829268292683,-42.86585365853659,43.13
4.517845793999982,-1.1839327209472656,9.555258825683593,1.8171990600585937,-76.95121951219512,41.21951219512196,-48.90243902439025,43.14764705882353
4.533416794000004,-2.577358087158203,12.393584893798828,1.4808137268066406,-87.8048780487805,41.524390243902445,-39.57317073170732,43.13588235294118
4.5474643860000015,-1.0809820495605469,3.7624879089355465,4.611232397460937,-106.03658536585367,41.34146341463415,-30.487804878048784,43.11235294117647
4.561464126999908,-0.36391865234375,9.689334118652344,0.8547299926757812,-54.146341463414636,42.5609756097561,-26.158536585365855,43.14764705882353
4.575883385999987,-1.3682862487792968,9.72285294189453,4.074931225585937,-79.57317073170732,51.28048780487806,-7.926829268292684,43.13588235294118
4.590104089999954,-0.8415618835449218,11.784260571289062,4.833893151855468,-60.85365853658537,50.0609756097561,-7.500000000000001,43.13588235294118
4.603848830999937,-0.30406361083984373,9.137470635986327,1.5825672973632812,-64.69512195121952,54.93902439024391,-6.585365853658537,43.124117647058824
4.617588108999939,-2.1978771240234374,15.185224029541015,3.5027170288085934,-90.42682926829269,53.84146341463415,-6.036585365853659,43.15941176470589
4.631774812000003,-1.39821376953125,10.517727893066406,4.04739790649414,-60.365853658536594,57.926829268292686,-8.048780487804878,43.15941176470589
4.645548237999947,-2.598905902099609,2.896984008789062,1.0869675537109373,-83.17073170731707,55.97560975609757,-7.987804878048781,43.13
4.659325089999925,0.05746083984375,13.863624713134765,1.8339584716796873,-67.19512195121952,46.951219512195124,-8.536585365853659,43.118235294117646
4.673385904999918,-1.4449007019042968,7.220912207031249,0.044292730712890624,-62.13414634146342,37.743902439024396,-4.024390243902439,43.13588235294118
4.687150848999977,-1.9608511596679685,10.39322940673828,1.4413093994140624,-36.03658536585366,25.182926829268293,-10.731707317073171,43.13588235294118
4.700897848999944,-3.9037458068847655,8.206126190185547,3.0023288818359375,-79.75609756097562,0.30487804878048785,-30.243902439024392,43.14764705882353
4.7149886269999115,-2.251746661376953,12.374431280517577,5.390545037841797,-52.19512195121952,-5.853658536585367,-9.695121951219512,43.15941176470589
4.728756367999949,-4.247313745117188,13.230358374023437,3.919308117675781,-111.82926829268294,-18.475609756097562,-10.121951219512196,43.13588235294118
4.743447607999997,-3.5506010620117183,14.57589970703125,6.581660363769531,-137.4390243902439,-28.658536585365855,-7.134146341463415,43.13588235294118
4.758771496999998,-0.7912836486816406,12.798204974365234,6.4356140625,-193.96341463414635,-18.658536585365855,-11.036585365853659,43.13588235294118
4.7740629420000005,-0.7721300354003906,8.304288458251953,5.363011718749999,-228.84146341463418,-36.58536585365854,-2.073170731707317,43.124117647058824
4.789379294000014,-0.19632453613281248,10.740388647460938,4.413710760498047,-212.13414634146343,-37.80487804878049,-2.6219512195121952,43.13588235294118
4.804943941999909,-1.5825672973632812,0.36272155151367186,6.519411120605469,-170.91463414634148,-34.69512195121951,11.585365853658537,43.14764705882353
4.820274144999985,-1.0594342346191405,14.416685296630858,5.528211633300781,-141.64634146341464,-32.37804878048781,12.195121951219512,43.13
4.835594941999943,-0.13287819213867186,5.626373901367187,5.230133526611328,-106.89024390243904,-15.975609756097562,24.573170731707318,43.14176470588235
4.850889404999975,-0.44053310546874996,11.86805762939453,9.87727894897461,-124.26829268292684,8.78048780487805,27.439024390243905,43.13588235294118
4.8662078119999705,-0.2501940734863281,5.859808563232422,8.736441857910156,-88.17073170731707,36.646341463414636,35.243902439024396,43.14764705882353
4.881594682000014,0.2932897033691406,7.8529814453124995,10.25316860961914,-104.39024390243904,58.47560975609757,39.93902439024391,43.15352941176471
4.897143644999915,-0.143652099609375,13.832500091552733,8.596381060791016,-122.62195121951221,74.63414634146342,31.34146341463415,43.15352941176471
4.9124319049999485,1.6364368347167968,6.0513446960449215,9.194931475830078,-91.95121951219512,74.57317073170732,28.53658536585366,43.16529411764706
4.927673571000014,-0.9696516723632812,5.580884069824219,6.886921075439453,-110.2439024390244,48.65853658536586,19.75609756097561,43.16529411764706
4.9431101449999915,-2.6144682128906247,3.67749375,4.8506525634765625,-55.0609756097561,24.26829268292683,23.10975609756098,43.124117647058824
4.9583594229999335,-2.817975354003906,13.136984509277344,8.559270935058594,-78.84146341463415,3.658536585365854,23.902439024390247,43.1064705882353
4.973605607999957,0.051475335693359374,7.038952880859375,11.401188305664062,-81.82926829268294,11.646341463414634,26.58536585365854,43.14764705882353
4.989032737999992,-0.5410895751953124,9.859322436523437,12.253524096679687,-120.42682926829269,13.414634146341465,30.182926829268297,43.15352941176471
5.004352756000003,-0.8367734802246093,5.1343654602050774,6.4739212890625,-168.109756097561,14.146341463414636,41.707317073170735,43.15941176470589
