0.016182980999928986,-3.67749375,2.1033061584472654,-2.606088507080078,-55.365853658536594,15.975609756097562,35.1829268292683,39.85941176470588
0.03181123999991087,-0.10773907470703124,5.05655390625,0.020350714111328123,-19.939024390243905,10.0,32.987804878048784,39.85941176470588
0.04741981399990891,-2.012326495361328,19.18952630615234,2.674323254394531,-1.524390243902439,8.353658536585366,35.79268292682927,39.87117647058824
0.0628465369999276,-0.08738836059570312,-0.43454760131835934,-2.418143676757812,83.10975609756099,4.146341463414634,42.743902439024396,39.81823529411765
0.07826907399999072,0.09457096557617187,19.61270144958496,-0.3172317199707031,4.024390243902439,-36.524390243902445,-53.71951219512196,39.83588235294118
0.09379746199999772,11.094730493164063,-1.686715069580078,-5.665878228759765,11.036585365853659,-37.5,-46.28048780487805,39.841764705882355
0.10980485099992165,0.6679822631835937,8.41442173461914,1.7190367919921874,-6.158536585365854,-17.743902439024392,-78.35365853658537,39.853529411764704
0.1201760919999515,-3.161543292236328,19.61270144958496,-2.384624853515625,-48.29268292682927,18.658536585365855,33.109756097560975,39.83588235294118
0.12800133299992922,-4.139574670410156,2.6970681701660153,-3.9420530334472654,-79.39024390243902,1.402439024390244,40.1829268292683,39.81823529411765
0.1352992769999446,-1.1863269226074218,-2.013523596191406,0.28371289672851563,-20.853658536585368,0.06097560975609757,38.29268292682927,39.83588235294118
0.14228570299997045,-0.63206923828125,1.6891092712402342,1.2629413757324217,-18.29268292682927,-0.12195121951219513,31.646341463414636,39.853529411764704
0.149351165999974,-1.255758770751953,1.6412252380371093,-0.9253589416503906,-2.378048780487805,-1.524390243902439,21.03658536585366,39.84764705882353
0.15637538799990125,-1.4688427185058592,14.942212561035156,1.180341418457031,2.3170731707317076,0.6707317073170732,10.548780487804878,39.84764705882353
0.16336692499999117,-0.1388636962890625,13.005303417968749,-0.201112939453125,-5.487804878048781,1.6463414634146343,32.25609756097561,39.853529411764704
0.17038981399991826,-0.5853823059082031,10.769119067382812,-2.2685060729980466,14.878048780487806,-0.9146341463414634,37.43902439024391,39.853529411764704
0.1774837769999067,-0.11851298217773437,-1.820790362548828,-2.511517541503906,52.25609756097561,-1.0975609756097562,38.963414634146346,39.84764705882353
0.18435094399990248,0.28730419921875,3.3638533325195312,1.0690110412597655,90.67073170731707,-1.402439024390244,35.426829268292686,39.82411764705883
0.19119331399997463,0.5698199951171875,18.708291772460935,0.3794809631347656,74.87804878048782,-1.5853658536585367,30.243902439024392,39.81823529411765
0.1980355729999701,-1.763329522705078,19.61270144958496,-3.3219548034667965,46.34146341463415,-54.93902439024391,-76.76829268292684,39.83588235294118
0.20487414799993076,11.355698474121093,19.61270144958496,-7.32266577758789,-57.987804878048784,-51.34146341463415,-68.78048780487805,39.84764705882353
0.21171159199991507,4.572925170898437,2.1787235107421874,-3.001131781005859,5.2439024390243905,-42.6829268292683,-51.89024390243903,39.853529411764704
0.21856157299998813,2.2385785522460937,5.874173773193359,0.7398083129882812,20.365853658536587,-26.34146341463415,-56.89024390243903,39.841764705882355
0.225414017999924,0.9852139831542969,8.768763580322265,-4.771643908691406,-4.75609756097561,-22.195121951219512,-66.52439024390245,39.841764705882355
0.2322692029999871,-0.978031378173828,19.61270144958496,-8.143876947021484,-23.475609756097562,-5.731707317073171,26.09756097560976,39.853529411764704
0.23911298099994838,-7.700949639892578,17.102979559326172,-3.831919757080078,-76.28048780487805,6.2804878048780495,29.75609756097561,39.83
0.2459579809999468,-3.806780639648437,-0.5051765502929687,-2.6048914062499997,-45.426829268292686,-0.24390243902439027,23.84146341463415,39.83
0.25282970299997487,-1.332373223876953,0.6931213806152343,0.028730419921875,-21.82926829268293,-5.7926829268292686,19.146341463414636,39.83
0.2596889440000041,-1.1276689819335937,5.248090039062499,2.6240450195312497,-35.85365853658537,-9.451219512195122,20.121951219512198,39.82411764705883
0.2665658879999455,-1.4808137268066406,6.0908490234374995,-2.5737667846679684,-35.54878048780488,-11.951219512195124,27.25609756097561,39.83
0.2734272029999829,-3.423708374023437,15.67962667236328,0.40581718139648437,-10.792682926829269,-12.439024390243903,28.04878048780488,39.853529411764704
0.2804311659999712,-0.8355763793945312,10.775104571533202,-1.2401964599609374,-1.402439024390244,-10.975609756097562,27.25609756097561,39.83588235294118
0.2874904249999872,0.10893617553710937,0.13287819213867186,-2.01112939453125,18.414634146341466,-12.256097560975611,30.0609756097561,39.853529411764704
0.294365017999894,0.23822306518554687,2.2385785522460937,0.3555389465332031,58.53658536585366,-10.975609756097562,29.512195121951223,39.84764705882353
0.30121314699999857,1.2126631408691406,11.409568011474608,4.046200805664062,54.93902439024391,-10.609756097560977,27.134146341463417,39.853529411764704
0.3080568329999096,0.3687070556640625,11.135431921386719,1.8555062866210936,31.89024390243903,-7.073170731707318,22.31707317073171,39.83
0.3148971849999498,1.9883844787597655,4.509478826904297,-0.7410054138183594,64.75609756097562,-5.853658536585367,16.70731707317073,39.841764705882355
0.32176422199995613,-5.02423218383789,19.61270144958496,-1.887828009033203,47.5609756097561,-22.682926829268293,-27.31707317073171,39.853529411764704
0.32862596199993277,9.313444458007812,12.337321154785155,-2.436100189208984,-6.829268292682928,-49.63414634146342,-94.63414634146342,39.82411764705883
0.33546670299995185,6.03937368774414,-2.2290017456054687,-4.454412188720703,50.97560975609756,-42.743902439024396,-82.50000000000001,39.82411764705883
0.34230801799992605,7.752424975585937,19.61270144958496,-4.083310931396484,56.34146341463415,-21.34146341463415,26.03658536585366,39.853529411764704
0.3491456470000003,-7.219715106201171,19.61270144958496,-1.6603788513183593,-88.35365853658537,5.426829268292684,28.719512195121954,39.853529411764704
0.3559862959999691,-6.010643267822266,0.2980781066894531,-3.447650390625,-95.1219512195122,-4.024390243902439,19.02439024390244,39.87117647058824
0.36282690699999876,-0.5781997009277343,-2.2290017456054687,-3.017891192626953,-72.8658536585366,-1.7682926829268295,13.536585365853659,39.83
0.36966614699997535,-0.9181763366699218,0.74699091796875,-2.272097375488281,-23.170731707317074,-2.378048780487805,15.670731707317074,39.85941176470588
0.3765075549999892,-2.214636535644531,10.365696087646484,-1.4736311218261717,-24.085365853658537,-8.536585365853659,20.670731707317074,39.85941176470588
0.3833482399999184,-1.8255787658691405,15.224728356933593,-0.939724151611328,-30.121951219512198,-20.0609756097561,23.475609756097562,39.84764705882353
0.3901866839999002,-0.9038111267089843,9.848548529052733,0.27174188842773433,-31.463414634146343,-19.878048780487806,23.78048780487805,39.853529411764704
0.3970236099999056,0.23582886352539062,0.853532891845703,-2.2541408630371094,-24.695121951219516,-17.439024390243905,20.975609756097562,39.853529411764704
0.40386129599994547,1.399410870361328,4.860229370117187,-0.469263525390625,16.951219512195124,-11.585365853658537,18.53658536585366,39.853529411764704
0.41069809199996143,0.6691793640136718,7.0102224609374995,-1.3048399047851562,22.743902439024392,-8.719512195121952,16.890243902439025,39.83
0.41753818399990905,1.370680450439453,11.052831964111327,1.7106570861816406,46.646341463414636,-6.158536585365854,16.646341463414636,39.86529411764706
0.4243915919998926,-0.6691793640136718,6.166266375732421,0.2561795776367187,52.01219512195122,-6.52439024390244,16.463414634146343,39.84764705882353
0.43123405500000445,0.45968671875,5.335478399658203,0.7386112121582031,73.71951219512195,-6.829268292682928,15.54878048780488,39.85941176470588
0.43807268399996246,-1.6148890197753905,5.729324572753906,-0.7960720520019531,78.59756097560977,-17.743902439024392,-14.695121951219514,39.853529411764704
0.4449123699999973,-8.131905938720703,19.61270144958496,0.1388636962890625,23.231707317073173,-53.78048780487806,-90.67073170731707,39.85941176470588
0.4520673879999322,15.563507891845703,19.14643067626953,-8.601169464111328,-30.0609756097561,-61.524390243902445,-23.53658536585366,39.841764705882355
0.458920869999929,7.772775689697265,17.70990968017578,-7.863755352783203,-9.26829268292683,5.426829268292684,27.073170731707318,39.841764705882355
0.46576379599991924,-5.61200869140625,11.291055029296874,1.0726023437499999,-10.609756097560977,0.12195121951219513,20.670731707317074,39.83588235294118
0.47260435099997267,-2.626439221191406,4.9416322265625,-0.22026655273437498,-52.19512195121952,-10.182926829268293,-0.5487804878048781,39.85941176470588
0.47948625899994113,-2.3714567443847656,3.506308331298828,-1.926135235595703,-70.67073170731707,-14.207317073170733,1.524390243902439,39.87117647058824
0.48635959199998524,-2.39420166015625,9.267954626464844,-0.5590460876464843,-61.524390243902445,-15.121951219512196,10.24390243902439,39.86529411764706
0.4932018879999305,-5.603628985595702,7.100005023193359,-5.79037671508789,-61.03658536585366,-25.792682926829272,18.170731707317074,39.87117647058824
0.5000412029999097,-2.4013842651367185,7.332242584228515,0.14125789794921875,-26.82926829268293,-31.58536585365854,16.402439024390244,39.85941176470588
0.5068840729999238,0.36750995483398435,4.564545465087891,-0.9253589416503906,-20.60975609756098,-31.76829268292683,17.621951219512198,39.853529411764704
0.5137922769999932,1.9321207397460936,7.95473501586914,0.8607154968261719,-2.439024390243903,-23.719512195121954,15.975609756097562,39.85941176470588
0.5206828329999098,1.3527239379882812,3.9372646301269527,2.2397756530761717,24.02439024390244,-17.804878048780488,10.670731707317074,39.853529411764704
0.5278995549999763,1.9991583862304687,5.540182641601562,-0.2262520568847656,20.853658536585368,-10.24390243902439,5.975609756097562,39.85941176470588
0.5347597210000004,2.7952304382324216,5.705382556152343,0.4273649963378906,44.390243902439025,-6.2804878048780495,5.487804878048781,39.85941176470588
0.5416200919999028,1.4281412902832031,0.2549824768066406,-1.926135235595703,45.1219512195122,-4.329268292682928,11.890243902439025,39.84764705882353
0.5484592209999164,0.5398924743652344,4.359841223144531,0.21428104858398436,90.1829268292683,-1.3414634146341464,-6.219512195121951,39.841764705882355
0.5552958699998953,0.9373299499511718,6.149506964111327,0.9732429748535155,92.13414634146342,-0.9756097560975611,-1.524390243902439,39.84764705882353
0.562232498999947,-6.983886242675781,19.61270144958496,-7.560888842773437,85.79268292682927,-3.1707317073170733,-20.731707317073173,39.87705882352941
0.5691022579999299,5.1343654602050774,19.61270144958496,-14.411896893310546,-104.20731707317074,-10.731707317073171,6.707317073170732,39.87705882352941
0.5759542949999741,-0.36152445068359373,2.748543505859375,-4.8877626892089845,-105.79268292682927,-10.426829268292684,10.121951219512196,39.86529411764706
0.5827975549999564,-0.11252747802734374,-0.7050923889160156,-0.086191259765625,-83.23170731707317,-11.646341463414634,7.743902439024391,39.85941176470588
0.5896357949999356,-0.07781155395507812,0.4082113830566406,0.9301473449707031,-72.31707317073172,-11.463414634146343,6.890243902439025,39.86529411764706
0.5964899249999007,0.17477672119140625,-2.4444798950195312,-0.5123591552734374,-67.37804878048782,-11.890243902439025,5.975609756097562,39.84764705882353
0.603329998999925,0.09816226806640624,-2.589329095458984,-2.389413256835937,-46.951219512195124,-11.707317073170733,6.646341463414635,39.853529411764704
0.6101671289999331,0.8200140686035156,-1.5095441467285156,-2.4097639709472656,-2.439024390243903,-10.060975609756099,2.987804878048781,39.84764705882353
0.6170047029999068,-0.8128314636230468,19.61270144958496,4.059368914794922,29.02439024390244,-9.878048780487806,-20.48780487804878,39.841764705882355
0.6238502209999979,1.4137760803222656,19.61270144958496,0.9097966308593749,-12.439024390243903,1.402439024390244,-2.439024390243903,39.84764705882353
0.6306976469999199,-1.3479355346679687,13.02445703125,-1.0402806213378906,-11.036585365853659,-0.48780487804878053,3.414634146341464,39.841764705882355
0.6376465729999836,-0.06943184814453125,-0.6643909606933593,-2.291250988769531,2.1341463414634148,-1.524390243902439,-0.5487804878048781,39.841764705882355
0.6445018699999991,0.4010287780761719,-0.7350199096679687,-0.39983167724609375,50.487804878048784,0.3658536585365854,-3.353658536585366,39.82411764705883
0.6513454439999578,0.42975919799804685,1.801636749267578,0.5099649536132812,46.463414634146346,2.0121951219512195,-10.365853658536587,39.83588235294118
0.6581899069999508,0.4584896179199218,2.7724855224609373,-0.34117373657226563,53.71951219512196,10.30487804878049,-33.47560975609756,39.841764705882355
0.6650321289999965,0.8403647827148437,7.7224974548339835,1.8626888916015625,84.08536585365854,10.914634146341465,-27.865853658536587,39.85941176470588
0.6718722579998939,0.05386953735351562,19.61270144958496,2.916137622070312,72.92682926829269,10.365853658536587,-6.158536585365854,39.853529411764704
0.6787160179999319,-0.8774749084472656,19.61270144958496,-4.709394665527343,-23.231707317073173,32.07317073170732,93.35365853658537,39.84764705882353
0.6855579249998982,-6.663063220214843,14.86320390625,-9.59476315307617,-13.841463414634148,29.81707317073171,89.20731707317074,39.84764705882353
0.6923994249999623,-3.997119671630859,15.72391940307617,-5.9591679321289055,2.804878048780488,-7.926829268292684,-9.573170731707318,39.84764705882353
0.6992441469999449,2.6503812377929687,11.773486663818359,0.5363011718749999,-38.71951219512196,-32.926829268292686,-9.756097560975611,39.87705882352941
0.7060891659999697,5.286397265624999,3.246537451171875,-2.4193407775878906,-62.37804878048781,-27.25609756097561,2.378048780487805,39.86529411764706
0.7129314989999784,3.373430139160156,5.433640667724609,-2.7665000183105466,-63.84146341463415,-15.54878048780488,6.097560975609756,39.83588235294118
0.7197737770000003,3.388992449951172,9.483432775878907,-2.8012159423828122,-64.02439024390245,-15.79268292682927,-6.097560975609756,39.841764705882355
0.7266102769999634,3.8043864379882812,4.915296008300781,-4.164713787841797,-56.707317073170735,-15.731707317073171,-13.841463414634148,39.841764705882355
0.7334311469999193,3.005920184326172,6.827066033935546,-3.0023288818359375,-31.58536585365854,-6.829268292682928,-12.987804878048781,39.83
0.7402683139999908,1.3934253662109375,9.144653240966797,-0.6655880615234374,-15.426829268292684,-1.6463414634146343,-17.134146341463417,39.84764705882353
0.747106146999954,0.32082302246093747,7.632714892578124,-0.18435352783203124,-12.134146341463415,0.853658536585366,-17.439024390243905,39.85941176470588
0.7539571840000008,-1.1228805786132812,3.5913024902343746,-1.3946224670410154,19.02439024390244,2.073170731707317,-18.170731707317074,39.84764705882353
0.7608033319999095,-1.0330980163574217,5.029020587158203,-0.4896142395019531,32.31707317073171,-0.426829268292683,-20.30487804878049,39.83588235294118
0.7676432579999073,-1.6819266662597656,4.068945721435546,-0.18076222534179687,45.670731707317074,-5.7926829268292686,-19.573170731707318,39.853529411764704
0.7744814989999895,-1.0881646545410155,9.29548794555664,2.142810485839844,52.07317073170732,-7.500000000000001,-18.902439024390244,39.84764705882353
0.7818174619999354,-2.1416133850097654,5.533000036621093,-0.04548983154296875,71.40243902439025,-8.963414634146343,-16.585365853658537,39.853529411764704
0.7886787029999596,4.371812231445312,19.61270144958496,-3.172317199707031,79.75609756097562,15.79268292682927,57.19512195121952,39.84764705882353
0.7955196839999417,-2.3786393493652342,19.609708697509763,-6.084863519287109,-25.30487804878049,38.170731707317074,115.67073170731709,39.853529411764704
0.8023599989999184,-6.372167718505859,7.249642626953125,-2.402581365966797,2.1341463414634148,40.670731707317074,64.69512195121952,39.83
0.8091990729999452,-12.339715356445312,16.75222901611328,-9.004592443847656,28.475609756097562,-14.634146341463415,-5.182926829268293,39.841764705882355
0.8160385549999774,0.21787235107421873,13.34887135620117,0.8475473876953125,-20.79268292682927,-31.09756097560976,-33.35365853658537,39.841764705882355
0.8287740179999901,7.164648468017577,7.9463553100585935,-1.886630908203125,-76.46341463414635,-14.390243902439027,1.3414634146341464,39.841764705882355
0.8441282399999182,3.3638533325195312,5.345055206298828,-1.5203180541992187,-48.35365853658537,-13.536585365853659,-20.243902439024392,39.841764705882355
0.8594582029999174,0.19991583862304688,10.255562811279296,-0.1640028137207031,-39.51219512195122,-6.097560975609756,-24.207317073170735,39.853529411764704
0.8748436289999972,-1.7585411193847655,6.567295153808593,0.3112462158203125,21.951219512195124,-14.756097560975611,-20.975609756097562,39.84764705882353
0.8902798509999457,-0.5063736511230469,6.246472131347656,1.4712369201660156,55.73170731707317,-13.231707317073171,-26.402439024390247,39.84764705882353
0.9056310359999316,0.430956298828125,5.7329158752441405,-4.618415002441406,75.67073170731707,24.146341463414636,66.58536585365854,39.84764705882353
0.9210016839999753,-6.955155822753905,8.380902911376953,-3.9228994201660154,-16.76829268292683,35.54878048780488,90.3048780487805,39.841764705882355
0.9363321469999164,-6.355408306884765,16.85458113708496,-4.502296221923828,31.219512195121954,-32.07317073170732,-42.6219512195122,39.86529411764706
0.9517389429998957,8.252813122558594,10.123881719970703,-1.5298948608398437,-60.487804878048784,-10.670731707317074,3.5975609756097566,39.853529411764704
0.9671898139999939,2.0542250244140625,5.184643695068359,-2.567781280517578,-36.82926829268293,-0.12195121951219513,-34.268292682926834,39.841764705882355
0.9825781289999895,1.9704279663085937,11.44667813720703,0.8391676818847655,-11.829268292682928,3.963414634146342,-29.39024390243903,39.841764705882355
0.9978702579999208,-1.0199299072265624,7.681796026611328,0.718260498046875,20.60975609756098,-7.8048780487804885,-35.243902439024396,39.83588235294118
1.0131432579999,-0.2657563842773437,3.9815573608398434,0.7481880187988281,61.95121951219513,-4.695121951219512,-37.743902439024396,39.85941176470588
1.0284276839998938,3.2453403503417966,19.61270144958496,-4.823119244384765,-25.975609756097562,37.37804878048781,64.63414634146342,39.853529411764704
1.043672646999994,-4.847061260986328,2.7629087158203123,-0.47644613037109373,13.78048780487805,28.10975609756098,79.39024390243902,39.85941176470588
1.0589294799999607,-2.2577321655273437,19.61270144958496,-13.016077325439452,-5.7926829268292686,-28.170731707317074,-32.743902439024396,39.83588235294118
1.0743744619999234,4.653130926513672,5.335478399658203,-0.1005564697265625,-69.26829268292684,-22.743902439024392,-3.1097560975609757,39.853529411764704
1.0896570539999857,3.028665100097656,3.8079777404785156,-1.5849614990234373,-37.5,7.25609756097561,-37.43902439024391,39.86529411764706
1.1048763139999664,2.7377695983886716,5.6574985229492185,0.13287819213867186,18.414634146341466,21.097560975609756,-45.54878048780488,39.841764705882355
1.120135553999944,-0.16041151123046873,8.027758166503906,0.28012159423828126,40.1829268292683,30.975609756097565,-40.73170731707317,39.85941176470588
1.1339675169999737,-0.7852981445312499,7.237671618652343,0.14245499877929688,54.146341463414636,11.646341463414634,16.03658536585366,39.841764705882355
1.1478565169999229,0.26216508178710934,16.437391497802732,-3.381809844970703,-40.670731707317074,41.890243902439025,71.82926829268294,39.841764705882355
1.1622191469999734,-4.435258575439453,1.5741875915527344,-1.150413897705078,4.939024390243903,29.695121951219516,71.89024390243902,39.86529411764706
1.1762797209999007,-1.7357962036132812,4.902726449584961,-6.047753393554687,21.951219512195124,-5.0,13.109756097560977,39.853529411764704
1.1901788509999278,7.152677459716797,19.61270144958496,-3.5003228271484375,-90.3048780487805,-20.426829268292686,-13.109756097560977,39.853529411764704
1.2039531649999162,1.3060370056152344,-0.037110125732421874,-1.0438719238281249,-24.451219512195124,-12.80487804878049,-15.975609756097562,39.853529411764704
1.2176937399999588,2.3870190551757813,2.7832594299316407,-2.2577321655273437,-4.451219512195122,4.75609756097561,-41.15853658536586,39.853529411764704
1.2305869429999348,2.6611551452636717,9.769539874267577,1.4413093994140624,35.73170731707317,26.52439024390244,-58.41463414634147,39.853529411764704
1.2431036279999716,0.48243163452148435,8.678981018066406,0.26695348510742184,48.04878048780488,21.82926829268293,-47.07317073170732,39.85941176470588
1.255616924999913,1.2318167541503906,19.61270144958496,0.09696516723632811,40.243902439024396,37.43902439024391,47.13414634146342,39.86529411764706
1.2681380909999689,-5.843049151611328,2.712630480957031,-6.1267620483398435,-11.341463414634147,33.59756097560976,69.14634146341464,39.85941176470588
1.2806486099999574,-2.1739351074218747,5.528211633300781,0.9373299499511718,29.87804878048781,20.79268292682927,64.14634146341464,39.86529411764706
1.2931894619999866,-1.389834063720703,5.468356591796875,-0.3758896606445312,15.243902439024392,14.02439024390244,47.804878048780495,39.853529411764704
1.3056995539999434,-7.134720947265625,19.61270144958496,-1.8818425048828125,-18.475609756097562,-28.84146341463415,-37.13414634146342,39.84764705882353
1.3182060169999659,3.9600095458984375,-1.4640543151855467,-2.924517327880859,-26.09756097560976,-18.231707317073173,-27.500000000000004,39.84764705882353
1.3329312949999803,1.3922282653808593,6.411672045898437,2.7198130859375,-27.31707317073171,-6.7682926829268295,-21.951219512195124,39.853529411764704
1.3482827389999557,3.412934466552734,10.340556970214843,-0.105344873046875,28.475609756097562,9.51219512195122,-47.50000000000001,39.85941176470588
1.3636102019999043,1.9285294372558592,1.5658078857421873,-1.9045874206542968,59.63414634146342,15.853658536585368,-53.53658536585366,39.853529411764704
1.378924887999915,1.917755529785156,19.61270144958496,0.7398083129882812,-35.79268292682927,40.97560975609756,63.23170731707317,39.83
1.3942368319999332,-4.442441180419921,3.201047619628906,-3.2237925354003902,9.02439024390244,33.78048780487805,65.3658536585366,39.87705882352941
1.4095792209999445,-2.3319524169921872,3.1172505615234374,0.42497079467773435,24.02439024390244,17.5,71.09756097560977,39.85941176470588
1.424572090999959,-8.614337573242187,19.61270144958496,-9.627084875488281,-4.024390243902439,-28.59756097560976,-37.80487804878049,39.85941176470588
1.4383466279999766,4.25808765258789,0.9157821350097656,-3.582922784423828,-35.91463414634147,-29.87804878048781,-21.82926829268293,39.84764705882353
1.4521199799999067,2.1128829650878904,5.5258174316406246,1.5191209533691405,-24.390243902439025,-12.500000000000002,-28.902439024390247,39.85941176470588
1.4658847949999654,3.414131567382812,2.7234043884277344,-1.4161702819824218,25.0609756097561,4.75609756097561,-61.768292682926834,39.85941176470588
1.4796313129999135,2.4444798950195312,6.382941625976562,-0.1484405029296875,43.47560975609756,13.963414634146343,-56.646341463414636,39.85941176470588
1.4933774429999858,-0.6476315490722656,19.61270144958496,-0.2825157958984375,-18.78048780487805,23.353658536585368,30.426829268292686,39.853529411764704
1.5071438499999203,-7.71890615234375,0.5506663818359374,-4.3813890380859375,11.036585365853659,20.243902439024392,63.17073170731708,39.84764705882353
1.520905442999947,-1.5286977600097655,2.479195819091797,1.3922282653808593,24.26829268292683,10.792682926829269,60.00000000000001,39.85941176470588
1.5346756099999084,-1.1887211242675781,10.160991845703125,-1.6891092712402342,-7.073170731707318,14.085365853658537,53.78048780487806,39.86529411764706
1.54843796199998,-1.5191209533691405,19.61270144958496,-3.1376012756347653,-65.79268292682927,-18.53658536585366,-35.670731707317074,39.85941176470588
1.5629174989999228,4.1958384094238275,-1.3766659545898436,-2.033874310302734,11.341463414634147,-13.414634146341465,-43.23170731707317,39.853529411764704
1.5771816839999246,1.2641384765625,6.8785413696289055,0.35314474487304687,-21.463414634146343,-7.865853658536586,-36.890243902439025,39.87705882352941
1.5909424249999802,3.323151904296875,9.991003527832031,-1.3168109130859373,10.670731707317074,1.829268292682927,-52.31707317073171,39.87705882352941
1.604687035999973,2.4109610717773435,-0.7541735229492187,1.9225439331054686,75.60975609756098,4.2682926829268295,8.414634146341465,39.87705882352941
1.618851331999963,-6.5206082214355465,14.960169073486327,-4.826710546875,-69.93902439024392,25.426829268292686,59.024390243902445,39.85941176470588
1.6326464619999115,-3.4668040039062498,4.431667272949219,0.43933600463867184,14.451219512195124,12.80487804878049,56.21951219512196,39.84764705882353
1.646411053999941,-1.5442600708007812,11.575965026855467,0.07302315063476562,8.109756097560977,4.329268292682928,55.243902439024396,39.86529411764706
1.660174627999936,0.6883329772949218,7.003039855957031,-0.6979097839355468,25.182926829268293,0.9146341463414634,24.75609756097561,39.87117647058824
1.6739365169999019,5.438429071044921,19.61270144958496,-3.336320013427734,-64.45121951219512,-32.25609756097561,-59.451219512195124,39.853529411764704
1.6883967579999535,3.7397429931640622,0.9816226806640624,-0.7122749938964843,23.475609756097562,-12.74390243902439,-39.69512195121951,39.85941176470588
1.7029726099999607,1.686715069580078,8.723273748779297,-1.3024457031249999,-7.25609756097561,-10.365853658536587,-61.15853658536586,39.85941176470588
1.716772535999894,2.443282794189453,9.112331518554686,0.201112939453125,29.75609756097561,-4.451219512195122,-46.28048780487805,39.86529411764706
1.731385146999969,-1.782483135986328,19.54267105102539,-2.900575311279297,-47.804878048780495,16.28048780487805,50.60975609756098,39.85941176470588
1.7466233129999864,-3.7433342956542965,1.3682862487792968,-0.6643909606933593,1.524390243902439,-0.6097560975609757,44.93902439024391,39.87117647058824
1.7618588130000035,-1.9285294372558592,7.168239770507812,-0.8307879760742187,-9.329268292682928,-5.487804878048781,55.1829268292683,39.87705882352941
1.777128368999911,-1.4317325927734375,8.525752111816406,-0.027533319091796873,27.865853658536587,5.609756097560976,52.19512195121952,39.853529411764704
1.792718534999949,-7.161057165527343,19.61270144958496,1.3754688537597655,14.329268292682928,-39.57317073170732,-61.646341463414636,39.87117647058824
1.8079641649999303,5.827486840820312,0.42018239135742186,-1.7393875061035156,25.914634146341466,-22.743902439024392,-40.60975609756098,39.853529411764704
1.823214183999994,3.034650604248047,2.2002713256835937,-4.319139794921875,14.451219512195124,-15.121951219512196,-62.01219512195122,39.85941176470588
1.8369930540000041,4.169502191162109,19.61270144958496,-1.6148890197753905,-20.0,14.51219512195122,-3.8414634146341466,39.85941176470588
1.8506972209999049,-7.819462622070312,11.073182678222656,-3.9504327392578125,-47.31707317073171,9.878048780487806,45.36585365853659,39.85941176470588
1.8644038869999804,-0.6703764648437499,2.1452046874999997,0.8307879760742187,1.9512195121951221,2.804878048780488,39.57317073170732,39.88294117647059
1.8781396279999854,-1.3060370056152344,5.8083332275390624,-2.3546973327636715,-15.365853658536587,1.1585365853658538,40.1219512195122,39.894705882352945
1.891843349999931,-1.1037269653320312,5.141548065185547,-1.9488801513671874,6.585365853658537,11.402439024390246,45.487804878048784,39.88294117647059
1.905575090999946,-0.15442600708007811,5.91846650390625,-1.5502455749511719,57.804878048780495,-13.109756097560977,-11.28048780487805,39.87117647058824
1.919290460999946,8.633491186523438,18.209100726318358,-1.8507178833007811,-53.59756097560976,-36.21951219512196,-59.63414634146342,39.87705882352941
1.9330085539999118,3.068169427490234,4.6447512207031245,0.565031591796875,30.54878048780488,-15.670731707317074,-37.80487804878049,39.87117647058824
1.9467613129999108,0.20709844360351562,4.423287567138671,-4.011484881591796,-11.219512195121952,-9.146341463414634,-60.304878048780495,39.87117647058824
1.9604715539999233,-2.731784094238281,19.46605659790039,-3.745728497314453,-63.963414634146346,13.963414634146343,38.29268292682927,39.888823529411766
1.9741795539999885,-1.9512743530273435,0.7122749938964843,-1.8830396057128904,-2.987804878048781,8.78048780487805,36.82926829268293,39.85941176470588
1.9879058869998971,-1.5466542724609373,4.149151477050781,-0.30047230834960936,-5.548780487804878,3.048780487804878,37.80487804878049,39.88294117647059
2.001624905999961,-2.067393133544922,11.766304058837889,0.201112939453125,-14.26829268292683,11.28048780487805,33.963414634146346,39.87117647058824
2.015315571999963,0.25139117431640623,5.716156463623046,-2.3535002319335936,35.97560975609756,17.804878048780488,46.646341463414636,39.87705882352941
2.0290561279999793,-5.720944866943359,19.32001029663086,1.0570400329589844,53.90243902439025,-0.48780487804878053,-85.42682926829269,39.84764705882353
2.042793349999897,8.74003316040039,1.0845733520507812,-5.754463690185546,18.78048780487805,-12.317073170731708,-59.024390243902445,39.87117647058824
2.0565740719999894,2.741360900878906,6.0704983093261715,-0.48123453369140623,1.2804878048780488,-3.7195121951219514,-61.646341463414636,39.853529411764704
2.070353238999928,5.06253941040039,14.921861846923827,-3.5398271545410154,10.975609756097562,25.182926829268293,12.195121951219512,39.85941176470588
2.0841207209999766,-5.49708701171875,6.738480572509765,-5.167884283447266,-76.09756097560977,14.451219512195124,35.426829268292686,39.86529411764706
2.0978835909999134,-1.5490484741210937,1.5741875915527344,-0.08140285644531249,-2.1951219512195124,8.231707317073171,34.207317073170735,39.84764705882353
2.111646127999961,-3.0119056884765625,9.409212524414063,-2.129642376708984,-36.524390243902445,8.475609756097562,28.170731707317074,39.86529411764706
2.125493442999982,-0.3962403747558593,6.1279591491699215,-2.6467899353027344,14.939024390243905,14.329268292682928,43.78048780487805,39.84764705882353
2.140925849999917,-0.36631285400390623,3.8989574035644528,0.5147533569335937,78.04878048780489,13.109756097560977,37.19512195121951,39.86529411764706
2.156244145999949,0.41060558471679687,19.61270144958496,-4.3059716857910155,-68.78048780487805,-30.30487804878049,-75.0609756097561,39.88294117647059
2.1715383499999916,3.749319799804687,-0.2932897033691406,3.8007951354980465,40.304878048780495,-9.207317073170733,-46.951219512195124,39.86529411764706
2.1868436829998927,1.9141642272949217,2.1446061370849607,-4.819527941894531,23.719512195121954,13.597560975609758,-2.25609756097561,39.85941176470588
2.2022365169999603,-4.386177441406249,18.87229458618164,-5.127182855224609,-99.69512195121952,13.29268292682927,31.03658536585366,39.853529411764704
2.2176159609999786,-0.7924807495117187,1.3646949462890625,-0.7517793212890624,-29.146341463414636,4.085365853658537,29.573170731707318,39.841764705882355
2.2331961459999548,-0.7170633972167968,11.8369330078125,0.17238251953125,0.9146341463414634,8.414634146341465,27.682926829268297,39.87705882352941
2.248667793999971,-0.36631285400390623,3.0418332092285154,-0.7984662536621093,47.804878048780495,3.7195121951219514,38.10975609756098,39.87117647058824
2.2639799059999177,0.6009446166992187,6.344634399414062,1.5322890624999999,70.3658536585366,2.3170731707317076,13.353658536585368,39.853529411764704
2.2793024979999927,-8.190563879394531,19.61270144958496,-1.1516109985351561,-44.024390243902445,-45.487804878048784,-73.41463414634147,39.853529411764704
2.2949644429999125,2.740163800048828,2.8335376647949215,-0.37229835815429685,44.93902439024391,-42.5609756097561,-51.21951219512196,39.84764705882353
2.3102148869999155,2.3307553161621093,19.61270144958496,-3.967192150878906,-91.82926829268294,-0.5487804878048781,21.158536585365855,39.888823529411766
2.325487071999987,-2.347514727783203,5.392939239501953,-3.0226795959472654,-30.243902439024392,-3.8414634146341466,37.987804878048784,39.87705882352941
2.3407461649999277,-1.68551796875,1.7980454467773437,-1.3299790222167969,-31.52439024390244,-5.914634146341464,27.682926829268297,39.86529411764706
2.3559972389999757,-0.6296750366210937,8.518569506835936,-0.6727706665039062,3.414634146341464,-0.7926829268292683,29.634146341463417,39.86529411764706
2.371247738999955,0.2609679809570312,0.6572083557128906,0.7218518005371093,60.487804878048784,-1.2804878048780488,30.365853658536587,39.86529411764706
2.386495016999902,0.5327098693847656,8.06367119140625,0.29927520751953124,47.987804878048784,-3.2926829268292686,15.182926829268293,39.87117647058824
2.40174884999999,1.8938135131835936,19.515137731933592,-4.8877626892089845,-29.573170731707318,-50.73170731707317,-92.7439024390244,39.853529411764704
2.4172614609999528,4.96677134399414,5.975328793334961,-0.4860229370117187,40.0609756097561,-13.04878048780488,2.25609756097561,39.853529411764704
2.4319867199999408,-5.9950809570312495,3.6834792541503902,-7.829039428710937,-113.59756097560977,-12.987804878048781,18.29268292682927,39.84764705882353
2.445709886999907,-1.1456254943847655,1.629254229736328,1.052251629638672,1.4634146341463417,-11.097560975609756,29.75609756097561,39.86529411764706
2.459452220000003,-1.7357962036132812,6.506243011474609,-0.46686932373046874,-44.024390243902445,-8.963414634146343,24.939024390243905,39.87705882352941
2.4731622939999625,1.1288660827636718,8.449137658691406,-1.265335577392578,4.51219512195122,2.1341463414634148,24.085365853658537,39.86529411764706
2.4876762389999385,0.6512228515624999,3.143586779785156,-0.49679684448242184,60.426829268292686,8.353658536585366,18.353658536585368,39.87705882352941
2.502160738999919,1.9656395629882812,6.609193682861328,-0.35793314819335936,59.81707317073171,13.04878048780488,7.560975609756098,39.87117647058824
2.515923108999914,-2.002749688720703,9.49959363708496,-4.538209246826171,81.52439024390245,-40.85365853658537,-100.79268292682927,39.86529411764706
2.5296474239999043,13.063961358642578,19.61270144958496,-6.682216833496093,-26.52439024390244,-27.31707317073171,17.5,39.87705882352941
2.543428904999928,-3.968389251708984,7.362170104980469,-1.9967641845703124,-60.85365853658537,-4.2682926829268295,25.914634146341466,39.87117647058824
2.5572179239999286,-1.7238251953125,4.802768530273437,-2.060210528564453,-31.951219512195124,-15.79268292682927,17.25609756097561,39.85941176470588
2.5716183499999943,-1.8411410766601561,8.154650854492187,-1.3407529296874998,-36.09756097560976,-23.10975609756098,19.81707317073171,39.85941176470588
2.585372645999996,1.1839327209472656,5.985504150390625,-0.6081272216796875,-3.353658536585366,-29.695121951219516,12.80487804878049,39.87117647058824
2.599160812999912,0.48243163452148435,5.111620544433594,0.26815058593749996,36.646341463414636,-8.475609756097562,5.731707317073171,39.87705882352941
2.6130031279999457,0.7709329345703124,6.005854864501953,-0.11252747802734374,60.1829268292683,-1.2804878048780488,3.658536585365854,39.86529411764706
2.6268664239999,1.0115502014160156,2.290053887939453,-1.3215993164062498,87.50000000000001,3.2926829268292686,-2.9268292682926833,39.87705882352941
2.642156960999955,-7.766790185546874,19.61270144958496,-9.354145886230468,1.9512195121951221,-17.012195121951223,-5.975609756097562,39.86529411764706
2.6575099609999597,1.0785878479003905,1.6124948181152343,-3.0166940917968748,-73.78048780487805,0.6097560975609757,32.25609756097561,39.888823529411766
2.6732642759999408,-0.45489831542968745,1.3646949462890625,-0.853532891845703,-43.84146341463415,-4.939024390243903,21.646341463414636,39.85941176470588
2.688600590999954,-2.1224597717285154,0.9361328491210937,-6.441599566650391,-5.365853658536586,-13.29268292682927,-32.5,39.853529411764704
2.7038337759998967,0.584185205078125,12.66053837890625,1.465251416015625,2.7439024390243905,-2.804878048780488,2.5,39.87117647058824
2.719118867999896,-0.8690952026367187,-0.9995791931152344,-2.3582886352539063,72.5,-0.24390243902439027,-9.51219512195122,39.86529411764706
2.734544719999917,0.13287819213867186,4.581304876708984,-0.4417302062988281,68.04878048780489,5.182926829268293,-16.28048780487805,39.87117647058824
2.7499264419999463,3.5769372802734374,19.61270144958496,-1.8734627990722654,55.54878048780488,18.29268292682927,74.45121951219512,39.87705882352941
2.7653466279999748,-5.173869787597656,18.4365498840332,-8.945934503173827,-46.707317073170735,-26.34146341463415,5.3048780487804885,39.87705882352941
2.780683367999927,0.6069301208496093,2.9041666137695312,1.1228805786132812,-47.743902439024396,-19.390243902439025,15.000000000000002,39.87117647058824
2.796026293999944,2.445676995849609,11.597512841796874,-2.4875755249023435,-65.60975609756098,-10.853658536585368,-20.182926829268293,39.87705882352941
2.8113435159999653,4.803965631103515,5.191826300048827,-1.0881646545410155,-2.3170731707317076,14.573170731707318,-6.707317073170732,39.853529411764704
2.8266685349999534,-0.17118541870117188,2.583343591308594,-0.11013327636718749,21.097560975609756,15.000000000000002,-23.04878048780488,39.87705882352941
2.8420011829999794,-0.15322890625,5.6778492370605465,0.8463502868652343,34.268292682926834,16.70731707317073,-24.634146341463417,39.86529411764706
2.857307590000005,-0.28969840087890625,3.2561142578125,-1.1336544860839843,78.04878048780489,27.743902439024392,10.975609756097562,39.853529411764704
2.872615941999925,-5.237316131591797,19.591752185058592,-5.275623358154297,-36.646341463414636,39.146341463414636,65.60975609756098,39.87117647058824
2.8879236639999135,-1.62805712890625,10.93671318359375,1.1635820068359375,-45.73170731707317,-18.29268292682927,-3.1707317073170733,39.86529411764706
2.9032458309999356,2.849099975585937,5.284003063964843,-1.4736311218261717,-59.024390243902445,-12.987804878048781,3.414634146341464,39.853529411764704
2.918572886999982,5.279214660644531,4.106055847167968,-5.1343654602050774,-25.853658536585368,-0.6707317073170732,-28.902439024390247,39.85941176470588
2.933881238999902,2.6527754394531247,6.32667788696289,-0.29927520751953124,7.987804878048781,13.170731707317074,-26.58536585365854,39.88294117647059
2.9492016089999424,-0.7170633972167968,5.993883856201172,0.18435352783203124,35.0609756097561,14.939024390243905,-27.31707317073171,39.88294117647059
2.964522163999959,-1.5203180541992187,5.159504577636718,-0.07900865478515624,73.10975609756098,7.987804878048781,-15.060975609756099,39.86529411764706
2.979827089999958,-0.37828386230468747,19.61270144958496,-2.972401361083984,-16.219512195121954,35.36585365853659,92.19512195121952,39.87117647058824
2.995135237999989,-8.999804040527343,16.01720910644531,-5.534197137451171,7.500000000000001,5.2439024390243905,-7.317073170731708,39.87705882352941
3.010443534999922,3.400963458251953,10.449493145751953,-1.3934253662109375,-72.43902439024392,-8.292682926829269,-9.51219512195122,39.87117647058824
3.025761275999912,2.8012159423828122,4.605246893310547,-2.4899697265625,-32.80487804878049,-12.926829268292684,-11.52439024390244,39.87705882352941
3.041078830999936,2.062604730224609,9.293093743896485,-0.5434837768554687,-30.243902439024392,9.634146341463415,-14.878048780487806,39.85941176470588
3.056383478999919,1.1923124267578125,2.473210314941406,-0.32082302246093747,18.353658536585368,11.890243902439025,-25.365853658536587,39.88294117647059
3.071683886999949,1.0462661254882812,4.918887310791015,1.2701239807128906,50.73170731707317,13.475609756097562,-29.695121951219516,39.85941176470588
3.0869959049999807,0.40940848388671874,6.12855769958496,-0.051475335693359374,84.32926829268294,32.987804878048784,49.51219512195122,39.86529411764706
3.1023158119999152,-4.745307690429687,10.86608423461914,-3.8893805969238278,-5.975609756097562,39.51219512195122,74.14634146341464,39.853529411764704
3.117667904999962,-3.967192150878906,17.766173419189453,-0.08738836059570312,-25.121951219512198,-15.79268292682927,-21.097560975609756,39.85941176470588
3.1330931459999647,3.7421371948242186,1.4616601135253906,-5.228936425781249,-40.1829268292683,-4.390243902439025,-7.317073170731708,39.87705882352941
3.148911441999985,2.6288334228515624,11.828553302001952,0.48123453369140623,-31.951219512195124,5.3048780487804885,-26.707317073170735,39.87117647058824
3.164253108999901,1.2485761657714842,8.206126190185547,-0.7733271362304687,-4.207317073170732,8.170731707317074,-21.34146341463415,39.87117647058824
3.1795724419999942,0.38666356811523434,6.6319385986328125,0.34835634155273437,38.963414634146346,5.060975609756098,-29.451219512195124,39.85941176470588
3.194878109000001,0.00239420166015625,3.787627026367187,-0.04668693237304687,79.08536585365854,1.7682926829268295,-10.975609756097562,39.84764705882353
3.212242941999989,-1.2126631408691406,19.61270144958496,-3.853467572021484,-27.5609756097561,40.426829268292686,110.79268292682927,39.841764705882355
3.2289363859999867,-8.501810095214843,16.200365533447265,-1.926135235595703,-6.7682926829268295,-13.231707317073171,-26.219512195121954,39.84764705882353
3.243071423999936,3.6547488342285153,4.3610383239746096,-3.1747114013671873,-75.60975609756098,-10.060975609756099,-6.52439024390244,39.841764705882355
3.2558318859998963,2.895786907958984,7.997830645751953,-0.9900023864746094,-16.890243902439025,-2.439024390243903,-14.51219512195122,39.85941176470588
3.268536200999961,1.8004396484374998,9.024943157958983,-0.6356605407714844,-32.19512195121951,4.207317073170732,-22.073170731707318,39.853529411764704
3.281289663999928,1.4257470886230468,7.997830645751953,0.3327940307617187,10.975609756097562,6.707317073170732,-25.975609756097562,39.87705882352941
3.2941448119998995,0.21188684692382811,2.6372131286621094,-1.7764976318359373,50.243902439024396,8.231707317073171,-32.6829268292683,39.88294117647059
3.3081187569999884,-0.020350714111328123,9.561244329833984,2.50912333984375,57.31707317073171,7.682926829268293,-24.75609756097561,39.88294117647059
3.321050108999998,2.1440075866699217,19.61270144958496,-2.5809493896484375,0.06097560975609757,37.987804878048784,95.1219512195122,39.87705882352941
3.332505330999993,-3.6643256408691403,1.4185644836425781,-3.4727895080566404,34.93902439024391,33.90243902439025,89.39024390243904,39.87705882352941
3.339357812000003,-4.8135424377441405,18.81603084716797,-0.04548983154296875,-2.25609756097561,-5.121951219512195,-1.2195121951219514,39.88294117647059
3.3461952569999767,-3.153163586425781,19.61210289916992,-2.2637176696777344,-73.23170731707317,-18.78048780487805,-19.695121951219512,39.888823529411766
3.353030682999929,3.7481226989746093,4.033032696533203,-5.578489868164062,-97.25609756097562,-18.78048780487805,-16.463414634146343,39.88294117647059
3.3598590349999995,4.3430818115234375,0.9792284790039062,-4.969165545654296,-27.25609756097561,-9.634146341463415,-10.182926829268293,39.900588235294116
3.3667290159999084,3.930082025146484,8.737638958740234,0.5111620544433594,-11.463414634146343,-6.402439024390245,-8.597560975609756,39.88294117647059
3.3735572199999524,2.7269956909179687,8.633491186523438,-0.6404489440917969,-22.073170731707318,-0.7926829268292683,-23.04878048780488,39.85941176470588
3.3803800160000037,2.977189764404297,9.13627353515625,-0.20350714111328125,-32.926829268292686,1.9512195121951221,-25.182926829268293,39.86529411764706
3.3872080899999446,1.4496891052246093,8.434772448730468,-1.22583125,-7.134146341463415,3.2926829268292686,-27.195121951219516,39.85941176470588
3.394036368000002,1.2521674682617188,5.414487054443359,-1.3108254089355469,-2.1341463414634148,3.536585365853659,-27.987804878048784,39.88294117647059
3.4008619419998922,0.5279214660644531,3.4428619873046875,-0.488417138671875,38.78048780487805,4.878048780487806,-34.32926829268293,39.87117647058824
3.4076886089999334,-0.3591302490234375,4.260481854248047,0.7266402038574218,48.170731707317074,5.3048780487804885,-41.03658536585366,39.86529411764706
3.414513700999919,0.4381389038085937,6.924031201171875,0.36272155151367186,54.87804878048781,6.52439024390244,-37.743902439024396,39.88294117647059
3.4213475349999953,-0.7709329345703124,5.975328793334961,-2.0302830078125,61.15853658536586,6.890243902439025,-28.353658536585368,39.888823529411766
3.4282026459999315,-0.19393033447265623,19.61270144958496,-0.28490999755859375,31.158536585365855,22.500000000000004,83.47560975609757,39.85941176470588
3.4350897749999376,-5.312733483886719,15.083470458984374,-4.405331054687499,-44.024390243902445,39.207317073170735,93.10975609756099,39.85941176470588
3.4419121269999096,-4.295197778320312,0.843956085205078,-2.6384102294921874,-3.780487804878049,36.34146341463415,88.23170731707317,39.86529411764706
3.4487379789999295,-0.6009446166992187,0.8583212951660156,-0.36391865234375,22.439024390243905,30.000000000000004,74.02439024390245,39.88294117647059
3.4555669789999683,-4.484339709472656,12.817358587646483,-1.6244658264160154,21.219512195121954,15.000000000000002,29.207317073170735,39.88294117647059
3.4624041269998997,1.801636749267578,19.61270144958496,-3.1016882507324217,-19.75609756097561,-10.670731707317074,-12.317073170731708,39.87117647058824
3.4692447379999294,4.653130926513672,15.77539473876953,-4.514267230224609,-71.40243902439025,-16.158536585365855,-24.878048780487806,39.86529411764706
3.4760917379999228,4.970362646484375,3.8582559753417964,-2.6408044311523438,-57.560975609756106,-12.439024390243903,-19.573170731707318,39.86529411764706
3.4829384789999267,2.139219183349609,3.383006945800781,-1.6220716247558593,-25.182926829268293,-9.634146341463415,-21.951219512195124,39.88294117647059
3.4897820339999726,1.5682020874023437,6.542156036376952,-1.3634978454589843,-26.89024390243903,-4.51219512195122,-25.60975609756098,39.86529411764706
3.496624959999963,1.3587094421386718,5.203797308349609,-0.729034405517578,-18.353658536585368,-4.329268292682928,-32.07317073170732,39.87117647058824
3.503463219999958,0.9253589416503906,6.950367419433594,-0.622492431640625,-1.6463414634146343,-0.7317073170731708,-39.69512195121951,39.85941176470588
3.5103204600000026,1.1959037292480468,10.108319409179687,0.35673604736328124,17.98780487804878,0.30487804878048785,-39.451219512195124,39.86529411764706
3.51719879399991,0.6189011291503906,5.492298608398437,0.029927520751953124,39.146341463414636,-0.1829268292682927,-38.65853658536586,39.87705882352941
3.5240411269999186,-0.5183446594238281,5.092466931152344,-0.2501940734863281,34.75609756097561,-2.1951219512195124,-43.04878048780488,39.888823529411766
3.530901033999953,-0.853532891845703,3.9755718566894527,-0.2753331909179687,66.21951219512195,-1.707317073170732,-43.10975609756098,39.87117647058824
3.5377434419999645,4.121618157958984,19.61270144958496,-1.830367169189453,55.54878048780488,4.451219512195122,52.13414634146342,39.87117647058824
3.544582274999925,-2.6108769104003904,19.61270144958496,-1.915361328125,-47.19512195121952,32.5609756097561,76.89024390243902,39.88294117647059
3.5514240159999417,-4.976348150634766,8.763975177001953,-3.201047619628906,-21.402439024390247,31.402439024390247,76.82926829268294,39.87117647058824
3.558269867999911,-2.250549560546875,2.568978381347656,-0.565031591796875,9.756097560975611,23.963414634146343,70.54878048780489,39.87117647058824
3.5651488309999877,-2.252943762207031,2.31758720703125,-1.0917559570312498,30.54878048780488,19.26829268292683,68.78048780487805,39.87705882352941
3.5720135529999197,-1.956062756347656,16.90665502319336,0.07062894897460938,20.670731707317074,15.121951219512196,68.53658536585367,39.87705882352941
3.5788702569999487,-3.7529111022949215,19.61270144958496,-2.644395733642578,-0.12195121951219513,-19.32926829268293,-0.853658536585366,39.87117647058824
3.585715645999926,2.4349030883789062,19.61270144958496,-7.012616662597656,-84.14634146341464,-28.292682926829272,-19.878048780487806,39.87117647058824
3.592579700999977,3.2824504760742186,4.497507818603515,-4.423287567138671,-54.75609756097561,-24.085365853658537,-27.987804878048784,39.85941176470588
3.5994692199999463,2.404975567626953,2.3882161560058592,-0.9552864624023437,-13.475609756097562,-16.70731707317073,-29.695121951219516,39.86529411764706
3.606308922999915,2.462436407470703,4.499902020263671,1.0749965454101562,-24.512195121951223,-13.29268292682927,-30.243902439024392,39.86529411764706
3.613171534000003,1.0414777221679687,1.2773065856933592,-2.9173347229003905,-31.34146341463415,-8.414634146341465,-36.768292682926834,39.88294117647059
3.620012256999985,1.879448303222656,2.2074539306640624,-2.3618799377441406,19.390243902439025,-8.170731707317074,-39.451219512195124,39.86529411764706
3.626857293999933,1.7932570434570312,13.869610217285155,1.9776105712890624,25.121951219512198,-6.52439024390244,-40.73170731707317,39.888823529411766
3.6336962939999466,2.4863784240722655,7.030573175048827,-0.8822633117675781,16.76829268292683,0.426829268292683,-44.81707317073171,39.87705882352941
3.6405343309999125,1.4185644836425781,5.722141967773437,-0.6524199523925781,55.1829268292683,2.8658536585365857,-48.65853658536586,39.85941176470588
3.647359478999988,1.6938976745605467,19.61270144958496,-0.3124433166503906,70.0609756097561,7.560975609756098,-49.69512195121952,39.88294117647059
3.6541850159999285,1.9105729248046874,19.61270144958496,1.4149731811523436,38.963414634146346,39.451219512195124,49.57317073170732,39.88294117647059
3.661155682999947,-4.896142395019531,19.49239281616211,-5.761646295166015,-68.71951219512195,40.304878048780495,64.32926829268293,39.87117647058824
3.6680092749999176,-2.6515783386230467,0.8319850769042968,-2.7090391784667966,-12.378048780487806,34.451219512195124,60.91463414634147,39.894705882352945
3.674890737999931,-2.3331495178222657,1.4796166259765624,-1.6316484313964843,28.292682926829272,26.463414634146343,59.81707317073171,39.894705882352945
3.681790052999986,-1.2808978881835937,2.4851813232421875,-0.4740519287109375,17.195121951219512,22.500000000000004,61.28048780487806,39.888823529411766
3.688629144999936,-2.529474053955078,7.078457208251953,-0.5602431884765625,17.682926829268293,10.487804878048781,62.865853658536594,39.86529411764706
3.69549581199999,-1.6699556579589843,9.701305126953125,-0.5398924743652344,10.609756097560977,5.609756097560976,57.50000000000001,39.88294117647059
3.7023957569999766,-5.9208607055664055,19.61270144958496,-5.614402893066406,8.048780487804878,-8.78048780487805,22.012195121951223,39.88294117647059
3.7092622569999776,2.9508535461425778,19.61270144958496,-4.016273284912109,-41.03658536585366,-32.6829268292683,-21.402439024390247,39.86529411764706
3.716142700999967,3.7600937072753906,7.364564306640625,-2.5067291381835934,-42.01219512195122,-29.207317073170735,-29.26829268292683,39.900588235294116
3.722994107999966,3.8295255554199215,0.4225765930175781,-0.5686228942871093,-25.182926829268293,-24.146341463414636,-35.91463414634147,39.87705882352941
3.7298320529999955,3.086125939941406,4.080916729736328,0.42377369384765623,-12.439024390243903,-15.182926829268293,-36.768292682926834,39.86529411764706
3.7366754969999647,2.8311434631347656,4.724956976318359,-1.618480322265625,-1.0365853658536586,-11.463414634146343,-39.451219512195124,39.86529411764706
3.7435217569999395,1.638831036376953,6.513425616455078,-1.2976572998046874,8.841463414634147,-7.926829268292684,-58.963414634146346,39.888823529411766
3.750360422999961,3.3207577026367185,7.95473501586914,-0.4836287353515625,38.35365853658537,-4.390243902439025,-61.768292682926834,39.88294117647059
3.7572014229999695,3.5146880371093747,7.269993341064453,-0.4537012145996093,52.07317073170732,-1.1585365853658538,-57.743902439024396,39.853529411764704
3.7640429419999464,4.786009118652344,19.61270144958496,1.2904746948242187,48.10975609756098,8.902439024390244,-12.987804878048781,39.86529411764706
3.7708812199999784,1.2306196533203124,19.61270144958496,-1.792059942626953,-26.28048780487805,23.475609756097562,40.243902439024396,39.86529411764706
3.777725830999998,-6.1842228881835934,3.997119671630859,-6.117185241699218,-65.3658536585366,22.25609756097561,49.51219512195122,39.86529411764706
3.78476534899994,-4.1575311828613275,0.7266402038574218,-4.256890551757812,12.682926829268293,9.878048780487806,45.97560975609756,39.87117647058824
3.791677811999989,-2.042254016113281,3.494337322998047,0.6512228515624999,7.560975609756098,7.01219512195122,47.25609756097561,39.853529411764704
3.7985806819999652,-2.205059729003906,4.024652990722656,-0.9648632690429687,5.365853658536586,0.30487804878048785,55.54878048780488,39.87117647058824
3.806384052999988,-1.3072341064453123,5.293579870605469,-0.028730419921875,5.731707317073171,-0.426829268292683,63.963414634146346,39.87117647058824
3.8133161449999307,-1.3000515014648437,9.846154327392577,-1.6160861206054686,19.695121951219512,-1.5853658536585367,66.70731707317074,39.86529411764706
3.8202607380000018,-3.1004911499023438,14.624980841064453,-2.243366955566406,35.79268292682927,-6.402439024390245,33.47560975609756,39.88294117647059
3.82724223799994,-4.052186309814453,19.61270144958496,-3.603273498535156,-38.35365853658537,-23.658536585365855,-17.621951219512198,39.88294117647059
3.8343109969999887,4.350264416503906,5.622782598876952,-4.7381250854492185,-57.987804878048784,-24.75609756097561,-45.426829268292686,39.900588235294116
3.8412453119999554,3.7205893798828122,2.474407415771484,0.5111620544433594,10.731707317073171,-20.365853658536587,-44.268292682926834,39.888823529411766
3.848133700999938,1.6675614562988281,5.815515832519531,2.4444798950195312,7.8048780487804885,-16.52439024390244,-45.79268292682927,39.888823529411766
3.8550537009999744,2.2481553588867187,2.934094134521484,0.10893617553710937,-12.926829268292684,-11.829268292682928,-47.31707317073171,39.88294117647059
3.8618963489999487,1.0869675537109373,1.3862427612304686,-3.7912183288574215,7.926829268292684,-12.865853658536587,-52.31707317073171,39.87117647058824
3.868737663999923,2.4959552307128905,8.601169464111328,-2.4660277099609376,41.28048780487805,-11.585365853658537,-57.865853658536594,39.894705882352945
3.8755783119999023,3.0502129150390624,12.284648718261717,-0.2980781066894531,48.59756097560976,-7.195121951219513,-51.82926829268293,39.888823529411766
3.8824137559998917,5.379771130371093,19.61270144958496,-1.388636962890625,13.414634146341465,5.975609756097562,-0.9756097560975611,39.888823529411766
3.889269237999997,-3.535038751220703,18.49401072387695,-3.859453076171875,-48.963414634146346,21.097560975609756,46.34146341463415,39.88294117647059
3.8961192189999565,-4.800374328613281,3.902548706054687,-2.3451205261230466,-24.085365853658537,15.30487804878049,48.65853658536586,39.88294117647059
3.9029618309999705,-1.2761094848632812,1.2629413757324217,-0.4273649963378906,-1.0975609756097562,10.670731707317074,49.51219512195122,39.906470588235294
3.9097914789999777,-1.3682862487792968,2.04943662109375,0.39863457641601563,1.1585365853658538,6.097560975609756,50.00000000000001,39.894705882352945
3.916624404999993,-0.7146691955566405,4.921281512451172,-0.32561142578124996,1.829268292682927,4.573170731707317,51.524390243902445,39.87705882352941
3.9234645899999805,-1.3359645263671873,8.52934341430664,-1.2820949890136717,1.5853658536585367,0.7926829268292683,52.6219512195122,39.86529411764706
3.9303179969999746,-2.2637176696777344,8.621520178222656,-3.1603461914062496,30.54878048780488,0.426829268292683,53.65853658536586,39.87117647058824
3.937158070999999,-1.6543933471679686,16.863559393310545,0.3902548706054687,32.6219512195122,0.30487804878048785,52.43902439024391,39.87705882352941
3.9439990529999704,-3.8235400512695312,19.61270144958496,0.6356605407714844,14.451219512195124,-23.04878048780488,-25.792682926829272,39.88294117647059
3.950863330999937,0.6979097839355468,19.61270144958496,-2.961627453613281,-45.79268292682927,-29.26829268292683,-44.08536585365854,39.888823529411766
3.957708830999991,2.9281086303710935,3.326743206787109,-2.2014684265136717,-18.414634146341466,-24.451219512195124,-47.07317073170732,39.88294117647059
3.964549404999957,3.227383837890625,3.0980969482421874,-0.4860229370117187,8.902439024390244,-16.28048780487805,-47.6829268292683,39.894705882352945
3.971393978999913,2.2110452331542967,4.405331054687499,-0.23702596435546874,-1.0975609756097562,-13.29268292682927,-49.63414634146342,39.87705882352941
3.978239922999933,1.7417817077636717,-0.48243163452148435,-2.414552374267578,-8.353658536585366,-12.134146341463415,-64.02439024390245,39.88294117647059
3.985087144999966,2.0745757385253905,3.1112650573730467,-3.986345764160156,42.31707317073171,-13.597560975609758,-69.69512195121952,39.87705882352941
3.991927978999911,2.616862414550781,19.61270144958496,-1.2342109558105467,36.768292682926834,-10.365853658536587,-52.86585365853659,39.900588235294116
3.9987715709999065,0.8822633117675781,19.61270144958496,-3.6559459350585937,-27.439024390243905,24.878048780487806,43.47560975609756,39.87705882352941
4.005610959999899,-5.228936425781249,11.419144818115234,-5.604826086425781,-36.58536585365854,21.219512195121954,47.5609756097561,39.87117647058824
4.012434681999935,-3.086125939941406,1.3766659545898436,-1.7082628845214842,-8.597560975609756,16.82926829268293,43.35365853658537,39.86529411764706
4.019272052999895,-0.8128314636230468,2.896984008789062,1.7178396911621092,6.829268292682928,12.74390243902439,43.47560975609756,39.86529411764706
4.026120015999936,-0.3806780639648437,2.2014684265136717,-0.37708676147460934,-14.939024390243905,10.853658536585368,43.90243902439025,39.87117647058824
4.0330869599999914,-0.6440402465820312,5.61200869140625,-1.1384428894042968,-12.500000000000002,8.536585365853659,48.47560975609756,39.87705882352941
4.046841126999993,-1.7896657409667969,7.141903552246093,-0.32561142578124996,28.231707317073173,5.2439024390243905,47.6829268292683,39.888823529411766
4.062301126999955,-2.2852654846191407,8.73344910583496,0.27293898925781246,36.768292682926834,-22.195121951219512,-21.463414634146343,39.87705882352941
4.077608533999978,5.740098480224609,10.141838232421874,-3.0705636291503904,-19.75609756097561,-22.073170731707318,-46.524390243902445,39.88294117647059
4.092917755999906,3.2441432495117186,2.443282794189453,0.4129997863769531,13.414634146341465,-11.52439024390244,-50.91463414634147,39.87705882352941
4.108215922999989,1.1348515869140625,6.865373260498046,-2.347514727783203,34.93902439024391,-7.682926829268293,-63.23170731707317,39.88294117647059
4.12360357099999,0.3280056274414062,19.61270144958496,-3.73495458984375,-77.19512195121952,19.451219512195124,44.75609756097561,39.888823529411766
4.1390988859999425,-2.4193407775878906,0.33039982910156246,-1.3215993164062498,3.231707317073171,9.390243902439025,45.79268292682927,39.894705882352945
4.154337329999976,-0.5877765075683593,3.5769372802734374,-1.9213468322753906,4.939024390243903,1.1585365853658538,60.54878048780488,39.853529411764704
4.169625089999954,-1.0139444030761717,8.723273748779297,0.16041151123046873,39.51219512195122,1.707317073170732,47.37804878048781,39.88294117647059
4.184913181999946,-3.4201170715332028,19.61270144958496,-0.2645592834472656,-40.54878048780488,-28.10975609756098,-61.463414634146346,39.888823529411766
4.200176792999969,3.1172505615234374,3.423708374023437,-1.6244658264160154,22.25609756097561,-19.085365853658537,-53.17073170731708,39.87705882352941
4.215435292999928,1.7812860351562498,4.02824429321289,0.1292868896484375,3.2926829268292686,-13.109756097560977,-63.65853658536586,39.88294117647059
4.230714033999902,2.7054478759765623,19.61270144958496,-2.3642741394042965,-42.6219512195122,13.597560975609758,43.59756097560976,39.87705882352941
4.245050477999939,-2.4301146850585935,2.511517541503906,-3.268085266113281,-9.02439024390244,3.8414634146341466,44.93902439024391,39.87705882352941
4.258766922999939,-1.024718310546875,2.2732944763183593,0.6883329772949218,-23.04878048780488,2.073170731707317,35.243902439024396,39.87705882352941
4.272484126999984,0.09696516723632811,6.562506750488281,-3.5793314819335937,-3.1097560975609757,8.353658536585366,40.85365853658537,39.87705882352941
4.286188274999972,-0.814028564453125,7.766790185546874,-0.4165910888671875,34.93902439024391,8.353658536585366,48.71951219512196,39.87117647058824
4.299917237999921,-2.835931866455078,19.61270144958496,1.7788918334960937,-15.243902439024392,-12.560975609756099,-78.35365853658537,39.87705882352941
4.3136280709999255,4.106055847167968,2.4684219116210935,-3.0047230834960934,28.963414634146343,-20.121951219512198,-65.3048780487805,39.87117647058824
4.327327792999995,2.138022082519531,5.197811804199218,0.9935936889648437,5.426829268292684,-15.121951219512196,-60.79268292682927,39.87705882352941
4.341235403999917,4.478354205322265,19.61270144958496,-1.8638859924316404,4.695121951219512,11.158536585365855,27.987804878048784,39.888823529411766
4.3552282559999185,-4.510675927734375,6.574477758789062,-5.523423229980469,-34.08536585365854,14.878048780487806,43.10975609756098,39.888823529411766
4.369200866999904,-1.7836802368164062,1.3814543579101561,0.5147533569335937,-10.365853658536587,-7.073170731707318,38.963414634146346,39.87705882352941
4.383104755999966,-0.36750995483398435,5.608417388916015,-1.301248602294922,-0.9756097560975611,-6.2804878048780495,40.1829268292683,39.88294117647059
4.396843885999942,-1.0606313354492187,8.0828248046875,-0.35673604736328124,40.60975609756098,-8.536585365853659,45.304878048780495,39.853529411764704
4.410574088999965,-0.7481880187988281,2.7521348083496093,-0.21308394775390624,72.92682926829269,-1.6463414634146343,-32.80487804878049,39.888823529411766
4.424293385999931,5.590460876464843,9.319429962158203,-5.025429284667968,-24.878048780487806,-44.08536585365854,-71.03658536585367,39.88294117647059
4.437942385999918,3.268085266113281,2.902969512939453,0.5506663818359374,41.82926829268293,-32.926829268292686,-64.87804878048782,39.853529411764704
4.450406811999983,4.284423870849609,16.70135223083496,-4.740519287109374,-4.817073170731708,-30.182926829268297,9.695121951219512,39.87117647058824
4.462850496999977,-4.996698864746094,10.198101971435547,-7.370549810791015,-56.82926829268293,6.341463414634147,36.09756097560976,39.86529411764706
4.47531284899992,-2.166752502441406,2.3127988037109373,0.23822306518554687,-12.256097560975611,-6.097560975609756,35.85365853658537,39.87117647058824
4.487858125999992,-0.9959878906249999,3.640383624267578,1.121683477783203,-24.573170731707318,-9.451219512195122,34.57317073170732,39.894705882352945
4.500553070999899,-0.44412440795898434,8.145074047851562,0.3064578125,2.073170731707317,-7.560975609756098,37.13414634146342,39.87117647058824
4.5130153299999165,0.40462008056640625,3.3973721557617185,-1.6795324645996093,54.75609756097561,-5.2439024390243905,38.59756097560976,39.87705882352941
4.525446329999909,0.02154781494140625,3.342305517578125,1.361103643798828,67.8658536585366,-8.719512195121952,15.060975609756099,39.88294117647059
4.538116514999956,-0.19871873779296872,19.61270144958496,-2.825157958984375,-36.646341463414636,-49.63414634146342,-75.48780487804879,39.87117647058824
4.553528811999968,5.938817218017578,3.8654385803222655,-1.159990704345703,43.90243902439025,-41.82926829268293,-77.07317073170732,39.88294117647059
4.568905607999909,7.345410693359375,19.61270144958496,0.6117185241699218,-112.43902439024392,2.5,41.768292682926834,39.87117647058824
4.584244699999999,-3.361459130859375,2.1128829650878904,-3.878606689453125,9.02439024390244,-8.78048780487805,17.012195121951223,39.86529411764706
4.599583940999992,-1.7609353210449217,9.125499627685546,1.5550339782714844,-45.487804878048784,-19.146341463414636,29.02439024390244,39.894705882352945
4.614909422999972,-1.332373223876953,6.505045910644531,-2.3726538452148436,-1.524390243902439,-14.085365853658537,25.426829268292686,39.87117647058824
4.630222218999961,0.1592144104003906,4.374206433105469,0.00718260498046875,38.963414634146346,-12.987804878048781,32.6829268292683,39.888823529411766
4.644711181999924,-0.3028665100097656,3.303998291015625,-0.2932897033691406,72.31707317073172,-14.817073170731708,8.475609756097562,39.86529411764706
4.658463274999917,-4.004302276611328,19.61270144958496,-2.3343466186523436,-13.841463414634148,-48.04878048780488,-86.34146341463415,39.888823529411766
4.67220664499996,9.111134417724609,19.61270144958496,-0.7888894470214843,34.08536585365854,-11.890243902439025,-8.353658536585366,39.85941176470588
4.685972051999897,-1.8722656982421875,12.51928048095703,-4.633977313232422,-90.97560975609757,-3.1097560975609757,24.75609756097561,39.86529411764706
4.699730274999979,-1.801636749267578,3.4931402221679684,-2.0566192260742184,-25.792682926829272,-7.743902439024391,11.76829268292683,39.87117647058824
4.713490533999902,-0.8403647827148437,4.7117888671875,-3.6846763549804686,-22.31707317073171,-16.463414634146343,19.695121951219512,39.900588235294116
4.7272151449999456,-1.7202338928222656,9.507374792480467,-0.1927332336425781,12.74390243902439,-30.426829268292686,15.426829268292684,39.87117647058824
4.74143323699991,0.3232172241210937,1.9021932189941406,-1.0570400329589844,21.402439024390247,-29.573170731707318,17.5,39.87117647058824
4.756737273999988,-0.2980781066894531,2.407369769287109,-0.12808978881835936,66.15853658536587,-28.170731707317074,20.853658536585368,39.86529411764706
4.772044236999932,-0.1005564697265625,8.366537701416014,-0.43454760131835934,80.91463414634147,-46.524390243902445,-62.50000000000001,39.88294117647059
4.787435810999909,13.150152618408203,19.56900726928711,-6.949170318603516,-25.0609756097561,-4.939024390243903,2.682926829268293,39.87705882352941
4.802807033999898,-1.254561669921875,6.1650692749023435,-1.2078747375488281,-54.81707317073171,-3.2926829268292686,15.426829268292684,39.888823529411766
4.818134385999997,-2.1320365783691404,2.454056701660156,-0.9756371765136718,-33.59756097560976,-13.536585365853659,0.3658536585365854,39.87117647058824
4.833910440999944,-1.7956512451171873,9.82460651245117,-2.203862628173828,-23.902439024390247,-25.426829268292686,7.926829268292684,39.888823529411766
4.849863533999951,-1.5394716674804687,5.461173986816406,0.5446808776855468,23.231707317073173,-25.54878048780488,13.353658536585368,39.900588235294116
4.865217699999903,-0.36391865234375,4.989516259765625,-0.09935936889648436,40.1219512195122,-23.10975609756098,6.402439024390245,39.894705882352945
4.880564607999986,1.0749965454101562,8.02416686401367,0.076614453125,64.9390243902439,-10.24390243902439,60.487804878048784,39.86529411764706
4.895947329999899,-7.032967376708984,19.61270144958496,-5.109226342773437,-38.59756097560976,6.097560975609756,22.073170731707318,39.88294117647059
4.911588718999951,1.705868682861328,4.57771357421875,0.009576806640625,-45.60975609756098,-7.865853658536586,13.414634146341465,39.86529411764706
4.926932051999984,1.5059528442382812,1.3000515014648437,-0.07062894897460938,-55.85365853658537,0.48780487804878053,15.426829268292684,39.85941176470588
4.941985255999953,0.948103857421875,5.090072729492187,-1.7453730102539062,-42.86585365853659,-3.353658536585366,-14.085365853658537,39.87117647058824
4.955932662999999,3.0262708984374997,10.041281762695311,1.3922282653808593,-5.670731707317073,2.6219512195121952,7.134146341463415,39.900588235294116
4.969793810999931,0.05386953735351562,6.6271501953125,0.4429273071289062,8.475609756097562,1.0365853658536586,2.7439024390243905,39.87705882352941
4.9836289969999825,1.061828436279297,6.271611248779297,0.7781155395507812,43.41463414634147,0.853658536585366,-14.939024390243905,39.87705882352941
4.997429070999942,0.34835634155273437,6.075286712646484,0.05626373901367187,85.73170731707317,1.4634146341463417,2.9268292682926833,39.87117647058824
5.011196459999951,0.4584896179199218,4.44303973083496,1.159990704345703,107.07317073170732,-8.170731707317074,-67.19512195121952,39.87705882352941
