0.01552124099998764,-2.9496564453125,9.637858782958984,2.176329309082031,-125.67073170731709,-27.25609756097561,-36.21951219512196,44.77117647058824
0.03107999999997446,0.5961562133789062,-5.786785412597656,1.0307038146972656,-42.01219512195122,-26.09756097560976,-34.024390243902445,44.76529411764706
0.046886555999890334,1.924938134765625,9.332598071289063,-4.103661645507812,-18.414634146341466,-11.951219512195124,49.63414634146342,44.7535294117647
0.06230655600006685,-0.32920272827148434,12.306196533203124,0.7876923461914062,57.25609756097561,-7.073170731707318,41.15853658536586,44.76529411764706
0.07797013000003972,2.549824768066406,-0.3854664672851562,-5.422866760253906,42.926829268292686,4.390243902439025,-5.2439024390243905,44.7535294117647
0.08980786999995871,0.12090718383789062,2.5151088439941405,0.6584054565429687,68.96341463414635,4.817073170731708,3.963414634146342,44.75941176470588
0.10079462999988209,0.105344873046875,4.803965631103515,-0.6847416748046875,81.03658536585367,6.402439024390245,-7.439024390243903,44.75941176470588
0.11167812999997295,-19.6133,19.61270144958496,-19.6133,-62.926829268292686,-9.695121951219512,-9.390243902439025,44.74764705882353
0.12261031499997443,-1.734599102783203,5.963956335449218,-1.3922282653808593,-122.6829268292683,-19.390243902439025,-30.487804878048784,44.7535294117647
0.133627499999875,0.08978256225585937,-0.9540893615722655,-4.040215301513672,-99.69512195121952,-20.121951219512198,-26.707317073170735,44.7535294117647
0.1452748330000304,0.7972691528320313,6.283582257080078,1.5957354064941405,-10.487804878048781,-20.975609756097562,13.597560975609758,44.77117647058824
0.1572615739999037,0.7817068420410156,-0.2059013427734375,-1.7298106994628906,22.439024390243905,-9.02439024390244,77.6219512195122,44.74764705882353
0.16798714800006564,-3.020285394287109,19.61270144958496,9.032125762939453,35.91463414634147,-8.597560975609756,4.939024390243903,44.724117647058826
0.1788231299999552,4.3442789123535155,-3.2597055603027343,-3.423708374023437,8.353658536585366,9.02439024390244,8.170731707317074,44.735882352941175
0.18703577799988125,0.1304839904785156,4.705803363037109,0.1580173095703125,29.939024390243905,10.060975609756099,-0.6707317073170732,44.75941176470588
0.19409887000006165,1.3383587280273437,-0.6404489440917969,-5.4013189453125,76.58536585365854,11.646341463414634,-8.292682926829269,44.74764705882353
0.20104799999990064,0.5985504150390625,4.163516687011718,-2.6228479187011717,60.304878048780495,12.317073170731708,10.426829268292684,44.7535294117647
0.20792083299988917,-0.612915625,-1.2102689392089843,-3.70263286743164,83.84146341463415,14.329268292682928,-7.8048780487804885,44.724117647058826
0.21472494399995412,7.4399816589355465,19.61270144958496,-3.5098996337890624,102.25609756097562,27.5609756097561,16.52439024390244,44.74176470588235
0.22153248099994016,-14.35204185180664,19.61270144958496,-8.232462408447265,-115.60975609756099,1.9512195121951221,-21.646341463414636,44.74176470588235
0.22842533299990464,-1.0809820495605469,5.955576629638672,5.161898779296875,-170.4878048780488,0.5487804878048781,-34.024390243902445,44.735882352941175
0.23522870400006468,0.33758243408203126,-0.06464344482421874,-1.9764134704589842,-132.7439024390244,1.1585365853658538,-33.41463414634146,44.74764705882353
0.24215746300001229,-0.7386112121582031,-4.633977313232422,-2.5534160705566404,-95.1219512195122,0.0,-32.43902439024391,44.77117647058824
0.24909972199998265,1.9883844787597655,3.327940307617187,-0.8367734802246093,-51.89024390243903,3.4756097560975614,-30.121951219512198,44.74176470588235
0.25592559300002904,0.18076222534179687,-2.9173347229003905,-0.8451531860351562,6.219512195121951,4.451219512195122,-26.34146341463415,44.74764705882353
0.2627292039999247,3.047818713378906,16.601394311523435,4.491522314453125,27.926829268292686,4.878048780487806,20.121951219512198,44.7535294117647
0.2695296849999522,1.599326708984375,3.883395092773437,-1.7645266235351562,17.926829268292686,10.853658536585368,60.67073170731708,44.74764705882353
0.27634775899991837,2.6563667419433594,-3.436876483154297,-3.1759085021972653,17.5609756097561,15.060975609756099,76.34146341463415,44.74176470588235
0.2832731480000348,0.17956512451171874,-2.1212626708984375,-4.338293408203125,58.10975609756098,22.98780487804878,44.451219512195124,44.7535294117647
0.29008538900006897,-3.104082452392578,19.61270144958496,1.763329522705078,41.524390243902445,16.82926829268293,-20.48780487804878,44.7535294117647
0.2974337220000507,1.629254229736328,-3.356670727539062,-6.774393597412109,2.8658536585365857,18.10975609756098,19.390243902439025,44.7535294117647
0.30445635199998833,-1.2785036865234374,1.2832920898437499,-1.5131354492187499,65.91463414634147,22.195121951219512,25.182926829268293,44.735882352941175
0.31138516700002583,-0.3555389465332031,4.011484881591796,-1.5251064575195312,74.02439024390245,22.25609756097561,9.817073170731708,44.74176470588235
0.31831038900008934,-0.001197100830078125,0.7481880187988281,-0.25139117431640623,92.37804878048782,19.695121951219512,-33.53658536585366,44.7535294117647
0.32523203699997794,5.299565374755859,19.61270144958496,-1.2832920898437499,32.5,23.29268292682927,-17.682926829268293,44.76529411764706
0.33218555500002367,1.915361328125,11.49815347290039,-0.7601590270996094,-159.51219512195124,20.731707317073173,-7.01219512195122,44.77117647058824
0.3389896300000146,2.1547814941406247,2.4684219116210935,-0.040701428222656245,-144.45121951219514,24.573170731707318,-5.853658536585367,44.777058823529416
0.3457918149999841,-1.5167267517089842,-2.530671154785156,-6.657077716064452,-136.40243902439025,23.78048780487805,-5.487804878048781,44.75941176470588
0.3526338889998897,0.013168109130859374,-4.50109912109375,-1.945288848876953,-81.58536585365854,23.29268292682927,-3.8414634146341466,44.74176470588235
0.3594585549999465,0.5434837768554687,1.3383587280273437,0.594959112548828,-45.54878048780488,23.59756097560976,-1.9512195121951221,44.74764705882353
0.36626098100009585,-0.06703764648437499,-5.199008905029297,-3.6535517333984373,-17.25609756097561,24.634146341463417,-1.8902439024390245,44.74764705882353
0.37308125899994593,-1.2509703674316406,0.6452373474121094,-4.256890551757812,23.10975609756098,23.84146341463415,2.1341463414634148,44.74176470588235
0.3798971109999911,0.5686228942871093,-5.932831713867187,-5.2265422241210935,95.0609756097561,23.719512195121954,2.073170731707317,44.7535294117647
0.3866943519999495,-0.001197100830078125,19.61270144958496,9.567229833984374,129.57317073170734,20.48780487804878,11.28048780487805,44.75941176470588
0.3934999069999776,-4.854243865966796,19.61270144958496,12.281057415771484,61.95121951219513,4.695121951219512,-6.890243902439025,44.75941176470588
0.4003732589999345,0.9229647399902343,-4.505887524414062,-2.6850971618652344,11.829268292682928,2.1341463414634148,-3.414634146341464,44.75941176470588
0.4071976850000283,0.05985504150390625,3.0214824951171875,2.3163901062011716,59.32926829268293,-1.2804878048780488,-5.914634146341464,44.74176470588235
0.41400196299991876,-0.4225765930175781,0.8846575134277344,-2.0278888061523435,45.00000000000001,-2.987804878048781,-8.78048780487805,44.76529411764706
0.4208129070000268,1.1013327636718748,-3.9636008483886718,-2.7641058166503907,76.82926829268294,-3.536585365853659,-5.2439024390243905,44.735882352941175
0.42763446300000396,-0.07062894897460938,11.66335338745117,1.5454571716308594,128.65853658536585,-5.731707317073171,-0.24390243902439027,44.75941176470588
0.43443912999987333,11.839327209472655,19.61270144958496,-19.6133,-81.09756097560977,-9.085365853658537,12.74390243902439,44.75941176470588
0.44124813000007634,0.411802685546875,5.3390697021484375,-10.453084448242187,-151.76829268292684,0.1829268292682927,22.195121951219512,44.76529411764706
0.44806561099994724,-0.30047230834960936,2.0374656127929685,5.0769046203613275,-112.01219512195122,6.036585365853659,26.707317073170735,44.7535294117647
0.4548962040000788,0.469263525390625,-1.0570400329589844,-2.091335150146484,-120.1829268292683,6.463414634146342,26.89024390243903,44.74176470588235
0.46171370399997613,-0.30406361083984373,-0.9229647399902343,-2.300827795410156,-88.23170731707317,4.817073170731708,24.573170731707318,44.75941176470588
0.4687153889999536,0.373495458984375,-2.77727392578125,-2.7461493041992187,-76.15853658536587,6.7682926829268295,24.512195121951223,44.75941176470588
0.4755513150000752,0.46686932373046874,-5.434837768554687,-1.5658078857421873,20.182926829268293,8.658536585365855,22.012195121951223,44.7535294117647
0.4823709259999305,0.6967126831054687,-4.278438366699218,-1.3251906188964844,28.414634146341466,6.52439024390244,10.24390243902439,44.735882352941175
0.4891885919998913,0.47165772705078124,18.231845642089844,-0.12449848632812499,55.1829268292683,15.609756097560977,-45.97560975609756,44.75941176470588
0.4960177590000967,-0.35673604736328124,-8.875305554199219,-8.526949212646484,14.695121951219514,17.621951219512198,-83.96341463414635,44.76529411764706
0.502862832999881,6.756437084960937,19.61270144958496,-1.4712369201660156,95.3048780487805,20.54878048780488,6.2804878048780495,44.75941176470588
0.5096833889999743,3.9181110168457027,15.66167015991211,6.349422802734375,5.2439024390243905,25.914634146341466,58.53658536585366,44.75941176470588
0.5165073890000258,-2.8024130432128906,0.08499415893554688,-1.0869675537109373,16.890243902439025,26.82926829268293,25.670731707317074,44.74176470588235
0.5233215549999386,-1.6232687255859375,-1.782483135986328,-3.1364041748046874,45.00000000000001,23.475609756097562,-9.390243902439025,44.7535294117647
0.5301280740000038,0.3172317199707031,0.9600748657226562,-0.9947907897949219,67.07317073170732,24.207317073170735,-10.365853658536587,44.76529411764706
0.5369406289999006,0.7649474304199219,5.427655163574219,-1.3970166687011718,106.76829268292684,25.121951219512198,-15.609756097560977,44.75941176470588
0.5441642410000895,6.852205151367187,19.61270144958496,-18.346767321777342,-45.97560975609756,8.78048780487805,-16.28048780487805,44.77117647058824
0.5510000550000314,2.721010186767578,6.667851623535156,-1.68551796875,-143.53658536585368,19.939024390243905,15.731707317073171,44.75941176470588
0.5580209259999265,1.7585411193847655,2.1918916198730467,0.6931213806152343,-115.00000000000001,24.390243902439025,26.158536585365855,44.735882352941175
0.564918906999992,0.6081272216796875,1.5251064575195312,0.5530605834960938,-123.96341463414635,23.10975609756098,24.75609756097561,44.735882352941175
0.5720962039999904,-0.181959326171875,-2.3355437194824216,-3.7612908081054686,-87.98780487804879,24.512195121951223,23.658536585365855,44.7535294117647
0.5789856290000444,-0.5770026000976562,-3.508702532958984,-4.261678955078125,-2.439024390243903,23.902439024390247,21.34146341463415,44.75941176470588
0.5858002219999889,1.061828436279297,-1.1516109985351561,-0.9241618408203125,13.841463414634148,24.451219512195124,23.04878048780488,44.777058823529416
0.5926178330000766,-4.2125978210449215,14.566322900390624,-4.170699291992188,27.5609756097561,24.512195121951223,-47.31707317073171,44.77117647058824
0.5994350739999845,-1.2533645690917967,9.112331518554686,1.3587094421386718,12.256097560975611,21.951219512195124,-82.8048780487805,44.77117647058824
0.6062326660000963,0.9109937316894531,19.61270144958496,-1.983596075439453,62.926829268292686,19.878048780487806,-64.45121951219512,44.75941176470588
0.6130436660000669,-3.1447838806152344,15.295357305908203,4.684255548095702,17.621951219512198,17.621951219512198,29.75609756097561,44.74764705882353
0.6200994809998974,-5.613205792236328,-0.8595183959960937,-3.3219548034667965,53.963414634146346,14.634146341463415,0.24390243902439027,44.74764705882353
0.6268997590000254,-0.3028665100097656,2.817975354003906,2.0183119995117185,73.47560975609757,12.621951219512196,-14.695121951219514,44.7535294117647
0.6337176659999386,1.8435352783203125,2.977189764404297,-1.6627730529785156,62.743902439024396,10.182926829268293,-13.231707317073171,44.74764705882353
0.640531110999973,3.0909143432617188,17.833211065673826,-0.31483751831054685,59.93902439024391,14.817073170731708,11.28048780487805,44.7535294117647
0.647329425999942,-0.034715924072265626,4.339490509033203,-2.318784307861328,70.2439024390244,18.353658536585368,-5.975609756097562,44.74764705882353
0.6541509440000937,1.2856862915039062,19.61270144958496,-19.6133,42.5609756097561,15.79268292682927,-4.451219512195122,44.74176470588235
0.6609669439999379,-2.446874096679687,19.498378320312497,-5.929240411376953,-150.7926829268293,6.097560975609756,-17.012195121951223,44.75941176470588
0.6680227219999324,2.3786393493652342,1.291671795654297,-4.327519500732421,-142.07317073170734,5.7926829268292686,-16.76829268292683,44.7535294117647
0.6748396109999248,0.0047884033203125,-2.712630480957031,-2.876633294677734,-108.78048780487806,4.329268292682928,-18.719512195121954,44.735882352941175
0.6816534439999486,0.17836802368164062,-2.986766571044922,-2.7078420776367187,-69.81707317073172,6.829268292682928,-16.76829268292683,44.74176470588235
0.6884773150000001,-0.21188684692382811,2.2469582580566403,-1.0869675537109373,-37.37804878048781,5.975609756097562,-18.04878048780488,44.735882352941175
0.6952776480000011,1.071405242919922,-1.22583125,-5.105635040283203,-19.32926829268293,7.743902439024391,-13.414634146341465,44.75941176470588
0.7020855920000031,0.34715924072265625,7.198167291259765,1.0366893188476562,26.89024390243903,7.25609756097561,-12.682926829268293,44.76529411764706
0.7089004069998737,-1.159990704345703,14.629769244384764,4.903325,50.304878048780495,3.963414634146342,75.42682926829269,44.76529411764706
0.7157171659998767,0.8966285217285156,0.15263035583496093,-7.952340814208984,30.54878048780488,9.51219512195122,71.52439024390245,44.7535294117647
0.7225420739998754,0.8499415893554687,17.347188128662108,7.268796240234375,46.15853658536586,3.353658536585366,-15.670731707317074,44.75941176470588
0.7293574069999522,3.812766143798828,7.193378887939453,-0.8942343200683593,8.536585365853659,5.060975609756098,14.695121951219514,44.75941176470588
0.7361546110000745,2.1906945190429687,-0.46806642456054687,-2.001552587890625,31.219512195121954,5.426829268292684,21.646341463414636,44.75941176470588
0.7429651479999393,-1.6340426330566404,4.4568063903808595,1.1348515869140625,47.25609756097561,9.634146341463415,4.51219512195122,44.7535294117647
0.7497807219999686,1.0043675964355467,1.3623007446289062,-2.4911668273925778,89.02439024390245,14.817073170731708,-16.097560975609756,44.74176470588235
0.7565947769999184,-0.48722003784179685,10.55364091796875,0.9720458740234375,114.93902439024392,9.634146341463415,4.75609756097561,44.75941176470588
0.7634127030000855,14.506467858886717,19.61270144958496,-19.6133,107.98780487804879,-4.634146341463415,-1.7682926829268295,44.74764705882353
0.7702267219999612,3.356670727539062,19.61270144958496,-12.850877410888671,-133.0487804878049,5.121951219512195,17.743902439024392,44.75941176470588
0.7770412770000803,0.28490999755859375,5.316324786376953,-1.0342951171875,-131.82926829268294,5.731707317073171,17.5609756097561,44.76529411764706
0.7838560000000143,-0.6117185241699218,-4.945223529052734,0.6057330200195312,-139.26829268292684,6.402439024390245,21.402439024390247,44.74764705882353
0.7906700179999007,-0.08020575561523437,-5.872976672363281,-1.1563994018554686,-65.0609756097561,9.085365853658537,21.463414634146343,44.7535294117647
0.7974887220000255,0.5363011718749999,-0.33399113159179683,-4.841075756835937,-44.451219512195124,9.207317073170733,18.10975609756098,44.7535294117647
0.8043068520000816,-0.74699091796875,-5.722141967773437,-6.0884548217773435,28.658536585365855,10.182926829268293,18.04878048780488,44.76529411764706
0.8111222400000315,-1.9093758239746093,18.760964208984372,-2.625242120361328,23.29268292682927,10.060975609756099,-11.585365853658537,44.75941176470588
0.8179369629999655,-1.2725181823730467,-4.511873028564453,-6.02022007446289,7.500000000000001,12.926829268292684,-60.60975609756098,44.74176470588235
0.824750277000021,5.951985327148437,19.61270144958496,-6.209362005615234,54.63414634146342,25.48780487804878,16.03658536585366,44.75941176470588
0.8315633699999125,2.080561242675781,11.903970654296874,-1.5586252807617187,9.207317073170733,32.987804878048784,20.426829268292686,44.76529411764706
0.8383797589999631,-0.6919242797851562,-5.904101293945312,-2.6791116577148437,-10.121951219512196,29.939024390243905,-15.853658536585368,44.77117647058824
0.8454619999999977,0.9816226806640624,-1.5167267517089842,-1.7561469177246092,69.93902439024392,26.463414634146343,-7.134146341463415,44.76529411764706
0.8522814630000539,-2.4516625,13.427880010986327,2.461239306640625,65.85365853658537,19.695121951219512,14.085365853658537,44.76529411764706
0.859097944000041,-0.2346317626953125,-0.12210428466796874,-3.4584242980957027,63.53658536585366,15.121951219512196,-7.317073170731708,44.76529411764706
0.8659146479999436,-0.6105214233398437,-0.6979097839355468,-0.9732429748535155,86.89024390243904,11.646341463414634,-6.463414634146342,44.777058823529416
0.8727323890000207,4.675875842285156,19.61270144958496,-19.6133,96.76829268292684,6.707317073170732,-5.060975609756098,44.7535294117647
0.8795451109999703,1.4305354919433593,19.61270144958496,-4.623203405761719,-150.3048780487805,8.902439024390244,5.487804878048781,44.76529411764706
0.8866603330000089,-1.005564697265625,5.665878228759765,2.3068132995605466,-136.95121951219514,11.76829268292683,7.317073170731708,44.7535294117647
0.9019562959999803,1.6711527587890624,-4.00909067993164,-2.4588451049804685,-110.42682926829269,12.134146341463415,6.7682926829268295,44.735882352941175
0.9172380549998707,0.5099649536132812,2.2673089721679687,-2.6384102294921874,-31.402439024390247,11.951219512195124,9.695121951219512,44.75941176470588
0.9328300740000941,-0.354341845703125,12.627019555664061,3.3016040893554686,84.45121951219512,14.26829268292683,-46.89024390243903,44.74176470588235
0.948167796000007,4.023455889892578,5.128379956054687,-0.8475473876953125,16.951219512195124,30.121951219512198,14.02439024390244,44.75941176470588
0.9634829999999965,-0.612915625,1.37906015625,-1.1109095703125,77.98780487804879,29.634146341463417,-17.926829268292686,44.75941176470588
0.9789462399999138,3.0322564025878904,14.335282440185546,3.436876483154297,67.37804878048782,27.134146341463417,52.01219512195122,44.735882352941175
0.9943333329999859,-19.531897143554687,13.32373223876953,-5.9771244445800775,-100.73170731707317,-17.25609756097561,-23.59756097560976,44.74176470588235
1.009787906999918,-0.18076222534179687,-1.6328455322265625,-2.072181536865234,-73.65853658536587,-19.939024390243905,-22.134146341463417,44.76529411764706
1.0252528329999677,5.324704492187499,12.746729638671875,-3.73495458984375,-10.121951219512196,-8.109756097560977,59.69512195121952,44.7535294117647
1.0409359810000751,-2.1883003173828124,19.61270144958496,-5.882553479003906,30.0609756097561,-0.3658536585365854,-3.1097560975609757,44.7535294117647
1.0573076850000689,0.7422025146484375,-0.6452373474121094,3.191470812988281,34.146341463414636,2.439024390243903,7.25609756097561,44.74176470588235
1.0737023330000284,0.2813186950683594,3.1280244689941403,-1.1767501159667968,46.646341463414636,-9.51219512195122,3.963414634146342,44.76529411764706
1.0891504809999333,0.6955155822753906,4.116829754638672,0.14604630126953125,105.91463414634147,-10.24390243902439,5.0,44.74176470588235
1.1044986479998897,-3.276464971923828,19.61270144958496,-5.2828059631347655,-141.09756097560978,-10.548780487804878,-13.902439024390246,44.74764705882353
1.1198252960000445,-0.8307879760742187,-2.3403321228027343,-0.5638344909667968,-132.9268292682927,-8.597560975609756,-15.670731707317074,44.74764705882353
1.1351457959999607,0.1879448303222656,-0.8008604553222656,-4.049792108154296,-30.243902439024392,-2.378048780487805,-10.121951219512196,44.75941176470588
1.1506640739999057,-0.48243163452148435,4.522646936035156,0.2059013427734375,31.89024390243903,-11.158536585365855,55.304878048780495,44.75941176470588
1.1669521849999,-1.6412252380371093,8.786720092773438,3.2237925354003902,63.59756097560976,5.487804878048781,-20.670731707317074,44.75941176470588
1.1825600180000038,-0.21188684692382811,0.009576806640625,-0.5662286926269531,29.451219512195124,4.75609756097561,19.02439024390244,44.7535294117647
1.195666054999947,0.034715924072265626,5.199008905029297,2.051830822753906,85.73170731707317,7.01219512195122,-8.414634146341465,44.7535294117647
1.2071469439999873,7.3669585083007805,19.61270144958496,-4.666299035644531,-118.71951219512196,9.756097560975611,14.02439024390244,44.74764705882353
1.2186007029999928,0.6248866333007812,5.519831927490234,-0.15442600708007811,-128.53658536585368,11.585365853658537,19.512195121951223,44.777058823529416
1.2300291110000217,1.2761094848632812,-9.176974963378905,-5.874173773193359,-113.47560975609757,10.24390243902439,20.60975609756098,44.735882352941175
1.2414749069998834,0.6548141540527344,-4.3454760131835934,-5.467159490966797,8.719512195121952,11.646341463414634,16.82926829268293,44.7535294117647
1.2529215179999937,-0.5267243652343749,4.058171813964844,1.0091559997558592,33.04878048780488,15.000000000000002,-2.987804878048781,44.74764705882353
1.264366907000067,-2.031480108642578,-1.379658706665039,-5.664681127929687,53.53658536585366,25.853658536585368,9.451219512195122,44.7535294117647
1.2758099989998755,0.6907271789550781,8.650250598144531,-0.47884033203125,0.5487804878048781,32.5,-1.402439024390244,44.7535294117647
1.2872970549999536,0.7074865905761718,-4.158728283691406,-2.8718448913574215,80.3658536585366,29.08536585365854,-9.573170731707318,44.76529411764706
1.3021266289999858,1.6041151123046875,19.609708697509763,1.7717092285156248,52.743902439024396,13.414634146341465,-3.048780487804878,44.76529411764706
1.3174289070000214,1.1540052001953125,19.61270144958496,-3.294421484375,86.58536585365854,0.9146341463414634,-11.463414634146343,44.75941176470588
1.3327427770000213,1.4796166259765624,-3.883395092773437,-4.94761773071289,-138.35365853658539,-2.8658536585365857,-13.658536585365855,44.75941176470588
1.348042888000009,0.5889736083984375,-0.14125789794921875,-1.6424223388671875,-34.63414634146342,-0.9146341463414634,-11.402439024390246,44.76529411764706
1.3633805360000224,0.1592144104003906,-4.446032482910156,-4.350264416503906,63.47560975609757,-1.7682926829268295,15.243902439024392,44.76529411764706
1.378674091999983,1.993172882080078,19.61270144958496,1.6998831787109374,-18.170731707317074,-0.7317073170731708,-7.682926829268293,44.75941176470588
1.3935913880000044,1.8195932617187498,0.7146691955566405,-1.7489643127441405,36.768292682926834,2.682926829268293,8.841463414634147,44.7535294117647
1.4073372959999233,-2.146401788330078,19.61270144958496,9.105148913574219,60.1219512195122,0.5487804878048781,4.390243902439025,44.76529411764706
1.421101943999929,1.2569558715820313,-2.758718862915039,-19.6133,114.08536585365854,1.0975609756097562,-16.585365853658537,44.76529411764706
1.4348399250000057,1.2785036865234374,9.017760552978515,-2.902969512939453,-132.25609756097563,18.902439024390244,15.121951219512196,44.7535294117647
1.4485822209999242,0.4225765930175781,-7.096413720703125,-2.990357873535156,-65.85365853658537,18.658536585365855,10.365853658536587,44.74176470588235
1.4623214440000538,0.26815058593749996,-0.43454760131835934,0.13766659545898435,13.597560975609758,18.170731707317074,11.402439024390246,44.735882352941175
1.4760750549999102,-0.6260837341308594,3.830124105834961,4.484339709472656,69.02439024390245,19.390243902439025,-66.40243902439025,44.74764705882353
1.4898618699999133,-0.6452373474121094,12.923900561523437,-1.4496891052246093,-0.9146341463414634,33.71951219512196,-2.804878048780488,44.730000000000004
1.5036076470000808,0.31004911499023435,-1.7489643127441405,-2.0781670410156248,65.0,29.573170731707318,-13.353658536585368,44.7535294117647
1.5173445359998823,4.674678741455078,7.076063006591797,-0.20949264526367187,46.768292682926834,29.39024390243903,3.414634146341464,44.735882352941175
1.5310868330000176,0.6703764648437499,-0.0005985504150390625,-12.811373083496093,100.79268292682927,24.81707317073171,11.097560975609756,44.76529411764706
1.5448358700000426,0.17836802368164062,15.598223815917969,-7.841010437011718,-151.28048780487805,-0.5487804878048781,-22.31707317073171,44.7535294117647
1.5585816660000091,-0.13168109130859373,-4.88417138671875,-2.692279766845703,-76.76829268292684,0.853658536585366,-21.707317073170735,44.74176470588235
1.5723238329999276,1.9381062438964842,-0.7302315063476562,-1.5861585998535155,-18.719512195121954,0.12195121951219513,-20.0,44.7535294117647
1.5863091660000919,2.0745757385253905,17.515979345703123,-0.16998831787109375,30.975609756097565,-5.975609756097562,74.63414634146342,44.74764705882353
1.6012767209999765,-2.051830822753906,9.993397729492187,7.451952667236328,78.96341463414635,1.8902439024390245,-21.646341463414636,44.75941176470588
1.616582980999965,0.7134720947265625,-1.9788076721191405,-0.8714894042968749,52.07317073170732,8.414634146341465,21.34146341463415,44.75941176470588
1.631872610000073,0.9720458740234375,5.919663604736328,4.836287353515624,81.21951219512196,4.817073170731708,10.060975609756099,44.74176470588235
1.6471634990000439,-9.150638745117186,19.61270144958496,-2.512714642333984,88.10975609756099,7.134146341463415,17.012195121951223,44.74176470588235
1.6633519990000423,1.638831036376953,1.944091748046875,2.7353753967285153,-123.10975609756099,8.597560975609756,30.914634146341466,44.7535294117647
1.6786894439999287,0.9708487731933593,-0.6751648681640625,-1.4437036010742186,-21.463414634146343,11.036585365853659,13.414634146341465,44.74176470588235
1.6939841839998735,2.408566870117187,16.066290240478516,5.9017070922851556,21.585365853658537,14.939024390243905,-36.82926829268293,44.735882352941175
1.7094676659999095,10.692504614257812,12.12423720703125,3.537432952880859,25.914634146341466,29.81707317073171,-6.890243902439025,44.78294117647059
1.7248375359999955,-1.0019733947753906,1.9800047729492187,-3.421314172363281,48.23170731707317,18.414634146341466,3.780487804878049,44.74764705882353
1.7401536469999428,-0.488417138671875,-0.45010991210937495,-2.558204473876953,76.64634146341464,7.8048780487804885,7.073170731707318,44.730000000000004
1.7554392029999235,0.30047230834960936,19.61270144958496,-1.322796417236328,95.0609756097561,24.451219512195124,-14.756097560975611,44.7535294117647
1.7707536660000187,-0.5135562561035156,7.483077288818359,6.9336080078124995,-136.89024390243904,7.621951219512196,-30.30487804878049,44.74176470588235
1.7860668139999234,0.32082302246093747,-9.204508282470703,-0.6308721374511719,-41.40243902439025,6.2804878048780495,-26.219512195121954,44.75941176470588
1.8013697579999643,1.131260284423828,-4.548983154296875,-0.842758984375,12.987804878048781,-1.707317073170732,31.402439024390247,44.735882352941175
1.816660517999935,0.21787235107421873,-6.941987713623046,-2.385821954345703,68.35365853658537,5.914634146341464,60.54878048780488,44.77117647058824
1.831965351000008,7.3466077941894525,19.467253698730467,-2.924517327880859,-16.76829268292683,10.731707317073171,9.085365853658537,44.7535294117647
1.84727172099997,-0.8379705810546875,1.322796417236328,-3.446453289794922,72.5,11.829268292682928,-19.878048780487806,44.724117647058826
1.862576517999969,2.3295582153320313,7.96730457458496,-4.205415216064453,93.59756097560977,-4.695121951219512,2.5,44.74764705882353
1.877877387999888,0.718260498046875,7.977479931640625,0.8475473876953125,-125.60975609756099,-11.707317073170733,0.30487804878048785,44.74764705882353
1.8931951839999783,0.9947907897949219,-3.5685575744628903,-2.7653029174804686,-60.97560975609757,-12.378048780487806,-1.402439024390244,44.730000000000004
1.9085148510000636,-0.4584896179199218,-1.830367169189453,-4.152742779541016,39.69512195121951,-13.841463414634148,-2.8658536585365857,44.76529411764706
1.9237664059999133,6.831854437255859,19.61270144958496,8.16542476196289,24.146341463414636,-4.878048780487806,8.414634146341465,44.735882352941175
1.9390786290000506,1.6029180114746093,-0.36152445068359373,-5.088875628662109,23.84146341463415,-6.585365853658537,-5.121951219512195,44.7535294117647
1.9543644430000313,-0.5255272644042969,4.799177227783203,0.7936778503417968,68.65853658536587,-12.621951219512196,10.975609756097562,44.7535294117647
1.9696675729999242,0.6871358764648438,-1.4161702819824218,-3.9743747558593747,116.58536585365854,-3.2926829268292686,-55.73170731707317,44.777058823529416
1.984972684000013,2.922123126220703,19.61270144958496,-4.450820886230469,-128.96341463414635,16.890243902439025,9.329268292682928,44.730000000000004
2.0003127949999,0.6009446166992187,-2.7461493041992187,-4.179078997802734,-101.89024390243904,20.30487804878049,8.963414634146343,44.74176470588235
2.0156202769999254,0.6751648681640625,-1.66636435546875,-3.1878795104980466,0.9146341463414634,22.5609756097561,6.097560975609756,44.77117647058824
2.0309210170000824,-2.6096798095703124,19.61270144958496,0.5602431884765625,22.25609756097561,21.097560975609756,2.7439024390243905,44.7535294117647
2.0462219619998905,-0.08140285644531249,1.1432312927246093,-2.7760768249511716,6.707317073170732,42.37804878048781,4.2682926829268295,44.74176470588235
2.0615234990000317,-1.552639776611328,1.4041992736816404,3.2022447204589843,67.19512195121952,30.426829268292686,4.695121951219512,44.77117647058824
2.0768275539999195,-0.6560112548828124,1.8818425048828125,-2.85388837890625,65.2439024390244,24.02439024390244,-0.1829268292682927,44.76529411764706
2.0922237580000456,16.56907258911133,19.61270144958496,-6.112396838378906,-34.146341463414636,29.146341463414636,4.024390243902439,44.74176470588235
2.1083099429999947,1.0905588562011719,-0.1149216796875,-2.493561029052734,-135.0,29.02439024390244,4.024390243902439,44.7535294117647
2.124716072999945,0.12090718383789062,-4.253299249267578,-2.067393133544922,-19.75609756097561,27.682926829268297,4.146341463414634,44.74764705882353
2.141119961999948,-0.6787561706542968,-4.158728283691406,-5.408501550292969,62.865853658536594,28.170731707317074,-21.097560975609756,44.74764705882353
2.1575191469999027,3.4440590881347655,19.61270144958496,-6.665457421875,-51.21951219512196,40.73170731707317,5.060975609756098,44.75941176470588
2.1739157770000475,-0.5255272644042969,-4.6351744140625,-2.069787335205078,58.23170731707317,39.390243902439025,0.5487804878048781,44.77117647058824
2.1903298509998876,-1.0534487304687499,-3.096899847412109,-3.6451720275878903,122.62195121951221,36.951219512195124,5.914634146341464,44.74764705882353
2.2044133320000583,-1.2006921325683593,19.61270144958496,-4.394557147216797,-157.8048780487805,-11.707317073170733,5.853658536585367,44.74764705882353
2.2181858320000174,1.1324573852539062,-3.4644098022460934,-2.2182278381347653,-115.06097560975611,-14.756097560975611,9.085365853658537,44.7535294117647
2.231985164999969,-0.009576806640625,-2.952050646972656,-5.061342309570312,-75.48780487804879,-11.585365853658537,8.536585365853659,44.74764705882353
2.2457630910000717,0.7026981872558593,-0.2059013427734375,-2.7269956909179687,42.804878048780495,-8.536585365853659,6.707317073170732,44.74764705882353
2.259559979999949,3.948038537597656,19.61270144958496,5.2433016357421875,18.719512195121954,3.963414634146342,7.621951219512196,44.7535294117647
2.273334739999882,2.398990063476562,6.263231542968749,0.6093243225097655,11.036585365853659,34.024390243902445,10.24390243902439,44.7535294117647
2.2871333319999394,0.8906430175781249,4.7584757995605464,-1.2054805358886718,58.41463414634147,35.54878048780488,-16.219512195121954,44.74176470588235
2.300941554000019,0.9911994873046874,0.4644751220703125,1.189918225097656,96.58536585365854,17.439024390243905,19.573170731707318,44.75941176470588
2.3147481280000193,17.648857537841796,19.61270144958496,-6.879738470458984,-76.28048780487805,11.829268292682928,41.768292682926834,44.7535294117647
2.3285241099999894,-0.19871873779296872,0.33399113159179683,0.5458779785156249,-96.03658536585367,12.560975609756099,49.085365853658544,44.74764705882353
2.342512999000064,-2.2541408630371094,3.1651345947265623,-8.686163623046875,-85.91463414634147,-8.536585365853659,-13.414634146341465,44.7535294117647
2.3563753319999705,-0.729034405517578,1.1791443176269532,-4.531026641845703,-15.426829268292684,-9.390243902439025,-44.024390243902445,44.74764705882353
2.370164184000032,2.261323468017578,9.419986431884766,8.871714251708983,34.69512195121951,-8.719512195121952,5.731707317073171,44.735882352941175
2.383992684000077,0.4991910461425781,-2.9843723693847655,-6.13514175415039,55.0609756097561,7.8048780487804885,1.7682926829268295,44.74764705882353
2.3978218509998896,0.6368576416015624,7.218518005371093,2.5570073730468748,67.5609756097561,8.231707317073171,-11.890243902439025,44.74764705882353
2.4118767390000357,1.2761094848632812,6.4284314575195305,-3.754108203125,56.21951219512196,15.54878048780488,-0.7926829268292683,44.75941176470588
2.425649554000074,-8.172607366943359,19.61270144958496,-2.923320227050781,-0.30487804878048785,0.06097560975609757,-13.841463414634148,44.7535294117647
2.439401776000068,2.0302830078125,-0.15562310791015624,-2.741360900878906,-119.69512195121952,-16.402439024390244,-22.5609756097561,44.74176470588235
2.453152128000056,0.7398083129882812,-2.6240450195312497,-2.3044190979003907,-48.65853658536586,-18.658536585365855,-22.195121951219512,44.74764705882353
2.4669000910000705,1.70467158203125,-3.5913024902343746,-4.049792108154296,14.51219512195122,-17.25609756097561,-0.7926829268292683,44.77117647058824
2.481353275999936,0.6596025573730468,7.302315063476562,1.218648645019531,9.51219512195122,-13.353658536585368,56.03658536585366,44.76529411764706
2.4954102760000296,4.319139794921875,13.077129467773437,-2.385821954345703,1.8902439024390245,-8.048780487804878,10.853658536585368,44.7535294117647
2.5107659620000504,0.5829881042480468,3.0933085449218747,1.1659762084960936,41.951219512195124,-0.5487804878048781,-13.414634146341465,44.75941176470588
2.5260830360000455,3.4105402648925778,2.683900061035156,-2.1715409057617188,88.47560975609757,-9.817073170731708,-0.5487804878048781,44.7535294117647
2.5413901279998754,2.1906945190429687,19.61270144958496,-2.35589443359375,-129.63414634146343,-12.80487804878049,13.414634146341465,44.7535294117647
2.556740295000054,-1.1647791076660157,-2.816778253173828,-3.295618585205078,-99.93902439024392,-10.609756097560977,11.463414634146343,44.788823529411765
2.5720525169999746,-0.8044517578125,-0.679953271484375,-3.0705636291503904,-21.890243902439025,-9.146341463414634,4.51219512195122,44.77117647058824
2.5873558319999574,1.083376251220703,4.749497543334961,8.916006982421875,69.93902439024392,4.75609756097561,-23.231707317073173,44.74764705882353
2.602685758000007,0.7984662536621093,2.9975404785156248,-3.0741549316406247,2.1951219512195124,21.646341463414636,-10.670731707317074,44.76529411764706
2.617989628000032,-0.4955997436523437,4.902726449584961,1.5682020874023437,53.53658536585366,7.987804878048781,-4.51219512195122,44.777058823529416
2.6332929620000414,0.013168109130859374,-0.373495458984375,-2.8119898498535156,90.00000000000001,8.231707317073171,-3.9024390243902443,44.7535294117647
2.648611553999899,8.80946500854492,19.61270144958496,-6.564900952148437,-119.32926829268294,-1.2804878048780488,-13.902439024390246,44.75941176470588
2.663919405999877,0.7577648254394531,-1.7453730102539062,0.06464344482421874,-88.41463414634147,-5.365853658536586,-18.78048780487805,44.7535294117647
2.679223183999966,-0.49320554199218747,8.883685260009765,-3.6068648010253903,-17.195121951219512,8.536585365853659,41.03658536585366,44.76529411764706
2.694554887000095,-3.8043864379882812,19.61270144958496,7.395688928222656,-42.6829268292683,1.3414634146341464,-5.3048780487804885,44.777058823529416
2.7098286840000583,1.974019268798828,9.433154541015625,2.043451116943359,-3.353658536585366,10.548780487804878,-1.9512195121951221,44.75941176470588
2.725118369000029,1.5370774658203123,1.5478513732910155,-1.9021932189941406,43.41463414634147,16.76829268292683,-4.451219512195122,44.76529411764706
2.740415460999884,0.7386112121582031,-3.5517981628417967,-4.754884497070313,93.35365853658537,15.426829268292684,-4.390243902439025,44.77117647058824
2.7556883320000907,12.139799517822265,18.594567193603513,-8.702923034667968,74.57317073170732,53.59756097560976,36.951219512195124,44.77117647058824
2.7709928130000208,2.8431144714355465,9.404424121093749,-1.9704279663085937,-83.96341463414635,4.634146341463415,-30.670731707317074,44.74764705882353
2.786297794999882,5.989095452880859,4.562151263427734,-3.1783027038574216,-78.96341463414635,27.682926829268297,16.70731707317073,44.7535294117647
2.8017610540000533,0.8918401184082031,3.5889082885742187,-3.210624426269531,7.621951219512196,3.780487804878049,16.28048780487805,44.74764705882353
2.8174707210000633,1.8938135131835936,1.7932570434570312,-4.331110803222656,-20.914634146341466,-11.402439024390246,6.585365853658537,44.75941176470588
2.8330654799999593,3.2357635437011716,11.435904229736327,2.347514727783203,22.378048780487806,2.378048780487805,4.75609756097561,44.75941176470588
2.848482942999908,0.47764323120117186,0.9205705383300781,-1.6448165405273436,78.35365853658537,9.02439024390244,7.073170731707318,44.74764705882353
2.8638512390000415,0.09217676391601562,3.3770214416503905,-2.2373814514160153,89.02439024390245,1.402439024390244,4.329268292682928,44.75941176470588
2.8793109609998737,-12.029666241455077,19.61270144958496,-6.725312463378906,-146.28048780487805,-8.658536585365855,-22.012195121951223,44.74764705882353
2.8948723870000777,0.3016694091796875,-1.0414777221679687,-3.5709517761230467,-102.98780487804879,-8.963414634146343,-24.32926829268293,44.74764705882353
2.902659979999953,1.407790576171875,-7.866149554443359,-3.8139632446289062,-46.707317073170735,-7.25609756097561,-22.621951219512198,44.74176470588235
2.9096251839998786,-0.6117185241699218,-4.781220715332031,-4.206612316894531,11.76829268292683,-7.865853658536586,-17.5,44.74176470588235
2.916585553999994,4.071339923095703,18.62928311767578,-0.9097966308593749,13.04878048780488,-5.2439024390243905,29.02439024390244,44.74176470588235
2.9234287209999366,2.740163800048828,-3.3327287109375,-3.897760302734375,11.52439024390244,1.7682926829268295,79.81707317073172,44.75941176470588
2.930298905999962,-0.8379705810546875,-4.2688615600585935,-5.298368273925781,84.39024390243902,11.28048780487805,59.207317073170735,44.74764705882353
2.9371015909998732,-5.9400143188476555,19.61270144958496,2.7461493041992187,69.20731707317074,2.7439024390243905,-9.939024390243903,44.75941176470588
2.943906868999875,2.6755203552246094,2.1452046874999997,-0.04548983154296875,3.5975609756097566,6.52439024390244,20.48780487804878,44.74764705882353
2.950709794999966,0.7302315063476562,-2.741360900878906,-3.0741549316406247,49.75609756097561,6.646341463414635,20.48780487804878,44.75941176470588
2.9575091280000834,0.09935936889648436,6.25006343383789,1.8543091857910154,65.0609756097561,10.670731707317074,8.719512195121952,44.77117647058824
2.964313534999974,0.47285482788085936,-2.980781066894531,-3.4644098022460934,65.1219512195122,12.378048780487806,-18.10975609756098,44.730000000000004
2.9711247019999973,0.1149216796875,1.380257257080078,-17.008408593749998,132.19512195121953,4.75609756097561,-10.609756097560977,44.74176470588235
2.9779416649998893,15.525200665283203,19.61270144958496,-5.351040710449219,63.41463414634147,-32.31707317073171,-61.463414634146346,44.74764705882353
2.984811183999909,3.1376012756347653,14.56871710205078,-2.3211785095214843,-124.63414634146342,4.573170731707317,30.487804878048784,44.77117647058824
2.991623498000081,-0.20470424194335937,2.033874310302734,-0.48123453369140623,-109.87804878048782,4.695121951219512,28.231707317073173,44.75941176470588
2.9984430350000366,0.8726865051269531,-2.511517541503906,-1.47482822265625,-110.54878048780489,4.75609756097561,27.439024390243905,44.76529411764706
3.0052477389999694,0.6093243225097655,-6.379350323486328,-4.728548278808593,-45.487804878048784,4.024390243902439,26.34146341463415,44.77117647058824
3.0120597019999877,-0.047884033203124995,-4.145560174560547,-4.2305543334960936,-16.82926829268293,4.695121951219512,24.26829268292683,44.7535294117647
3.018938516999924,-1.5801730957031248,3.718195178222656,-2.261323468017578,18.29268292682927,1.707317073170732,-11.707317073170733,44.74176470588235
3.0257430540000314,-1.3455413330078123,18.255787658691403,4.012681982421875,-13.231707317073171,-4.817073170731708,-56.03658536585366,44.735882352941175
3.032556053999997,1.2713210815429687,6.787561706542968,0.86191259765625,47.926829268292686,-5.182926829268293,-66.82926829268293,44.735882352941175
3.0393726089998836,-1.2234370483398436,19.61270144958496,10.053252770996092,75.48780487804879,5.548780487804878,6.463414634146342,44.75941176470588
3.0461890910000875,-3.697844464111328,12.717999218749998,-6.92043989868164,-28.658536585365855,3.414634146341464,-5.731707317073171,44.7535294117647
3.0531746090000524,-1.0809820495605469,-3.2261867370605466,-4.896142395019531,18.04878048780488,4.451219512195122,-7.378048780487806,44.75941176470588
3.0600300349999543,1.0223241088867188,4.782417816162109,0.5267243652343749,57.926829268292686,-4.146341463414634,10.914634146341465,44.74176470588235
3.066849146000095,-0.03591302490234375,8.451531860351562,-3.0526071166992184,56.951219512195124,-4.451219512195122,22.5609756097561,44.735882352941175
3.0736641280000185,0.017956512451171875,4.7572786987304685,0.062249243164062495,91.34146341463415,2.5,-21.158536585365855,44.735882352941175
3.0804782580000847,1.5801730957031248,0.1304839904785156,-2.416946575927734,121.82926829268294,17.865853658536587,25.60975609756098,44.735882352941175
3.0874090170000272,-16.610971118164063,19.61270144958496,3.3207577026367185,-4.2682926829268295,3.1707317073170733,6.2804878048780495,44.74176470588235
3.094257017000018,-4.73094248046875,8.271966735839843,-6.785167504882812,-142.31707317073173,-13.475609756097562,-19.81707317073171,44.7535294117647
3.1013239609999346,1.0342951171875,4.660313531494141,0.8475473876953125,-141.03658536585368,-14.26829268292683,-19.573170731707318,44.7535294117647
3.10813822099999,1.1168950744628905,-4.809951135253906,-4.722562774658203,-89.81707317073172,-12.621951219512196,-18.53658536585366,44.735882352941175
3.1149416089999704,1.0307038146972656,5.442020373535156,3.1112650573730467,-59.69512195121952,-12.073170731707318,-15.670731707317074,44.74764705882353
3.121752886999957,0.6536170532226562,-4.266467358398438,-4.910507604980468,-23.414634146341466,-11.829268292682928,-11.463414634146343,44.77117647058824
3.1286830169999575,2.176329309082031,6.619967590332031,3.6715082458496093,24.634146341463417,-13.231707317073171,31.03658536585366,44.735882352941175
3.1355048129998977,3.897760302734375,11.366472381591796,1.1611878051757811,9.817073170731708,-8.78048780487805,73.47560975609757,44.7535294117647
3.1424042579999423,2.136824981689453,19.61270144958496,-3.8295255554199215,30.365853658536587,-7.743902439024391,59.146341463414636,44.75941176470588
3.1492321650000576,1.7022773803710936,14.88714592285156,-0.47644613037109373,10.24390243902439,-13.353658536585368,-8.109756097560977,44.7535294117647
3.1560384980000435,2.6659435485839844,0.46806642456054687,-5.203797308349609,25.243902439024392,-12.073170731707318,2.9268292682926833,44.7535294117647
3.162855368999999,0.47644613037109373,2.748543505859375,0.6057330200195312,34.87804878048781,-12.378048780487806,12.195121951219512,44.75941176470588
3.169671034999965,1.6220716247558593,-0.2059013427734375,-2.941276739501953,44.024390243902445,-12.74390243902439,15.914634146341465,44.7535294117647
3.176521053999977,1.6268600280761718,18.608932403564452,-4.667496136474609,48.23170731707317,-10.060975609756099,-0.9146341463414634,44.75941176470588
3.1833254059999945,0.8451531860351562,-2.6815058593749996,-4.590881683349609,68.35365853658537,-7.01219512195122,-2.0121951219512195,44.730000000000004
3.1901297950000753,1.369483349609375,1.5227122558593749,2.454056701660156,124.57317073170732,-8.231707317073171,1.7682926829268295,44.74176470588235
3.196946535000052,2.9927520751953125,19.61270144958496,-4.3813890380859375,5.487804878048781,-7.987804878048781,2.3170731707317076,44.7535294117647
3.2039298689999214,-3.3123779968261715,12.218808172607421,1.9405004455566406,-136.70731707317074,-0.9756097560975611,0.3658536585365854,44.74176470588235
3.2108065719999104,3.361459130859375,1.7788918334960937,4.562151263427734,-145.91463414634148,-14.02439024390244,1.0975609756097562,44.75941176470588
3.217612516999907,-0.2442085693359375,-9.411606726074218,-4.329913702392578,-126.09756097560977,-14.451219512195124,-3.963414634146342,44.7535294117647
3.2244297390000156,-0.44053310546874996,4.803965631103515,0.8858546142578124,-68.35365853658537,-13.719512195121952,-5.548780487804878,44.75941176470588
3.2312414799998805,0.5291185668945312,-2.8754361938476563,-5.3199160888671875,-31.402439024390247,-11.829268292682928,-3.536585365853659,44.76529411764706
3.238046682999993,0.08738836059570312,-3.3446997192382812,-1.879448303222656,17.012195121951223,-11.158536585365855,-14.329268292682928,44.74764705882353
3.2448641829998905,-0.14963760375976562,-0.6811503723144531,-0.7445967163085937,46.768292682926834,-9.451219512195122,-0.9146341463414634,44.74176470588235
3.251741053999922,0.7038952880859375,3.2172084808349606,12.630610858154297,69.02439024390245,-13.536585365853659,32.19512195121951,44.735882352941175
3.2585568869999406,-1.0330980163574217,19.61270144958496,2.0063409912109376,-5.0,-16.219512195121954,-7.560975609756098,44.74764705882353
3.2653724799999964,1.7262193969726563,-7.526172918701171,-8.965088116455078,42.43902439024391,-23.84146341463415,-5.365853658536586,44.75941176470588
3.2721891829999095,-0.5686228942871093,3.1172505615234374,-0.9301473449707031,45.97560975609756,-25.365853658536587,-6.036585365853659,44.74764705882353
3.2790046089999123,2.3139959045410157,5.367800122070312,0.6392518432617187,37.743902439024396,-27.621951219512198,19.451219512195124,44.7535294117647
3.2858234430000266,1.7010802795410156,-0.7122749938964843,-1.648407843017578,74.75609756097562,-27.378048780487806,37.86585365853659,44.74764705882353
3.29269155399993,1.6998831787109374,19.61270144958496,6.894103680419922,89.69512195121952,-19.146341463414636,15.121951219512196,44.74176470588235
3.299512719999939,1.016338604736328,0.2813186950683594,-5.80354482421875,47.86585365853659,-15.365853658536587,6.829268292682928,44.76529411764706
3.306329257000016,-1.678335363769531,7.45075556640625,-8.208520391845703,110.1829268292683,-19.81707317073171,-19.878048780487806,44.735882352941175
3.313142738999886,0.5398924743652344,19.61270144958496,-0.6667851623535156,-86.03658536585367,2.8658536585365857,7.378048780487806,44.735882352941175
3.3199647019998793,-0.3746925598144531,4.534617944335937,-8.204929089355469,-119.02439024390245,11.76829268292683,9.817073170731708,44.74764705882353
3.3268352939999204,-0.07302315063476562,-0.17597382202148437,-3.0550013183593747,-115.00000000000001,9.51219512195122,7.987804878048781,44.730000000000004
3.3336416279998957,-0.06584054565429687,-6.418854650878906,-2.043451116943359,-88.59756097560977,12.987804878048781,11.52439024390244,44.74176470588235
3.340450998000051,0.19991583862304688,-2.7269956909179687,-2.2278046447753903,-16.402439024390244,13.414634146341465,11.097560975609756,44.74764705882353
3.3472664430000805,0.8762778076171874,-3.5972879943847653,-5.459976885986328,-13.29268292682927,13.414634146341465,11.28048780487805,44.7535294117647
3.354080293999914,0.9145850341796874,3.479972113037109,-2.7138275817871094,22.134146341463417,0.12195121951219513,-17.012195121951223,44.7535294117647
3.3608934060000593,2.398990063476562,19.61270144958496,1.7525556152343749,12.500000000000002,12.80487804878049,-62.6219512195122,44.735882352941175
3.3677077199999985,9.97783541870117,10.830171209716797,5.910086798095703,22.439024390243905,20.365853658536587,-5.731707317073171,44.735882352941175
3.374526479999986,-4.107252947998047,8.313865264892577,1.0977414611816405,8.353658536585366,30.121951219512198,-1.1585365853658538,44.735882352941175
3.3813911459999417,-1.4496891052246093,-0.06823474731445311,-3.1292215698242187,21.402439024390247,27.743902439024392,-11.585365853658537,44.735882352941175
3.388206701999934,-0.27892449340820313,10.691307513427734,1.3946224670410154,56.40243902439025,26.34146341463415,-1.707317073170732,44.730000000000004
3.395018850000042,-0.08379705810546874,18.704700469970703,4.407725256347656,22.98780487804878,10.060975609756099,3.4756097560975614,44.735882352941175
3.401835183000003,-1.4113818786621093,-1.811213555908203,-2.881421697998047,60.426829268292686,6.585365853658537,-6.7682926829268295,44.724117647058826
3.408649146000016,0.5279214660644531,-2.6587609436035153,-7.018602166748046,92.5609756097561,6.341463414634147,-6.890243902439025,44.74176470588235
3.4154669980000563,15.620968731689452,19.61270144958496,-9.028534460449219,110.67073170731709,37.31707317073171,68.04878048780489,44.74764705882353
3.42233866499987,-19.6133,19.61270144958496,-7.838616235351562,-98.96341463414635,-16.402439024390244,-8.78048780487805,44.724117647058826
3.4294404980000763,-3.438073583984375,4.784812017822265,-3.525461944580078,-143.90243902439025,-24.573170731707318,-15.914634146341465,44.7535294117647
3.436263016999874,-0.5267243652343749,-1.7848773376464844,2.3582886352539063,-112.56097560975611,-24.695121951219516,-13.78048780487805,44.74176470588235
3.443082165000078,0.009576806640625,-4.5968671875,-2.9568390502929685,-80.3658536585366,-25.243902439024392,-30.243902439024392,44.7535294117647
3.4499021090000497,1.3766659545898436,1.70467158203125,0.824802471923828,-41.646341463414636,-22.378048780487806,-13.475609756097562,44.735882352941175
3.456719330999931,1.6615759521484375,-3.228580938720703,-3.864241479492187,-8.658536585365855,-20.670731707317074,-12.560975609756099,44.7535294117647
3.4635730350000813,6.4092778442382805,14.62617794189453,-6.5206082214355465,29.451219512195124,-23.53658536585366,56.82926829268293,44.7535294117647
3.4703840540000783,2.987963671875,3.564966271972656,1.8938135131835936,13.353658536585368,-10.914634146341465,80.79268292682927,44.76529411764706
3.477220738999904,-1.897404815673828,19.61270144958496,12.169727038574218,49.146341463414636,-13.719512195121952,14.634146341463415,44.77117647058824
3.484047516999908,3.7888241271972656,10.681730706787109,3.017891192626953,3.1097560975609757,-16.951219512195124,5.914634146341464,44.74176470588235
3.490865349999922,1.0917559570312498,-0.7529764221191406,-6.062118603515625,20.79268292682927,-15.609756097560977,3.8414634146341466,44.74176470588235
3.4977364979999948,0.003591302490234375,-0.11372457885742186,-2.1499930908203124,35.1829268292683,-16.463414634146343,0.48780487804878053,44.74764705882353
3.5045505169998705,1.9620482604980467,13.478158245849608,2.5665841796874997,57.926829268292686,-11.28048780487805,3.231707317073171,44.74176470588235
3.5113669610000215,0.08978256225585937,11.265915911865234,-5.42047255859375,49.51219512195122,-8.048780487804878,1.3414634146341464,44.74176470588235
3.5181842199999664,0.7146691955566405,0.6548141540527344,0.31004911499023435,98.59756097560977,-4.51219512195122,-5.121951219512195,44.7535294117647
3.525005330999875,3.9552211425781247,11.744756243896484,-0.7158662963867187,120.42682926829269,15.731707317073171,35.1829268292683,44.7535294117647
3.5318854610000017,-19.6133,19.61270144958496,-7.16943687133789,-67.31707317073172,-16.890243902439025,-6.341463414634147,44.74176470588235
3.5387024799999836,-3.6535517333984373,6.040570788574218,-4.7955859252929685,-132.6219512195122,-26.52439024390244,-22.5609756097561,44.74176470588235
3.545518720000018,-0.7350199096679687,3.355473626708984,1.361103643798828,-132.37804878048783,-27.439024390243905,-22.500000000000004,44.74764705882353
3.5525049420000414,-0.21787235107421873,-3.1016882507324217,-1.562216583251953,-76.28048780487805,-29.573170731707318,-26.58536585365854,44.74764705882353
3.559346608999931,-0.4537012145996093,0.7003039855957031,1.7274164978027342,-47.25609756097561,-29.26829268292683,-23.231707317073173,44.730000000000004
3.566157831000055,1.954865655517578,-3.7768531188964842,-3.0310593017578125,-18.414634146341466,-29.39024390243903,-21.646341463414636,44.730000000000004
3.572976294,1.887828009033203,11.004947930908202,-5.902904193115234,9.634146341463415,-31.463414634146343,7.865853658536586,44.7535294117647
3.579838202000019,1.5574281799316405,2.8945898071289062,-2.1978771240234374,1.4634146341463417,-23.231707317073173,73.04878048780489,44.74764705882353
3.586639960999946,1.5167267517089842,-9.581595043945311,2.1894974182128903,91.89024390243904,-18.84146341463415,67.8048780487805,44.735882352941175
3.5934562019999703,4.054580511474609,19.61270144958496,0.7900865478515624,31.402439024390247,-18.29268292682927,-14.756097560975611,44.74764705882353
3.6005840909999733,2.250549560546875,-9.491812481689452,-10.166977349853514,35.609756097560975,-9.756097560975611,-8.414634146341465,44.735882352941175
3.616256349999958,-0.6356605407714844,6.836642840576172,1.4700398193359374,24.878048780487806,-12.865853658536587,15.975609756097562,44.71823529411765
3.631573849999995,-4.367023828124999,19.61270144958496,2.845508673095703,65.60975609756098,-26.89024390243903,-1.5853658536585367,44.7535294117647
3.6468776459998935,-5.398924743652343,19.61270144958496,2.029085906982422,36.951219512195124,-35.670731707317074,-16.34146341463415,44.7535294117647
3.6627890540000863,0.5781997009277343,2.142810485839844,-1.3443442321777344,-109.45121951219514,-37.926829268292686,-29.26829268292683,44.735882352941175
3.6780766279998716,2.269703173828125,-1.5729904907226562,-0.06105214233398437,-28.84146341463415,-22.134146341463417,40.0609756097561,44.75941176470588
3.6933310530000654,1.3287819213867187,-5.823296987915039,5.048174200439453,44.87804878048781,-8.719512195121952,6.219512195121951,44.7535294117647
3.708119015999955,1.1659762084960936,-2.924517327880859,-4.529829541015625,37.5,13.414634146341465,3.4756097560975614,44.74764705882353
3.7218590350000795,0.507570751953125,9.0788126953125,-1.3563152404785155,14.085365853658537,6.341463414634147,-0.6097560975609757,44.7535294117647
3.7355834420000065,1.2880804931640624,-1.8614917907714843,-4.898536596679687,64.32926829268293,6.097560975609756,1.6463414634146343,44.7535294117647
3.749286424000047,0.4860229370117187,3.049015814208984,-1.0307038146972656,115.85365853658537,9.390243902439025,-19.02439024390244,44.74764705882353
3.763012720000006,-19.6133,19.61270144958496,-3.143586779785156,-16.03658536585366,-1.7682926829268295,-38.170731707317074,44.730000000000004
3.776776183000038,1.0079588989257813,3.2058360229492187,-0.14724340209960937,-119.14634146341464,-1.2195121951219514,-35.54878048780488,44.74176470588235
3.7905528310000136,0.9708487731933593,-2.3582886352539063,-4.114435552978516,-25.182926829268293,-0.1829268292682927,3.780487804878049,44.75941176470588
3.8046857570000157,2.2301988464355467,1.3766659545898436,-1.0702081420898437,-2.7439024390243905,2.682926829268293,54.69512195121952,44.735882352941175
3.820042052999952,-0.30406361083984373,19.61270144958496,2.6575638427734374,14.817073170731708,-1.6463414634146343,7.439024390243903,44.76529411764706
3.8353544789999887,1.9871873779296874,-1.1611878051757811,0.39863457641601563,59.451219512195124,-5.426829268292684,3.8414634146341466,44.74764705882353
3.8506904789999226,5.647921716308593,16.372748052978515,0.411802685546875,55.54878048780488,4.024390243902439,3.353658536585366,44.7535294117647
3.8660177019999082,1.3431471313476562,-2.005143890380859,-2.91134921875,121.09756097560977,4.390243902439025,6.890243902439025,44.7535294117647
3.8813344790000883,1.0857704528808594,9.847351428222655,-1.8195932617187498,-140.609756097561,-10.914634146341465,-3.5975609756097566,44.7535294117647
3.896649626999988,1.1707646118164061,-8.118737829589843,-5.499481213378906,-79.08536585365854,-10.121951219512196,-2.25609756097561,44.74764705882353
3.912016386999994,1.6436194396972654,-3.7804444213867185,0.0430956298828125,-8.170731707317074,-5.487804878048781,1.2195121951219514,44.75941176470588
3.92748825700005,0.7781155395507812,-2.511517541503906,-0.9026140258789062,98.90243902439025,-3.5975609756097566,53.41463414634147,44.7535294117647
3.9440269980000267,-0.2741360900878906,3.201047619628906,-5.166687182617188,6.646341463414635,-20.731707317073173,1.6463414634146343,44.75941176470588
3.9595051829999193,1.9752163696289062,5.3570262145996095,-0.3651157531738281,68.71951219512195,-21.707317073170735,32.5609756097561,44.74764705882353
3.975004293999973,-0.22744915771484372,0.97683427734375,-5.359420416259765,110.54878048780489,-24.207317073170735,-43.90243902439025,44.74176470588235
3.990252608999981,3.6104561035156246,8.273163836669921,-3.8474820678710935,-119.02439024390245,19.146341463414636,8.475609756097562,44.76529411764706
4.004800775999911,0.3028665100097656,-10.688913311767578,-6.847416748046874,-57.6829268292683,22.073170731707318,8.109756097560977,44.76529411764706
4.016190942000094,-0.20350714111328125,-7.471106280517578,-4.641159918212891,-25.000000000000004,23.78048780487805,7.134146341463415,44.730000000000004
4.027572313000064,-1.1180921752929687,12.814964385986327,-0.10295067138671875,33.59756097560976,19.390243902439025,-38.78048780487805,44.735882352941175
4.039179126999898,7.182604980468749,12.558784808349609,-1.659181750488281,-2.6219512195121952,29.81707317073171,8.048780487804878,44.735882352941175
4.05057590499996,-1.5454571716308594,6.056133099365234,-2.683900061035156,7.500000000000001,29.32926829268293,-9.207317073170733,44.74176470588235
4.061967479000032,0.09935936889648436,19.61270144958496,5.431246466064453,70.3048780487805,24.451219512195124,3.1097560975609757,44.75941176470588
4.073385757000096,2.6048914062499997,0.3950432739257812,-1.678335363769531,66.52439024390245,20.54878048780488,-3.231707317073171,44.7535294117647
4.084808924000072,0.09217676391601562,-5.7520694885253905,-19.6133,122.07317073170732,20.853658536585368,-9.26829268292683,44.74176470588235
4.096267274999946,-3.3123779968261715,7.466317877197265,-5.766434698486328,-158.71951219512198,2.5,-16.097560975609756,44.75941176470588
4.109784923999996,-0.32561142578124996,-1.255758770751953,-0.18914193115234373,-132.5,5.609756097560976,-11.951219512195124,44.735882352941175
4.125050830999953,0.18076222534179687,-0.8607154968261719,-3.840299462890625,-51.34146341463415,8.658536585365855,-5.0,44.7535294117647
4.140310924000005,0.6823474731445313,-5.989095452880859,-4.167107989501953,63.41463414634147,10.24390243902439,1.2804878048780488,44.74176470588235
4.155778220000002,0.16280571289062498,19.61270144958496,8.559270935058594,21.402439024390247,-1.402439024390244,-17.195121951219512,44.77117647058824
4.171241052999903,1.6891092712402342,2.4588451049804685,-1.956062756347656,54.268292682926834,-18.29268292682927,7.439024390243903,44.724117647058826
4.186612942000011,1.1252747802734375,-4.320336895751953,-3.5601778686523438,92.07317073170732,-24.26829268292683,13.658536585365855,44.735882352941175
4.201928200999873,7.36097300415039,19.61270144958496,-1.8854338073730468,8.658536585365855,16.158536585365855,-32.19512195121951,44.735882352941175
4.217236867999873,1.8231845642089843,3.5302503479003904,1.5574281799316405,-107.13414634146342,-3.780487804878049,-44.75609756097561,44.735882352941175
4.232541109000067,1.7705121276855467,-7.551312036132812,-5.4013189453125,-36.646341463414636,17.073170731707318,16.158536585365855,44.76529411764706
4.247846664000008,-0.020350714111328123,-0.10654197387695312,-5.980715747070312,-18.10975609756098,18.963414634146343,60.060975609756106,44.77117647058824
4.263152348999938,-3.9528269409179684,19.595343487548828,2.712630480957031,10.121951219512196,9.02439024390244,-0.7317073170731708,44.71823529411765
4.27845084899991,0.9445125549316405,2.1499930908203124,1.4173673828125,32.6219512195122,8.292682926829269,1.0975609756097562,44.7535294117647
4.293746349000003,0.35673604736328124,17.974468963623046,4.729745379638672,53.53658536585366,15.609756097560977,0.1829268292682927,44.74764705882353
4.309087090000048,-0.040701428222656245,19.61270144958496,-9.532513909912108,68.10975609756098,18.170731707317074,18.658536585365855,44.7535294117647
4.324405608999996,3.008314385986328,1.1133037719726562,-2.849099975585937,-122.98780487804879,-13.109756097560977,-30.731707317073173,44.735882352941175
4.339723737999975,0.28730419921875,-1.8279729675292968,-2.042254016113281,-60.97560975609757,-12.378048780487806,-41.463414634146346,44.74764705882353
4.355025627000032,1.1839327209472656,11.109095703125,-7.368155609130859,19.939024390243905,-12.378048780487806,16.03658536585366,44.74176470588235
4.370330904999946,-0.04189852905273437,-1.915361328125,-2.789244934082031,56.524390243902445,-1.402439024390244,34.51219512195122,44.7535294117647
4.3856071089999205,-2.059013427734375,15.415067388916015,2.108094561767578,-25.60975609756098,-7.317073170731708,4.085365853658537,44.7535294117647
4.400925738000069,-1.9117700256347656,-5.033808990478516,-2.3523031311035156,80.3048780487805,-12.073170731707318,16.951219512195124,44.75941176470588
4.416214886000034,1.927332336425781,14.890737225341796,3.9923312683105467,64.81707317073172,0.426829268292683,-79.69512195121952,44.75941176470588
4.4315042010000525,0.19393033447265623,19.61270144958496,-3.248931652832031,-101.89024390243904,0.30487804878048785,17.25609756097561,44.7535294117647
4.4467999419998705,-0.9277531433105468,-1.8543091857910154,0.5410895751953124,-78.41463414634147,15.426829268292684,15.54878048780488,44.730000000000004
4.462096589999874,-3.299209887695312,4.43047017211914,-0.8463502868652343,18.53658536585366,13.475609756097562,-47.19512195121952,44.7535294117647
4.47739340499993,-1.2497732666015624,18.04868921508789,0.9229647399902343,-30.182926829268297,-3.1707317073170733,-3.048780487804878,44.74764705882353
4.492683016000001,0.23702596435546874,6.0345852844238275,0.3028665100097656,25.54878048780488,-8.658536585365855,18.29268292682927,44.74764705882353
4.50799720100008,-0.5422866760253906,3.017891192626953,-0.8032546569824218,62.743902439024396,-5.365853658536586,12.621951219512196,44.77117647058824
4.523295608999888,1.7405846069335937,5.645527514648437,-3.4811692138671875,85.0609756097561,-6.951219512195123,-25.670731707317074,44.75941176470588
4.538602201000003,1.5071499450683592,19.49239281616211,1.0773907470703123,-126.03658536585367,19.207317073170735,10.731707317073171,44.75941176470588
4.553895646000001,-0.9062053283691406,-6.0513446960449215,-4.566939666748047,-124.20731707317074,19.26829268292683,11.402439024390246,44.7535294117647
4.569187905000035,0.9325415466308593,-1.9907786804199217,-1.6112977172851561,19.451219512195124,17.926829268292686,7.682926829268293,44.7535294117647
4.584476146000043,0.5566518859863281,19.61270144958496,2.5845406921386718,69.63414634146342,23.29268292682927,-59.39024390243903,44.7535294117647
4.5997619419999864,3.1675287963867187,3.582922784423828,-1.180341418457031,7.134146341463415,26.646341463414636,3.2926829268292686,44.74176470588235
4.615054848999989,-0.09816226806640624,2.24097275390625,-0.30885201416015623,59.87804878048781,25.30487804878049,-10.975609756097562,44.74764705882353
4.630343607999976,0.7996633544921875,17.378312750244138,4.442441180419921,79.39024390243902,26.402439024390247,-12.987804878048781,44.74764705882353
4.645635015999915,-5.474342095947265,19.61270144958496,-7.948749511718749,-119.02439024390245,18.719512195121954,2.987804878048781,44.74176470588235
4.660941646000083,-2.1128829650878904,-3.2800562744140622,-3.104082452392578,-117.8048780487805,14.146341463414636,3.1097560975609757,44.74764705882353
4.676242812000055,1.2485761657714842,2.2577321655273437,-0.5458779785156249,-42.743902439024396,15.609756097560977,3.2926829268292686,44.7535294117647
4.691538942000079,-0.9217676391601562,1.083376251220703,-3.422511273193359,51.951219512195124,21.951219512195124,-20.48780487804878,44.74176470588235
4.706829756999923,0.9133879333496093,1.9225439331054686,-5.200206005859375,-4.085365853658537,37.6219512195122,8.170731707317074,44.7535294117647
4.722125867999921,-0.08499415893554688,1.6268600280761718,-1.0091559997558592,41.82926829268293,33.53658536585366,-26.463414634146343,44.7535294117647
4.737427441999898,1.945288848876953,9.449913952636718,8.036137872314452,99.93902439024392,24.085365853658537,10.914634146341465,44.735882352941175
4.752705349000053,-18.292897784423825,19.61270144958496,-6.586448767089843,-90.48780487804879,-8.536585365853659,-6.341463414634147,44.74176470588235
4.7679813120000745,-1.47482822265625,-0.9421183532714843,-1.9093758239746093,-123.53658536585367,-10.30487804878049,-10.914634146341465,44.75941176470588
4.783281571000089,0.3076549133300781,-3.0729578308105467,1.656787548828125,-21.03658536585366,-7.195121951219513,-6.52439024390244,44.74764705882353
4.798597126999994,1.2904746948242187,4.7884033203125,1.3192051147460937,75.85365853658537,-1.8902439024390245,59.207317073170735,44.74176470588235
4.813920459999963,-0.2609679809570312,11.895590948486328,-5.129577056884766,-27.25609756097561,-13.658536585365855,1.7682926829268295,44.74764705882353
4.829213774999971,0.8451531860351562,14.774618444824219,2.1607669982910154,33.29268292682927,-13.841463414634148,2.1951219512195124,44.76529411764706
4.84450651599991,0.1640028137207031,1.313219610595703,-1.7741034301757812,104.32926829268294,-13.475609756097562,1.707317073170732,44.74176470588235
4.86006944199994,8.47188257446289,19.61270144958496,-8.902838873291016,-133.84146341463415,-5.365853658536586,-4.390243902439025,44.74176470588235
4.875386701000025,1.6579846496582031,-1.0510545288085937,-1.908178723144531,-137.37804878048783,-7.500000000000001,-25.121951219512198,44.74764705882353
4.890692478999881,-0.07781155395507812,-0.6428431457519531,-2.1823148132324217,-66.34146341463415,-5.182926829268293,-21.646341463414636,44.75941176470588
4.905989868000006,0.5363011718749999,0.025139117431640625,-0.38307226562499996,47.43902439024391,-4.939024390243903,33.71951219512196,44.74764705882353
4.921315718999949,0.9253589416503906,-0.08499415893554688,-3.8558617736816405,50.97560975609756,3.231707317073171,51.951219512195124,44.75941176470588
4.93672846000004,0.9947907897949219,19.61270144958496,6.023811376953125,22.378048780487806,6.7682926829268295,19.32926829268293,44.7535294117647
4.952010275000021,1.035492218017578,2.826355059814453,0.5470750793457031,39.268292682926834,10.30487804878049,7.378048780487806,44.75941176470588
4.967261311999891,-9.609128363037108,19.61270144958496,0.6368576416015624,85.67073170731707,-7.8048780487804885,2.3170731707317076,44.7535294117647
4.982513071000085,-0.23822306518554687,6.095637426757812,5.644330413818359,-114.63414634146342,44.51219512195122,13.475609756097562,44.730000000000004
4.997767664000094,-0.9696516723632812,-3.8379052612304685,-0.7074865905761718,-45.97560975609756,44.63414634146342,14.756097560975611,44.74764705882353
5.013022052999986,-0.8020575561523438,1.7956512451171873,-0.5674257934570313,25.792682926829272,44.146341463414636,-31.09756097560976,44.730000000000004
