0.016139185000042744,-1.1348515869140625,7.076063006591797,-2.3882161560058592,10.670731707317074,10.060975609756099,-13.170731707317074,44.394705882352945
0.03209079600003406,0.1771709228515625,-5.5844753723144525,-5.706579656982422,50.97560975609756,13.719512195121952,-10.670731707317074,44.37705882352941
0.044822870000075454,0.3280056274414062,10.500968481445312,2.440888592529297,89.45121951219512,24.75609756097561,16.097560975609756,44.36529411764706
0.057404906999977356,-0.27892449340820313,17.685967663574218,-19.6133,-41.768292682926834,65.2439024390244,-17.439024390243905,44.400588235294116
0.06997281500002828,0.5111620544433594,8.177395770263672,1.514332550048828,-66.95121951219512,22.98780487804878,-15.731707317073171,44.38294117647059
0.08268527799998537,1.3275848205566405,-0.5015852478027344,-2.6048914062499997,-69.63414634146342,25.914634146341466,21.463414634146343,44.38294117647059
0.09543109300000197,2.440888592529297,14.395137481689453,-2.3977929626464842,-63.71951219512196,12.01219512195122,-10.914634146341465,44.394705882352945
0.10842875900004856,1.4125789794921875,0.5422866760253906,2.8706477905273435,14.207317073170733,6.097560975609756,7.560975609756098,44.388823529411766
0.12138116699998136,0.48123453369140623,10.976217510986327,-0.14963760375976562,-30.30487804878049,3.1097560975609757,-5.914634146341464,44.38294117647059
0.13356461099999706,1.3838485595703125,12.686874597167968,3.6332010192871094,56.09756097560976,5.548780487804878,-4.573170731707317,44.37117647058824
0.1405807780000714,2.6144682128906247,-3.976768957519531,-4.140771771240234,21.646341463414636,4.695121951219512,5.609756097560976,44.38294117647059
0.14760340700001962,-0.09696516723632811,4.100070343017578,-0.0526724365234375,98.96341463414635,5.853658536585367,4.75609756097561,44.37117647058824
0.154689167000015,-1.8902222106933593,7.356184600830078,1.3958195678710936,67.7439024390244,4.634146341463415,-12.74390243902439,44.36529411764706
0.16161807399998906,2.029085906982422,9.714473236083984,-0.4896142395019531,69.45121951219512,19.390243902439025,43.47560975609756,44.36529411764706
0.1685636480000312,-5.8454433532714845,19.61270144958496,-4.077325427246094,-5.0,21.219512195121954,40.670731707317074,44.36529411764706
0.17553968499998973,0.09696516723632811,11.366472381591796,-5.154716174316406,-101.70731707317074,-20.670731707317074,-19.451219512195124,44.37117647058824
0.18249162900008287,-1.1085153686523437,-0.27174188842773433,-2.7246014892578123,-75.0,-29.695121951219516,-26.951219512195124,44.37117647058824
0.1893892960000585,1.0366893188476562,3.1376012756347653,2.398990063476562,-59.146341463414636,-28.658536585365855,-21.28048780487805,44.38294117647059
0.19621864800001276,5.084087225341796,9.655815295410155,-4.605246893310547,-63.65853658536586,-18.414634146341466,22.31707317073171,44.388823529411766
0.20306490699999813,1.024718310546875,0.229843359375,-2.7808652282714843,-23.29268292682927,-15.243902439024392,39.93902439024391,44.394705882352945
0.21000946300000578,0.9876081848144531,19.61270144958496,7.806294512939453,31.951219512195124,-12.256097560975611,42.5609756097561,44.394705882352945
0.2169389630000751,3.3542765258789062,19.61270144958496,3.786429925537109,-3.658536585365854,-4.329268292682928,1.4634146341463417,44.38294117647059
0.2240898700000571,1.6244658264160154,-1.6340426330566404,-4.522646936035156,-15.426829268292684,-1.524390243902439,-2.5609756097560976,44.37705882352941
0.23092412900007275,0.8726865051269531,2.722207287597656,0.12090718383789062,31.58536585365854,0.1829268292682927,-0.3658536585365854,44.38294117647059
0.23772859200005314,0.6811503723144531,13.897143536376952,2.205059729003906,13.475609756097562,-2.8658536585365857,2.378048780487805,44.388823529411766
0.24453638900001806,-0.04908113403320312,1.3479355346679687,-2.85388837890625,-19.939024390243905,-2.5,-7.378048780487806,44.394705882352945
0.2513431480000463,0.5027823486328125,-4.435258575439453,-5.23492192993164,7.195121951219513,-2.1341463414634148,-0.6707317073170732,44.38294117647059
0.2581492589999925,-0.23223756103515625,4.601655590820312,-0.6141127258300781,79.45121951219512,-3.353658536585366,-0.6707317073170732,44.37705882352941
0.26495155500003875,0.4010287780761719,5.182249493408203,-0.7110778930664062,56.28048780487806,-2.0121951219512195,-11.707317073170733,44.37705882352941
0.27175022200003696,0.41419688720703124,5.469553692626953,-0.70868369140625,66.76829268292684,-1.8902439024390245,-7.987804878048781,44.37117647058824
0.2785640739999735,0.2609679809570312,6.937199310302734,-13.134590307617186,94.39024390243904,1.829268292682927,10.975609756097562,44.36529411764706
0.28550644400002056,-19.6133,19.61270144958496,-15.136142895507811,40.670731707317074,33.84146341463415,79.57317073170732,44.37705882352941
0.29254816600007416,-0.9038111267089843,14.586673614501953,-3.4572271972656248,-95.60975609756099,-20.0609756097561,-10.914634146341465,44.38294117647059
0.2995557410000629,0.5087678527832031,3.478775012207031,-0.06943184814453125,-70.67073170731707,-24.02439024390244,-11.951219512195124,44.37705882352941
0.3064534260000755,0.016759411621093748,2.300827795410156,1.5406687683105469,-61.707317073170735,-25.853658536585368,-17.31707317073171,44.36529411764706
0.313289554999983,5.513846423339843,1.9476830505371092,-6.654683514404296,-27.25609756097561,-19.02439024390244,16.76829268292683,44.37117647058824
0.32010796300005495,1.4999673400878906,10.064026678466796,1.448492004394531,-34.69512195121951,-12.256097560975611,38.90243902439025,44.38294117647059
0.32698588900007053,2.8107927490234372,15.461754321289062,0.7278373046875,-23.04878048780488,-15.243902439024392,-0.6707317073170732,44.38294117647059
0.3338446110000177,0.49679684448242184,5.829881042480468,-1.7884686401367187,-23.04878048780488,-13.719512195121952,-5.060975609756098,44.388823529411766
0.34067255500008287,1.0606313354492187,6.238092425537109,0.3172317199707031,-3.4756097560975614,-13.04878048780488,-2.1951219512195124,44.36529411764706
0.34748998100008066,0.3950432739257812,13.549984295654296,2.5725696838378904,-19.207317073170735,-12.80487804878049,-6.646341463414635,44.388823529411766
0.3543095180000364,-0.30406361083984373,2.864662286376953,1.2114660400390624,9.085365853658537,-13.719512195121952,-6.707317073170732,44.36529411764706
0.3611272780000263,0.8164227661132812,2.474407415771484,-1.5346832641601562,17.195121951219512,-8.475609756097562,-0.3658536585365854,44.37705882352941
0.3679460550000613,-0.9696516723632812,1.3575123413085937,-1.0211270080566406,60.243902439024396,-8.048780487804878,-7.682926829268293,44.36529411764706
0.37476729600007275,0.5590460876464843,6.871358764648437,-0.7015010864257812,42.25609756097561,-7.378048780487806,-17.073170731707318,44.35941176470588
0.3815880180000022,-0.4560954162597656,5.032611889648437,-0.09816226806640624,50.73170731707317,-2.987804878048781,-4.51219512195122,44.36529411764706
0.38840459200002897,0.7242460021972655,1.9823989746093749,-1.3395558288574219,83.53658536585367,0.1829268292682927,-17.195121951219512,44.36529411764706
0.3952209999999923,-0.6667851623535156,19.61270144958496,-19.531897143554687,91.76829268292684,2.6219512195121952,-28.902439024390247,44.35941176470588
0.4020356849999871,1.6771382629394531,19.61270144958496,-0.10414777221679687,36.463414634146346,57.37804878048781,69.69512195121952,44.38294117647059
0.40888735200007886,-19.6133,19.61270144958496,2.4564509033203126,-40.426829268292686,8.536585365853659,-26.09756097560976,44.38294117647059
0.4157259439999734,1.7393875061035156,3.403357659912109,-2.01112939453125,-77.8048780487805,4.939024390243903,-14.085365853658537,44.38294117647059
0.42254631499997686,2.105700360107422,1.2318167541503906,-2.023100402832031,-62.01219512195122,6.158536585365854,-15.975609756097562,44.388823529411766
0.4293632220000063,2.1643583007812497,2.057816326904297,0.2597708801269531,-41.768292682926834,10.853658536585368,7.25609756097561,44.38294117647059
0.43617953700004364,0.9636661682128905,2.6946739685058594,-1.9297265380859374,-42.987804878048784,11.341463414634147,23.04878048780488,44.35941176470588
0.44299775900003624,-2.0087351928710935,19.61270144958496,-0.07062894897460938,-34.390243902439025,1.524390243902439,-4.573170731707317,44.35941176470588
0.4499994070000639,0.7996633544921875,-2.588131994628906,-4.393360046386719,-30.30487804878049,3.536585365853659,-8.414634146341465,44.37117647058824
0.45683657400002176,-0.5446808776855468,3.641580725097656,-0.01915361328125,17.865853658536587,5.914634146341464,-8.475609756097562,44.37705882352941
0.4636536479999904,0.5746083984375,19.61270144958496,0.3268085266113281,-29.81707317073171,5.060975609756098,-11.52439024390244,44.36529411764706
0.4704720180000095,1.4173673828125,-2.146401788330078,-4.031835595703125,-27.987804878048784,10.0,-12.195121951219512,44.37705882352941
0.47728768500007845,0.9804255798339843,5.972336041259766,-1.1324573852539062,20.365853658536587,16.951219512195124,-12.621951219512196,44.37705882352941
0.48412583300000733,1.1276689819335937,12.594697833251953,-2.8562825805664063,17.5609756097561,18.597560975609756,-17.378048780487806,44.35941176470588
0.4909890000000132,0.15682020874023436,7.019799267578125,0.5853823059082031,52.01219512195122,21.28048780487805,-14.878048780487806,44.38294117647059
0.4978464260000237,1.0211270080566406,13.103465686035156,2.8000188415527343,45.1219512195122,20.0609756097561,-17.5,44.35941176470588
0.5047005370000761,-0.13287819213867186,-2.398990063476562,-2.6192566162109374,51.707317073170735,20.243902439024392,-21.52439024390244,44.36529411764706
0.5115353890000733,1.1073182678222655,2.6336218261718747,-3.2453403503417966,91.03658536585367,39.93902439024391,27.682926829268297,44.36529411764706
0.5183527589999812,-2.3810335510253906,19.61270144958496,5.717353564453124,-28.231707317073173,71.58536585365854,86.21951219512196,44.37117647058824
0.5253323520000777,-3.2405519470214843,10.243591802978514,-12.170924139404296,-53.963414634146346,84.20731707317074,81.64634146341464,44.388823529411766
0.5321783699999969,-3.0526071166992184,19.61270144958496,8.05648858642578,31.58536585365854,26.34146341463415,-22.743902439024392,44.38294117647059
0.5390867400000161,1.675941162109375,8.429984045410155,-6.349422802734375,-43.53658536585366,22.439024390243905,-23.53658536585366,44.388823529411766
0.5460635000000593,2.749740606689453,5.6563014221191406,2.0973206542968748,-26.76829268292683,24.573170731707318,0.30487804878048785,44.37705882352941
0.5529020180000543,-3.938461730957031,19.61270144958496,-2.7533319091796873,-83.78048780487805,7.25609756097561,-18.353658536585368,44.37117647058824
0.5597215369999731,1.5071499450683592,-7.943961108398437,-8.981847528076171,-117.37804878048782,1.402439024390244,-12.378048780487806,44.37117647058824
0.5665404810000609,1.7621324218749999,1.1767501159667968,-1.5861585998535155,-21.463414634146343,-2.0121951219512195,3.048780487804878,44.37117647058824
0.5733574810000164,0.8044517578125,19.424158068847657,7.031770275878906,-38.59756097560976,-3.414634146341464,-4.939024390243903,44.37117647058824
0.5801742219999824,0.6021417175292968,-0.058657940673828124,-3.842693664550781,-21.158536585365855,-4.75609756097561,-8.841463414634147,44.35941176470588
0.5869927219999909,1.22583125,5.783194110107422,-0.040701428222656245,19.695121951219512,-1.524390243902439,-14.451219512195124,44.37705882352941
0.5938142400000288,0.43574470214843747,11.415553515625,0.5877765075683593,11.951219512195124,-0.426829268292683,-11.829268292682928,44.38294117647059
0.6006415000000516,1.4281412902832031,-0.82360537109375,-3.2812533752441406,4.2682926829268295,-0.426829268292683,-12.317073170731708,44.37705882352941
0.6074616289999994,0.26216508178710934,10.485406170654297,1.686715069580078,46.58536585365854,4.207317073170732,-13.109756097560977,44.37705882352941
0.6142838140000322,1.4987702392578124,8.921992486572265,-0.4034229797363281,42.987804878048784,7.682926829268293,-8.475609756097562,44.36529411764706
0.6211033880000514,0.18315642700195311,1.274912384033203,-2.900575311279297,64.57317073170732,9.085365853658537,-18.170731707317074,44.37117647058824
0.6279212770000413,0.39863457641601563,3.0885201416015624,0.0526724365234375,96.82926829268294,23.29268292682927,-5.548780487804878,44.341764705882355
0.6347390550000682,8.192958081054687,17.01439409790039,1.7010802795410156,14.02439024390244,65.91463414634147,79.14634146341464,44.353529411764704
0.6415599440000506,-2.555810272216797,0.6069301208496093,-9.44871685180664,-46.15853658536586,62.743902439024396,44.024390243902445,44.35941176470588
0.6483855740000308,-13.080720770263671,19.61270144958496,-6.6893994384765625,-9.573170731707318,23.59756097560976,-42.6829268292683,44.353529411764704
0.6552154260000407,6.391321331787109,3.0047230834960934,-1.6268600280761718,-64.08536585365854,28.231707317073173,-14.756097560975611,44.37117647058824
0.6620375180000337,-0.5698199951171875,1.1001356628417969,-4.021061688232422,-76.09756097560977,30.243902439024392,4.451219512195122,44.34764705882353
0.6688598509999792,-2.155978594970703,8.420407238769531,-5.999869360351562,-63.963414634146346,20.853658536585368,-21.097560975609756,44.35941176470588
0.675680666000062,2.404975567626953,12.083535778808592,0.7433996154785156,-26.28048780487805,11.219512195121952,-21.76829268292683,44.37117647058824
0.6825006479999729,0.1149216796875,10.870872637939453,-2.280477081298828,-33.35365853658537,4.390243902439025,-15.182926829268293,44.36529411764706
0.6893188700000792,0.97683427734375,2.2361843505859373,-0.6428431457519531,-5.365853658536586,0.853658536585366,0.24390243902439027,44.35941176470588
0.6961410920000617,1.2641384765625,15.176844323730467,1.9584569580078124,-11.646341463414634,-1.1585365853658538,-17.743902439024392,44.36529411764706
0.7029597220000596,2.27927998046875,7.4794859863281244,0.6572083557128906,-11.402439024390246,6.097560975609756,-12.500000000000002,44.36529411764706
0.7097813880000103,1.1432312927246093,-1.7645266235351562,-4.469974499511719,6.829268292682928,8.719512195121952,-12.01219512195122,44.35941176470588
0.7166007220000665,1.3024457031249999,10.78946978149414,2.002749688720703,51.951219512195124,11.28048780487805,-16.03658536585366,44.388823529411766
0.723419462000038,0.7565677246093749,13.626598748779296,4.341884710693359,15.426829268292684,11.585365853658537,-14.817073170731708,44.388823529411766
0.7302393510000229,0.7481880187988281,6.598419775390624,0.3232172241210937,46.34146341463415,13.414634146341465,-12.500000000000002,44.37705882352941
0.737060055000029,0.31004911499023435,-3.9408559326171875,-2.5474305664062498,53.71951219512196,19.390243902439025,-27.073170731707318,44.37117647058824
0.7438792030000059,4.18147319946289,8.22288560180664,3.5326445495605467,107.7439024390244,38.78048780487805,47.804878048780495,44.37117647058824
0.7506993700000066,-1.4377180969238281,11.423933221435545,-4.581304876708984,-23.78048780487805,71.76829268292684,121.28048780487806,44.35941176470588
0.7575242400000661,-16.936582543945313,14.229937567138672,-19.6133,16.219512195121954,36.34146341463415,-17.25609756097561,44.37117647058824
0.7643442959999902,1.3670891479492187,15.765817932128906,0.09457096557617187,-46.40243902439025,21.28048780487805,-24.451219512195124,44.36529411764706
0.7711654810000255,1.1959037292480468,0.0,-1.7298106994628906,-79.39024390243902,22.439024390243905,-15.975609756097562,44.37705882352941
0.7779860740000686,0.8762778076171874,5.014655377197266,-2.3511060302734372,-55.304878048780495,22.439024390243905,-1.4634146341463417,44.37705882352941
0.784806703000072,0.28969840087890625,19.61270144958496,-3.669114044189453,-26.89024390243903,20.670731707317074,5.548780487804878,44.38294117647059
0.7916267770000331,1.236605157470703,12.460622540283202,1.8734627990722654,-39.146341463414636,-0.6097560975609757,-6.52439024390244,44.37117647058824
0.7984484990000738,0.603338818359375,-4.086902233886718,-6.776787799072265,-4.024390243902439,1.9512195121951221,-4.024390243902439,44.35941176470588
0.8052686290000111,0.6392518432617187,16.642095739746093,2.6288334228515624,-13.475609756097562,2.0121951219512195,-5.121951219512195,44.353529411764704
0.8120910920000597,1.2713210815429687,-1.4341267944335936,-5.0769046203613275,-45.1829268292683,7.926829268292684,-11.646341463414634,44.38294117647059
0.8189107030000287,0.5147533569335937,6.618770489501952,0.6691793640136718,13.78048780487805,8.170731707317074,-8.353658536585366,44.36529411764706
0.8258552030000601,-0.4752490295410156,3.432088079833984,-1.7705121276855467,20.60975609756098,9.02439024390244,-9.634146341463415,44.37705882352941
0.8326800920000323,0.9217676391601562,17.547103967285157,3.171120098876953,8.902439024390244,9.51219512195122,-15.79268292682927,44.353529411764704
0.8434176110000635,1.4006079711914061,2.454056701660156,-3.181894006347656,22.5609756097561,9.02439024390244,-4.024390243902439,44.353529411764704
0.8586819810000179,0.32561142578124996,0.7062894897460937,-3.1842882080078123,105.73170731707317,3.5975609756097566,-12.195121951219512,44.36529411764706
0.8739691480000147,2.384624853515625,19.61270144958496,0.3064578125,-58.53658536585366,69.81707317073172,-33.109756097560975,44.37117647058824
0.889248999000074,3.172317199707031,6.4092778442382805,-2.89219560546875,-80.0609756097561,20.0609756097561,-12.80487804878049,44.400588235294116
0.904549055000075,0.8822633117675781,4.777629412841796,-5.390545037841797,-42.50000000000001,7.439024390243903,6.951219512195123,44.37705882352941
0.9198398140000563,-0.9253589416503906,3.6655227416992187,-2.0087351928710935,-25.54878048780488,-3.353658536585366,-14.146341463414636,44.36529411764706
0.9353053329999739,-0.06703764648437499,11.44667813720703,1.8004396484374998,-0.30487804878048785,-4.75609756097561,3.2926829268292686,44.38294117647059
0.9508029070000248,-0.4944026428222656,0.41060558471679687,-3.2884359802246093,22.012195121951223,-5.182926829268293,-7.500000000000001,44.353529411764704
0.9661583700000165,0.1867477294921875,-0.3387795349121094,-3.0322564025878904,18.78048780487805,1.9512195121951221,-4.878048780487806,44.36529411764706
0.9814525919999824,-0.1149216796875,19.61270144958496,-6.1279591491699215,51.34146341463415,31.646341463414636,79.51219512195122,44.38294117647059
0.9967651480000086,-4.507084625244141,-0.6536170532226562,-6.179434484863281,-77.37804878048782,-24.207317073170735,-12.500000000000002,44.353529411764704
1.0124093330000505,-1.20667763671875,-7.3669585083007805,-2.7461493041992187,-40.1829268292683,-28.963414634146343,-0.06097560975609757,44.35941176470588
1.027808350999976,3.870226983642578,0.978031378173828,-2.3439234252929686,-10.731707317073171,-14.878048780487806,-1.7682926829268295,44.36529411764706
1.0427175730000044,3.5960908935546874,4.875791680908203,0.06464344482421874,-15.54878048780488,-20.48780487804878,0.7926829268292683,44.36529411764706
1.0564638509999895,2.0841525451660154,8.774749084472656,0.1292868896484375,-12.378048780487806,-14.634146341463415,-0.6707317073170732,44.36529411764706
1.0701876289999745,0.09457096557617187,1.5275006591796874,-1.4257470886230468,17.621951219512198,-10.182926829268293,2.804878048780488,44.37117647058824
1.083898055000077,0.16041151123046873,5.342661004638671,2.463633508300781,106.52439024390245,-5.975609756097562,-12.926829268292684,44.35941176470588
1.0976522959999784,4.485536810302734,19.61270144958496,-2.023100402832031,46.463414634146346,17.926829268292686,12.80487804878049,44.34764705882353
1.1114153140000553,-4.14316597290039,4.667496136474609,-7.582436657714843,-88.35365853658537,-32.86585365853659,-21.34146341463415,44.353529411764704
1.1251705729999912,0.27293898925781246,2.7473464050292966,-2.797624639892578,-64.75609756097562,-25.731707317073173,1.9512195121951221,44.353529411764704
1.139219498999978,1.2605471740722656,-4.53940634765625,-6.160280871582031,-4.75609756097561,-13.963414634146343,31.219512195121954,44.37705882352941
1.1548060360000818,3.0502129150390624,12.376825482177734,-5.9771244445800775,-60.85365853658537,-8.231707317073171,-1.9512195121951221,44.35941176470588
1.1703919440000163,0.19153613281249998,9.688137017822266,2.7856536315917966,24.878048780487806,-13.29268292682927,-2.682926829268293,44.35941176470588
1.1860382590000427,1.0773907470703123,-4.2329485351562495,-1.236605157470703,40.0,-12.865853658536587,-2.5609756097560976,44.36529411764706
1.2013483700000052,0.5255272644042969,4.25808765258789,-1.9871873779296874,68.65853658536587,-12.134146341463415,-7.317073170731708,44.37705882352941
1.2166764620000095,1.1384428894042968,19.61270144958496,2.8383260681152342,-15.609756097560977,35.1219512195122,99.20731707317074,44.35941176470588
1.2320217029999867,0.5410895751953124,2.9652187561035155,-0.23582886352539062,-63.84146341463415,-17.073170731707318,-12.134146341463415,44.353529411764704
1.2456760360000771,5.644330413818359,-3.6092590026855467,-5.38815083618164,-29.573170731707318,-4.573170731707317,26.82926829268293,44.33588235294118
1.2582222400000092,2.110488763427734,19.61270144958496,-5.747281085205078,-58.65853658536586,-5.060975609756098,-8.292682926829269,44.37117647058824
1.2707512960000713,-0.20949264526367187,7.448361364746093,1.0366893188476562,-4.817073170731708,-9.329268292682928,6.52439024390244,44.36529411764706
1.2833450730000777,0.7733271362304687,15.80053385620117,-2.7916391357421872,-32.80487804878049,-14.939024390243905,-7.682926829268293,44.353529411764704
1.2958892210000386,0.7302315063476562,3.6559459350585937,-2.5845406921386718,41.82926829268293,-12.621951219512196,1.2804878048780488,44.34764705882353
1.3084769810000125,0.28969840087890625,5.878962176513672,0.25258827514648435,48.170731707317074,-12.134146341463415,-6.341463414634147,44.35941176470588
1.3209678140000278,-1.7549498168945312,8.402450726318358,0.5255272644042969,63.59756097560976,-11.097560975609756,-11.707317073170733,44.36529411764706
1.333467369999994,10.484209069824217,19.610905798339843,-4.101267443847656,10.121951219512196,34.32926829268293,83.65853658536587,44.36529411764706
1.347790831999987,1.1755530151367186,19.61270144958496,-0.3890577697753906,-55.0609756097561,-1.4634146341463417,-7.378048780487806,44.33588235294118
1.3630998880000789,1.9536685546875,5.0948611328124995,0.16041151123046873,-60.00000000000001,-0.1829268292682927,10.914634146341465,44.353529411764704
1.3784350550000681,0.8762778076171874,7.472303381347656,-1.0845733520507812,-46.03658536585366,-9.390243902439025,-4.878048780487806,44.37705882352941
1.3937335550000398,0.5051765502929687,12.58392392578125,1.2078747375488281,-33.04878048780488,-9.51219512195122,-8.902439024390244,44.36529411764706
1.4090713320000532,1.1611878051757811,4.96677134399414,-0.4477157104492187,24.26829268292683,-10.426829268292684,-8.475609756097562,44.36529411764706
1.424400387999981,0.729034405517578,3.1447838806152344,1.035492218017578,38.53658536585366,-9.451219512195122,-9.634146341463415,44.37117647058824
1.4396481659999836,0.9421183532714843,-3.201047619628906,-2.934094134521484,98.71951219512196,5.670731707317073,23.59756097560976,44.353529411764704
1.4533950920000507,0.5985504150390625,19.61270144958496,-19.6133,-55.365853658536594,77.8048780487805,-3.780487804878049,44.34764705882353
1.4671613880000223,2.120065570068359,3.7984009338378906,4.370615130615234,-68.47560975609757,17.804878048780488,-11.219512195121952,44.37117647058824
1.480903517999991,0.34715924072265625,13.995305804443358,-4.340687609863281,-65.73170731707317,1.524390243902439,-10.30487804878049,44.37117647058824
1.494650794999984,0.16759411621093748,-2.8718448913574215,2.6755203552246094,-5.121951219512195,-1.1585365853658538,-2.0121951219512195,44.35941176470588
1.5084022949999962,1.6543933471679686,-3.318363500976562,2.1021090576171875,14.878048780487806,5.609756097560976,-8.292682926829269,44.341764705882355
1.5221535179999819,1.1168950744628905,1.9393033447265624,-2.165555401611328,16.219512195121954,9.756097560975611,-12.378048780487806,44.36529411764706
1.5358916659999977,0.30047230834960936,12.8329208984375,3.423708374023437,17.865853658536587,13.353658536585368,-9.146341463414634,44.37705882352941
1.5496728320000557,-0.08259995727539061,-1.5155296508789062,1.3359645263671873,98.17073170731709,20.914634146341466,-24.26829268292683,44.35941176470588
1.5634539249999762,-0.35314474487304687,19.61270144958496,1.6579846496582031,-9.695121951219512,70.1829268292683,64.9390243902439,44.353529411764704
1.5771961290000718,-0.26336218261718747,12.638990563964843,4.939238024902344,-61.40243902439025,17.621951219512198,-46.40243902439025,44.341764705882355
1.5909497210000154,0.8487444885253905,3.209427325439453,-0.0909796630859375,-56.28048780487806,25.000000000000004,-6.219512195121951,44.34764705882353
1.6049634429999742,-1.236605157470703,5.515642074584961,1.7022773803710936,-22.865853658536587,-1.5853658536585367,-5.0,44.353529411764704
1.6187374060000366,-1.668758557128906,-2.4301146850585935,0.6823474731445313,10.487804878048781,-7.01219512195122,-12.74390243902439,44.34764705882353
1.6324872769999956,1.39821376953125,7.295132458496093,2.7964275390625,-11.463414634146343,9.02439024390244,-12.500000000000002,44.341764705882355
1.6462394800000766,1.2246341491699217,5.06253941040039,1.1037269653320312,57.19512195121952,18.597560975609756,-10.792682926829269,44.35941176470588
1.659988516999988,1.1480196960449218,6.629544396972656,0.8858546142578124,66.70731707317074,22.195121951219512,-7.621951219512196,44.341764705882355
1.6738273140000501,0.5506663818359374,4.341884710693359,3.0454245117187497,89.69512195121952,35.36585365853659,83.65853658536587,44.35941176470588
1.6876074250000102,-12.789825268554686,19.61270144958496,-16.448165405273436,-20.914634146341466,21.402439024390247,-33.84146341463415,44.36529411764706
1.701348666000058,0.5722141967773438,6.6343328002929685,-0.25737667846679685,-79.20731707317074,16.402439024390244,-6.585365853658537,44.37117647058824
1.7150949430000537,-0.3962403747558593,19.61270144958496,-3.8953661010742184,-22.621951219512198,7.073170731707318,-4.207317073170732,44.353529411764704
1.7288352770000301,1.7681179260253905,-5.577292767333984,2.043451116943359,25.853658536585368,6.951219512195123,2.378048780487805,44.36529411764706
1.7426682029999938,-0.08140285644531249,8.62511148071289,-2.3343466186523436,-27.439024390243905,-1.6463414634146343,-1.6463414634146343,44.37117647058824
1.7564326840000604,0.9265560424804687,18.38148324584961,4.505887524414062,13.414634146341465,1.6463414634146343,-9.390243902439025,44.34764705882353
1.7701582770000641,-0.4740519287109375,-6.436811163330078,-1.1456254943847655,70.42682926829269,2.439024390243903,-1.2195121951219514,44.36529411764706
1.7838884249999865,0.037110125732421874,8.640673791503906,-0.6823474731445313,63.59756097560976,3.536585365853659,-20.731707317073173,44.353529411764704
1.7976607210000566,-19.038691601562498,19.61270144958496,-15.002067602539062,-32.926829268292686,7.25609756097561,-18.475609756097562,44.35941176470588
1.811392240000032,-1.5514426757812498,2.3116017028808593,-0.6691793640136718,-82.13414634146342,-17.073170731707318,-20.60975609756098,44.34764705882353
1.825192166000079,0.5147533569335937,7.511807708740234,-1.0965443603515623,-39.451219512195124,-12.865853658536587,18.658536585365855,44.353529411764704
1.8389173510000774,0.43574470214843747,-2.9700071594238278,-2.2301988464355467,2.25609756097561,-12.682926829268293,3.536585365853659,44.353529411764704
1.8526685540000472,1.4999673400878906,-5.972336041259766,-3.958812445068359,11.219512195121952,-4.2682926829268295,-7.682926829268293,44.34764705882353
1.8664375170000085,2.2182278381347653,-0.4010287780761719,-2.3116017028808593,32.5,-9.51219512195122,16.402439024390244,44.341764705882355
1.8801788880000458,1.5478513732910155,9.192537274169922,0.38786066894531246,21.82926829268293,-14.939024390243905,-7.743902439024391,44.341764705882355
1.893936740000072,0.5470750793457031,-1.6986860778808592,-4.314351391601562,55.243902439024396,-18.53658536585366,5.182926829268293,44.36529411764706
1.9077083509999966,1.2797007873535156,3.7624879089355465,1.37906015625,110.48780487804879,-8.841463414634147,17.804878048780488,44.36529411764706
1.9214791279999872,-1.8710685974121093,2.375048046875,-4.830301849365234,-111.09756097560977,-45.670731707317074,-16.951219512195124,44.35941176470588
1.9352216839999983,-0.9959878906249999,-10.388441003417968,-2.061407629394531,-124.87804878048782,-47.07317073170732,-18.78048780487805,44.353529411764704
1.9491955910000343,-0.5602431884765625,8.09479581298828,-6.534973431396484,-41.524390243902445,-42.01219512195122,-6.341463414634147,44.37117647058824
1.9633538320000525,2.6623522460937497,11.077971081542968,4.46279189453125,-16.951219512195124,-40.85365853658537,64.14634146341464,44.34764705882353
1.977401369000063,-0.4752490295410156,19.61270144958496,4.090493536376953,-32.19512195121951,-36.646341463414636,9.085365853658537,44.35941176470588
1.9912172400000827,-0.6643909606933593,13.587094421386718,6.640318304443359,21.646341463414636,-28.475609756097562,7.682926829268293,44.35941176470588
2.005049480000025,0.4560954162597656,3.1292215698242187,2.0925322509765625,53.59756097560976,-22.25609756097561,5.182926829268293,44.341764705882355
2.0191350170000533,0.6500257507324219,2.5163059448242184,-0.06823474731445311,101.70731707317074,-22.25609756097561,5.0,44.341764705882355
2.033200425000018,-4.724956976318359,19.61270144958496,0.1484405029296875,-142.31707317073173,-18.78048780487805,-21.03658536585366,44.33588235294118
2.045516684000063,-0.1292868896484375,-3.2034418212890623,0.8463502868652343,-79.57317073170732,-19.695121951219512,-20.121951219512198,44.33
2.052533277000066,1.1528080993652343,-3.843890765380859,-2.9747955627441405,-59.207317073170735,-17.25609756097561,-17.682926829268293,44.37117647058824
2.0595440729999837,0.9074024291992187,4.523844036865234,-0.3687070556640625,-5.914634146341464,-20.975609756097562,8.475609756097562,44.37705882352941
2.066452314000003,0.4034229797363281,4.416104962158203,-1.8698714965820311,-29.02439024390244,-25.0609756097561,52.6829268292683,44.33588235294118
2.073292164999998,-0.2825157958984375,-7.237671618652343,-6.566098052978515,50.426829268292686,-17.378048780487806,35.243902439024396,44.34764705882353
2.0801603319999913,-0.18435352783203124,10.619481463623046,-4.552574456787109,-36.82926829268293,-15.30487804878049,-0.853658536585366,44.36529411764706
2.0870039989999896,1.3946224670410154,-3.7600937072753906,-4.333505004882812,-25.54878048780488,-6.707317073170732,7.073170731707318,44.353529411764704
2.0938398880000477,0.43454760131835934,0.8942343200683593,-0.4896142395019531,33.23170731707317,-4.207317073170732,6.7682926829268295,44.36529411764706
2.1006899249999833,-1.1659762084960936,14.629769244384764,3.0131027893066404,45.91463414634147,-0.06097560975609757,-11.52439024390244,44.36529411764706
2.1075092390000236,0.3136404174804687,16.438588598632812,3.0238766967773434,27.743902439024392,-4.024390243902439,2.8658536585365857,44.34764705882353
2.1143313690000696,-0.34715924072265625,2.499546533203125,-0.842758984375,20.975609756097562,-1.707317073170732,-0.1829268292682927,44.34764705882353
2.1211560730000656,0.3315969299316406,-2.3068132995605466,-3.766079211425781,33.65853658536586,-0.3658536585365854,-2.1341463414634148,44.353529411764704
2.1279978879999817,1.4053963745117186,-3.077746234130859,-5.209782812499999,129.57317073170734,4.75609756097561,-7.073170731707318,44.37705882352941
2.134817646999977,-0.469263525390625,2.7575217620849606,-1.0761936462402344,133.41463414634148,5.914634146341464,-10.487804878048781,44.353529411764704
2.141641424999989,-19.6133,19.61270144958496,-11.525686791992188,77.43902439024392,32.86585365853659,-2.8658536585365857,44.353529411764704
2.148466998999993,-1.8064251525878905,19.61270144958496,-5.2456958374023435,-135.85365853658539,-12.256097560975611,-14.085365853658537,44.35941176470588
2.155335017000084,0.9600748657226562,3.928884924316406,2.541445062255859,-69.32926829268293,-12.926829268292684,-11.585365853658537,44.353529411764704
2.1621712020000814,0.2885013000488281,-0.05027823486328125,-1.1935095275878906,-75.0,-16.76829268292683,-16.402439024390244,44.37705882352941
2.1690092210000103,-0.31004911499023435,-8.568847741699217,-7.400477331542969,-7.621951219512196,-19.573170731707318,-9.695121951219512,44.37117647058824
2.1758575360000805,4.068945721435546,9.249998114013671,3.3255461059570313,-25.243902439024392,-13.597560975609758,29.32926829268293,44.353529411764704
2.1827082209999844,-1.753752716064453,8.256404425048828,-8.461108666992187,-37.01219512195122,-10.426829268292684,9.573170731707318,44.35941176470588
2.1895461469999873,-0.1005564697265625,15.867571502685546,-0.49320554199218747,-23.59756097560976,-14.02439024390244,4.695121951219512,44.35941176470588
2.196380813000019,1.2485761657714842,4.401739752197265,-1.8315642700195311,-38.35365853658537,-12.987804878048781,0.7317073170731708,44.341764705882355
2.203426610000065,1.2964601989746094,1.905784521484375,-3.3782185424804685,11.219512195121952,-8.414634146341465,0.6097560975609757,44.353529411764704
2.210269073000063,0.7888894470214843,8.422801440429687,-0.9169792358398436,-18.902439024390244,-6.402439024390245,-2.25609756097561,44.34764705882353
2.2171492019999732,1.370680450439453,1.6268600280761718,-2.7353753967285153,-7.560975609756098,-0.426829268292683,-0.24390243902439027,44.32411764705883
2.2239857210000764,0.6284779357910156,-1.2761094848632812,-2.8419173706054686,62.865853658536594,0.6097560975609757,1.4634146341463417,44.34764705882353
2.230818462000002,0.20949264526367187,17.796100939941404,6.153098266601562,48.78048780487805,1.3414634146341464,-3.536585365853659,44.341764705882355
2.237684073000082,1.2725181823730467,2.6874913635253903,-1.2521674682617188,10.609756097560977,1.524390243902439,0.3658536585365854,44.353529411764704
2.244517647000066,1.4257470886230468,-1.610100616455078,-1.1372457885742187,64.45121951219512,3.231707317073171,4.390243902439025,44.35941176470588
2.25143062799998,-1.1839327209472656,2.094926452636719,-1.6436194396972654,67.7439024390244,5.2439024390243905,-26.09756097560976,44.341764705882355
2.258275999000034,6.752845782470703,11.455057843017578,-2.5617957763671875,121.28048780487806,33.963414634146346,55.79268292682927,44.353529411764704
2.265101684000001,-5.894524487304687,19.61270144958496,-6.2021794006347655,9.634146341463415,31.951219512195124,37.80487804878049,44.33
2.2719486280000183,-2.8706477905273435,12.67849489135742,-4.412513659667969,-103.23170731707317,-4.146341463414634,-19.146341463414636,44.34764705882353
2.2789395910000394,-0.5087678527832031,-3.660734338378906,-0.9971849914550781,-78.47560975609757,-20.243902439024392,-19.634146341463417,44.36529411764706
2.285794962000068,1.4820108276367188,4.50109912109375,3.268085266113281,-46.15853658536586,-21.585365853658537,-20.54878048780488,44.36529411764706
2.2926485909999883,2.864662286376953,4.282029669189453,-1.5837643981933593,-56.646341463414636,-12.560975609756099,28.59756097560976,44.37117647058824
2.2994844250000597,1.1563994018554686,-2.2373814514160153,2.123656872558594,-10.060975609756099,-10.060975609756099,41.03658536585366,44.36529411764706
2.306319054000028,-2.165555401611328,19.61270144958496,5.7077767578125,-5.426829268292684,-10.731707317073171,17.682926829268293,44.341764705882355
2.3132019060000175,-0.39264907226562495,0.853532891845703,-5.5461681457519525,-16.402439024390244,-18.170731707317074,-1.6463414634146343,44.353529411764704
2.3200394430000415,0.5422866760253906,-2.1978771240234374,2.578555187988281,36.03658536585366,-20.365853658536587,-0.06097560975609757,44.35941176470588
2.326871221000033,1.120486376953125,19.61270144958496,5.517437725830078,3.7195121951219514,-19.26829268292683,1.5853658536585367,44.36529411764706
2.3337433130000136,0.6560112548828124,-3.105279553222656,-5.8610056640625,-9.634146341463415,-14.817073170731708,0.3658536585365854,44.36529411764706
2.340574554,0.6607996582031249,14.26944189453125,2.318784307861328,23.902439024390247,-15.182926829268293,1.4634146341463417,44.36529411764706
2.347423999000057,-0.10773907470703124,0.9660603698730468,-1.8770541015625,6.463414634146342,-12.682926829268293,-1.524390243902439,44.341764705882355
2.354368294999972,0.8487444885253905,2.6108769104003904,-1.3120225097656248,56.82926829268293,-11.341463414634147,-4.75609756097561,44.353529411764704
2.361249517000033,0.5003881469726562,17.17360850830078,5.96275923461914,50.670731707317074,-11.097560975609756,-1.4634146341463417,44.353529411764704
2.3680880360000174,2.4588451049804685,-2.1607669982910154,-2.6001030029296874,51.707317073170735,-8.048780487804878,0.1829268292682927,44.35941176470588
2.3749287950000735,-0.17357962036132812,-4.981136553955078,0.8271966735839843,108.17073170731709,-5.2439024390243905,-0.5487804878048781,44.35941176470588
2.3817871100000048,8.872911352539061,19.61270144958496,-0.6703764648437499,108.35365853658537,-4.207317073170732,55.60975609756098,44.35941176470588
2.3886272580000423,-19.6133,19.61270144958496,-16.97608687133789,-66.58536585365854,-2.5609756097560976,3.780487804878049,44.341764705882355
2.395463110000037,-3.201047619628906,-4.004302276611328,-7.8350249328613275,-121.95121951219514,-16.951219512195124,-11.829268292682928,44.34764705882353
2.4023460170000135,0.2537853759765625,2.6527754394531247,2.50912333984375,-74.69512195121952,-22.682926829268293,-17.073170731707318,44.36529411764706
2.409214368999983,-0.2920926025390625,5.313930584716797,1.197100830078125,-69.87804878048782,-21.158536585365855,-20.30487804878049,44.35941176470588
2.4161086280000745,2.6719290527343746,10.067617980957031,1.2473790649414063,-11.707317073170733,-17.439024390243905,3.5975609756097566,44.341764705882355
2.422950424000078,2.431311785888672,-0.36391865234375,0.3495534423828125,-43.65853658536586,-4.695121951219512,46.15853658536586,44.36529411764706
2.429791850000015,-4.612429498291015,16.85458113708496,5.163095880126953,-2.5609756097560976,-16.28048780487805,8.536585365853659,44.37705882352941
2.436644073000025,1.6603788513183593,0.4800374328613281,-3.450044592285156,-56.768292682926834,-18.78048780487805,-1.7682926829268295,44.38294117647059
2.4434787950000327,1.0091559997558592,2.2637176696777344,-2.2637176696777344,5.853658536585367,-18.10975609756098,1.5853658536585367,44.35941176470588
2.450504498999976,0.21068974609375,10.047267266845703,0.74699091796875,-5.914634146341464,-16.890243902439025,-0.6707317073170732,44.341764705882355
2.4573419990000502,1.2737152832031249,4.744110589599609,-1.618480322265625,-15.365853658536587,-10.975609756097562,-4.51219512195122,44.35941176470588
2.464163183999972,0.13646949462890623,6.8976949829101555,-1.1611878051757811,11.951219512195124,-6.829268292682928,-3.658536585365854,44.353529411764704
2.4709908870000845,1.2138602416992186,3.172317199707031,-0.7038952880859375,29.451219512195124,-4.329268292682928,-8.78048780487805,44.341764705882355
2.4778411099999857,0.6416460449218749,9.95389340209961,3.199850518798828,57.43902439024391,0.9756097560975611,-7.134146341463415,44.353529411764704
2.484663146999992,1.7118541870117185,9.695319622802733,2.730586993408203,45.426829268292686,2.7439024390243905,-4.817073170731708,44.37117647058824
2.4914948870000444,1.6029180114746093,2.7964275390625,-3.008314385986328,29.634146341463417,3.1097560975609757,-13.841463414634148,44.35941176470588
2.4983679059999986,0.604535919189453,-1.7405846069335937,-4.503493322753906,100.73170731707317,11.951219512195124,-21.34146341463415,44.37117647058824
2.5051993130000483,0.5913678100585937,7.35438894958496,2.5905261962890624,101.76829268292684,26.158536585365855,30.182926829268297,44.36529411764706
2.512037239000051,-19.6133,19.61270144958496,-19.6133,-27.439024390243905,52.01219512195122,0.3658536585365854,44.353529411764704
2.518882647000055,0.022744915771484374,12.859257116699219,-2.3642741394042965,-61.768292682926834,-2.0121951219512195,-34.146341463414636,44.35941176470588
2.5257368129999804,1.0845733520507812,-1.5310919616699217,-2.521094348144531,-68.10975609756098,-5.060975609756098,-30.121951219512198,44.353529411764704
2.532570443000054,1.0594342346191405,0.9971849914550781,-0.7266402038574218,-63.47560975609757,-0.7926829268292683,-9.573170731707318,44.34764705882353
2.5394033320000062,1.6424223388671875,6.940790612792968,-1.5179238525390624,-57.25609756097561,3.353658536585366,14.085365853658537,44.34764705882353
2.5462457020000784,0.03591302490234375,3.459621398925781,-2.9747955627441405,-27.621951219512198,5.2439024390243905,18.29268292682927,44.341764705882355
2.5530892950000634,-2.5354595581054684,19.61270144958496,-0.5051765502929687,-2.25609756097561,-9.146341463414634,-4.939024390243903,44.353529411764704
2.5599732760000506,-0.9876081848144531,5.606023187255859,-7.369352709960937,-27.865853658536587,-10.731707317073171,-10.365853658536587,44.353529411764704
2.5668269610000607,-0.2753331909179687,6.279990954589843,2.0470424194335934,40.91463414634147,-9.878048780487806,-9.085365853658537,44.36529411764706
2.573722943000007,-1.102529864501953,18.20790362548828,3.7098154724121093,-9.756097560975611,-13.963414634146343,-9.26829268292683,44.353529411764704
2.5808611100000007,1.2533645690917967,1.0474632263183594,-1.3479355346679687,-24.939024390243905,-12.621951219512196,-5.2439024390243905,44.353529411764704
2.587736165000024,0.8595183959960937,8.93156929321289,-0.23104046020507812,-6.341463414634147,-8.658536585365855,-9.329268292682928,44.35941176470588
2.5945742950000295,1.1563994018554686,8.51018980102539,-4.434061474609375,20.182926829268293,-4.695121951219512,-11.402439024390246,44.353529411764704
2.6014089239999976,0.5183446594238281,-2.3331495178222657,-3.0214824951171875,72.07317073170732,0.0,-2.682926829268293,44.353529411764704
2.608275906000017,0.3184288208007812,14.267047692871094,7.447164263916015,63.53658536585366,6.2804878048780495,-26.09756097560976,44.34764705882353
2.615114313000049,-0.7110778930664062,11.924321368408203,0.6979097839355468,53.47560975609757,3.5975609756097566,-4.51219512195122,44.35941176470588
2.621951721000073,7.924807495117187,19.61270144958496,-3.4153286682128905,73.96341463414635,0.3658536585365854,58.17073170731708,44.35941176470588
2.6290207389999978,0.13168109130859373,19.61270144958496,1.5394716674804687,-44.69512195121952,53.71951219512196,82.25609756097562,44.36529411764706
2.6359078500000805,-1.4245499877929686,19.61270144958496,-17.323246112060545,-10.548780487804878,60.1219512195122,80.0609756097561,44.35941176470588
2.6427423500000486,-0.17238251953125,19.61270144958496,3.9049429077148434,34.87804878048781,12.439024390243903,-26.09756097560976,44.36529411764706
2.6495758500000193,2.826355059814453,5.896918688964844,-2.3594857360839843,-62.13414634146342,16.097560975609756,-17.743902439024392,44.353529411764704
2.656453665000072,1.6891092712402342,11.70884321899414,3.1699229980468746,-43.71951219512196,14.878048780487806,-15.609756097560977,44.341764705882355
2.6632830910000393,-3.3111808959960936,11.137826123046874,-10.156203442382813,-68.47560975609757,5.426829268292684,-4.75609756097561,44.353529411764704
2.670104924000043,0.029927520751953124,8.143876947021484,-4.413710760498047,-65.0609756097561,-4.085365853658537,-2.073170731707317,44.34764705882353
2.6769597580000664,0.2561795776367187,4.778826513671874,-1.7489643127441405,-30.60975609756098,-1.2195121951219514,-12.073170731707318,44.35941176470588
2.683780906000038,0.967257470703125,8.96269391479492,0.6883329772949218,-6.036585365853659,0.30487804878048785,-7.500000000000001,44.34764705882353
2.690612758000043,0.7841010437011718,8.652644799804687,0.6200982299804687,0.9146341463414634,1.524390243902439,-7.317073170731708,44.35941176470588
2.6974459240000215,0.4537012145996093,12.937068670654297,2.0254946044921875,-1.1585365853658538,4.390243902439025,-13.29268292682927,44.35941176470588
2.704570739000019,0.86191259765625,-0.5518634826660156,-2.5522189697265625,22.5609756097561,6.219512195121951,-7.134146341463415,44.36529411764706
2.7114402390000123,0.062249243164062495,10.193313568115233,0.10893617553710937,47.31707317073171,7.378048780487806,-2.5,44.353529411764704
2.718314961000033,0.8188169677734375,5.442020373535156,1.1180921752929687,38.78048780487805,7.073170731707318,-9.634146341463415,44.341764705882355
2.7252290540000104,0.6907271789550781,0.6931213806152343,-1.073799444580078,78.29268292682927,3.963414634146342,1.5853658536585367,44.33
2.732081720999986,-1.4999673400878906,16.03037721557617,2.8658593872070313,87.13414634146342,5.914634146341464,-19.085365853658537,44.34764705882353
2.7389511840000296,0.4285620971679687,2.967612957763672,-0.814028564453125,75.67073170731707,7.01219512195122,-15.182926829268293,44.36529411764706
2.74579944300001,15.76222662963867,19.61270144958496,4.383783239746093,47.37804878048781,43.23170731707317,82.19512195121952,44.341764705882355
2.759418202000006,-12.553996405029297,15.065513946533203,-7.989450939941406,10.975609756097562,41.646341463414636,-28.84146341463415,44.34764705882353
2.7747846280000203,0.14006079711914063,4.024652990722656,-0.6835445739746093,-58.10975609756098,16.28048780487805,3.1707317073170733,44.36529411764706
2.79008796100004,1.926135235595703,19.060239416503904,-2.232593048095703,-74.20731707317074,2.3170731707317076,-3.658536585365854,44.36529411764706
2.8053866830000516,1.1635820068359375,10.837353814697265,3.239354846191406,-6.2804878048780495,5.731707317073171,-9.329268292682928,44.34764705882353
2.8206977390000247,-0.05746083984375,3.2932243835449215,0.12210428466796874,31.402439024390247,-1.0975609756097562,-14.573170731707318,44.33588235294118
2.8359912760000725,0.3962403747558593,6.649895111083984,1.917755529785156,27.926829268292686,-2.7439024390243905,-6.829268292682928,44.35941176470588
2.8514345720000165,0.6655880615234374,-3.7158009765625,-2.7736826232910157,79.93902439024392,0.9146341463414634,-9.207317073170733,44.34764705882353
2.8651936280000427,9.987412225341796,19.61270144958496,0.8200140686035156,17.743902439024392,63.53658536585366,72.25609756097562,44.34764705882353
2.878957387000014,0.3268085266113281,8.623914379882812,4.011484881591796,-32.43902439024391,18.78048780487805,-15.609756097560977,44.33588235294118
2.892690850000008,1.5765817932128905,4.478354205322265,-0.22864625854492185,-70.54878048780489,21.34146341463415,14.878048780487806,44.353529411764704
2.9064722570000185,3.2441432495117186,4.217386224365234,-3.9240965209960934,-39.81707317073171,10.670731707317074,-10.24390243902439,44.32411764705883
2.9202489240000205,1.5215151550292967,7.851784344482422,3.726574884033203,-4.817073170731708,7.134146341463415,-4.573170731707317,44.32411764705883
2.9340382569999974,0.6153098266601562,2.7246014892578123,-0.07900865478515624,7.317073170731708,4.939024390243903,-6.890243902439025,44.353529411764704
2.9478260910000245,-0.5973533142089843,2.710236279296875,-0.7565677246093749,57.926829268292686,5.3048780487804885,-7.865853658536586,44.33
2.961572349999983,1.3718775512695311,0.5422866760253906,-4.0988732421875,84.26829268292684,-1.402439024390244,1.6463414634146343,44.37117647058824
2.9753543320000517,-1.4257470886230468,4.572925170898437,-1.0019733947753906,69.81707317073172,7.926829268292684,20.365853658536587,44.33588235294118
2.9891702759999816,-19.6133,19.61270144958496,3.8139632446289062,-40.0609756097561,6.707317073170732,-27.012195121951223,44.33588235294118
3.002916072000062,1.3431471313476562,1.5490484741210937,0.6177040283203125,-77.07317073170732,-11.890243902439025,-14.51219512195122,44.35941176470588
3.0166991830000143,4.848258361816406,-0.2741360900878906,-4.058171813964844,-36.463414634146346,1.8902439024390245,34.69512195121951,44.36529411764706
3.0304757019999897,0.23702596435546874,19.61270144958496,4.061763116455078,3.5975609756097566,3.658536585365854,-12.439024390243903,44.353529411764704
3.0442289060000576,0.7026981872558593,-3.1292215698242187,0.017956512451171875,20.670731707317074,5.426829268292684,-3.7195121951219514,44.341764705882355
3.058956146000014,-2.6994623718261717,12.075156072998046,-4.2497079467773435,0.1829268292682927,-5.426829268292684,-6.036585365853659,44.353529411764704
3.0744216830000823,-0.5147533569335937,10.767921966552734,2.086546746826172,23.231707317073173,-9.207317073170733,-4.573170731707317,44.35941176470588
3.0900360169999885,-0.14604630126953125,8.858546142578124,3.475183709716797,90.48780487804879,-2.073170731707317,-8.292682926829269,44.36529411764706
3.1056169429999727,-0.39145197143554683,19.61270144958496,-17.215507037353515,-30.182926829268297,16.890243902439025,0.3658536585365854,44.36529411764706
3.1210697390000632,0.6069301208496093,8.730456353759765,-0.5398924743652344,-74.57317073170732,2.987804878048781,-10.731707317073171,44.33588235294118
3.136373090999996,2.3487118286132813,3.830124105834961,0.3435679382324219,-49.085365853658544,-1.0365853658536586,-4.146341463414634,44.34764705882353
3.151569386999995,0.7398083129882812,2.1787235107421874,4.88417138671875,15.365853658536587,3.414634146341464,-4.207317073170732,44.33588235294118
3.1641071830000556,1.5083470458984374,8.838195428466797,-0.8224082702636718,-24.75609756097561,7.865853658536586,-6.646341463414635,44.34764705882353
3.176592572000004,1.5059528442382812,3.860650177001953,-1.0127473022460938,34.451219512195124,14.51219512195122,-13.231707317073171,44.35941176470588
3.1893294980000064,0.017956512451171875,10.922347973632812,3.0166940917968748,51.585365853658544,12.560975609756099,-22.378048780487806,44.35941176470588
3.201815646,0.10773907470703124,4.228160131835938,0.27174188842773433,73.29268292682927,12.01219512195122,-6.707317073170732,44.36529411764706
3.214275128000054,0.8056488586425781,8.58022019958496,0.6368576416015624,66.03658536585367,71.70731707317074,118.78048780487806,44.353529411764704
3.2267477940000617,-6.572083557128906,19.61270144958496,4.2149920227050774,-52.50000000000001,2.378048780487805,-22.80487804878049,44.353529411764704
3.2392354419999947,-1.6986860778808592,0.46686932373046874,0.017956512451171875,-60.60975609756098,3.7195121951219514,-8.658536585365855,44.353529411764704
3.2519178310000143,1.4413093994140624,-1.4245499877929686,-1.2509703674316406,-23.29268292682927,16.951219512195124,26.58536585365854,44.33588235294118
3.267958942000064,-0.0383072265625,-5.145139367675781,-7.681796026611328,-0.1829268292682927,3.1707317073170733,-12.560975609756099,44.33588235294118
3.283511572000066,1.1707646118164061,14.711172100830078,1.9393033447265624,-30.30487804878049,7.926829268292684,-12.134146341463415,44.34764705882353
3.299899202000006,0.9241618408203125,10.88523784790039,2.530671154785156,35.1219512195122,0.48780487804878053,-14.451219512195124,44.33588235294118
3.3161356279999836,1.2605471740722656,4.80755693359375,1.0785878479003905,65.67073170731707,19.146341463414636,-24.146341463414636,44.36529411764706
3.3314441830000305,4.095281939697266,11.64479832458496,3.219004132080078,82.25609756097562,67.8048780487805,85.73170731707317,44.341764705882355
3.346743924000066,-12.55758770751953,8.120533480834961,7.144297753906249,39.024390243902445,26.09756097560976,-11.036585365853659,44.341764705882355
3.362038609000024,-1.8148048583984373,1.2868833923339842,1.93451494140625,-46.951219512195124,18.597560975609756,-7.317073170731708,44.34764705882353
3.3773405540000567,1.3491326354980469,-3.563769171142578,-2.050633721923828,-30.914634146341466,-1.9512195121951221,-10.548780487804878,44.341764705882355
3.3926407200000313,0.7864952453613281,8.66940421142578,-1.4006079711914061,-26.09756097560976,-7.25609756097561,-11.28048780487805,44.34764705882353
3.4079969790000177,0.8631096984863281,2.967612957763672,-1.2701239807128906,26.28048780487805,0.0,-12.195121951219512,44.35941176470588
3.4233355910000682,0.4740519287109375,13.01727442626953,2.2349872497558594,17.743902439024392,5.2439024390243905,-7.01219512195122,44.34764705882353
3.438637887000027,0.5578489868164063,3.948038537597656,-1.6053122131347655,79.20731707317074,14.390243902439027,10.30487804878049,44.34764705882353
3.4543273680000084,-0.19033903198242186,15.529989068603514,4.892551092529296,-37.926829268292686,82.19512195121952,37.37804878048781,44.31823529411765
3.4696006460000035,4.141968872070312,16.425420489501953,-3.268085266113281,-71.58536585365854,18.10975609756098,1.524390243902439,44.341764705882355
3.4848734050000303,-0.8906430175781249,4.441244079589843,-1.6986860778808592,-46.15853658536586,29.81707317073171,-7.500000000000001,44.32411764705883
3.500165387000038,0.411802685546875,0.6931213806152343,-1.4173673828125,-24.81707317073171,12.134146341463415,0.9756097560975611,44.341764705882355
3.515468016,2.1631611999511717,19.61270144958496,-1.2832920898437499,-42.50000000000001,2.9268292682926833,-13.170731707317074,44.33588235294118
3.5307707939999773,0.3854664672851562,-1.830367169189453,1.6328455322265625,71.95121951219512,1.7682926829268295,-10.426829268292684,44.341764705882355
3.54608105300008,-0.8774749084472656,4.499902020263671,-1.3048399047851562,14.329268292682928,6.646341463414635,-11.036585365853659,44.34764705882353
3.5604237759999933,0.3902548706054687,0.6123170745849609,-16.728286999511717,118.65853658536587,43.29268292682927,92.43902439024392,44.33588235294118
3.574179498000035,-19.6133,19.61270144958496,1.5466542724609373,-25.30487804878049,22.134146341463417,-23.963414634146343,44.34764705882353
3.587910534999992,0.6093243225097655,4.00310517578125,1.7753005310058592,-83.90243902439025,2.25609756097561,-24.207317073170735,44.341764705882355
3.6016493500000024,0.6955155822753906,12.065579266357421,-5.499481213378906,-24.146341463414636,-0.48780487804878053,8.048780487804878,44.32411764705883
3.6154183310000008,1.3311761230468748,-7.893682873535155,-2.618059515380859,-2.8658536585365857,0.24390243902439027,-6.646341463414635,44.32411764705883
3.6292552759999808,-0.19512743530273435,12.524068884277343,-2.1068974609374997,-37.6829268292683,-6.829268292682928,-5.182926829268293,44.33
3.6430384239999967,0.11731588134765625,7.0844427124023435,-0.843956085205078,38.04878048780488,-1.5853658536585367,-14.573170731707318,44.33
3.657063108999978,1.675941162109375,-4.46877739868164,-4.891353991699218,101.58536585365854,1.524390243902439,-4.085365853658537,44.341764705882355
3.6708070900000394,-0.24660277099609373,10.269928021240235,0.38666356811523434,54.207317073170735,2.9268292682926833,-18.231707317073173,44.33588235294118
3.6845220349999863,14.088679669189453,19.61270144958496,-19.6133,31.58536585365854,41.15853658536586,-0.6097560975609757,44.32411764705883
3.6982474239999874,0.19393033447265623,1.0079588989257813,1.5670049865722655,-75.48780487804879,-17.378048780487806,-17.743902439024392,44.33
3.711973071999978,-0.3842693664550781,3.1004911499023438,-2.2744915771484373,-34.81707317073171,-11.585365853658537,14.51219512195122,44.33
3.7257511830000567,1.0534487304687499,4.749497543334961,2.7461493041992187,-7.01219512195122,-12.317073170731708,1.7682926829268295,44.341764705882355
3.7395118310000726,1.4927847351074217,-1.0271125122070313,-0.8978256225585937,3.963414634146342,-7.134146341463415,3.231707317073171,44.33
3.7532612009999866,-1.4975731384277342,12.76947455444336,1.3718775512695311,-12.682926829268293,-13.78048780487805,-2.6219512195121952,44.32411764705883
3.7670006460000423,0.5027823486328125,7.5142019104003905,-0.4129997863769531,47.86585365853659,-14.51219512195122,-2.804878048780488,44.341764705882355
3.780749720000017,-0.49679684448242184,2.068590234375,-3.766079211425781,50.73170731707317,-9.573170731707318,-2.3170731707317076,44.33588235294118
3.794514349999986,-0.11372457885742186,12.52526598510742,-15.46893692626953,79.39024390243902,-13.109756097560977,77.07317073170732,44.33
3.8082734050000226,-2.845508673095703,19.20389151611328,5.807136126708984,-100.2439024390244,-9.634146341463415,-13.658536585365855,44.35941176470588
3.822015460999978,-1.1049240661621094,1.0390835205078124,-0.19033903198242186,-55.54878048780488,-16.646341463414636,-15.487804878048783,44.32411764705883
3.8357561640000313,0.6787561706542968,3.778050219726562,4.084508032226562,-15.670731707317074,-1.2195121951219514,9.817073170731708,44.33
3.8495106269999724,-0.4129997863769531,-1.0630255371093749,-2.96881005859375,-21.585365853658537,-1.402439024390244,-4.146341463414634,44.33
3.8635115350000433,1.255758770751953,19.61270144958496,6.1088055358886715,-46.09756097560976,-2.7439024390243905,-4.634146341463415,44.31823529411765
3.877242979000016,0.6847416748046875,5.044582897949218,-1.5107412475585937,46.524390243902445,0.6097560975609757,-5.609756097560976,44.33
3.8909737569999834,0.7673416320800781,-3.736151690673828,-4.673481640625,74.81707317073172,-5.365853658536586,7.195121951219513,44.33588235294118
3.9047628680000344,-2.1619640991210938,18.588581689453125,-1.9991583862304687,59.69512195121952,-7.865853658536586,-7.195121951219513,44.30647058823529
3.918542441999989,-16.887501409912108,19.61270144958496,-11.75433305053711,-45.54878048780488,3.1707317073170733,-11.951219512195124,44.33588235294118
3.9322880720000057,0.6775590698242188,-0.32082302246093747,-0.4572925170898437,-76.76829268292684,-21.707317073170735,-19.939024390243905,44.32411764705883
3.946025905000056,4.083310931396484,7.988253839111327,0.7122749938964843,-35.0,-7.500000000000001,33.109756097560975,44.33588235294118
3.9598073860000795,-0.6667851623535156,19.61270144958496,2.7341782958984373,-29.146341463414636,-3.4756097560975614,-8.658536585365855,44.32411764705883
3.973567868000032,1.3287819213867187,-1.6017209106445311,-1.859097589111328,21.402439024390247,-0.7317073170731708,3.536585365853659,44.34764705882353
3.987585385999978,-0.5470750793457031,3.9468414367675777,-2.971204260253906,-18.04878048780488,-4.573170731707317,-4.939024390243903,44.34764705882353
4.00135272,0.04548983154296875,13.842076898193358,3.3770214416503905,74.32926829268294,-0.7317073170731708,-4.878048780487806,44.31823529411765
4.01508655300006,-0.2561795776367187,0.32920272827148434,-1.533486163330078,66.40243902439025,1.8902439024390245,-6.951219512195123,44.32411764705883
4.028826460999994,13.122619299316405,19.61270144958496,-15.480907934570311,52.6829268292683,46.21951219512196,28.658536585365855,44.341764705882355
4.042602590000001,-6.858190655517578,6.172251879882812,-0.8080430603027343,-83.84146341463415,-0.7317073170731708,-25.670731707317074,44.33
4.0565095160000055,1.3156138122558594,7.56567724609375,-4.120421057128906,-50.00000000000001,10.24390243902439,22.195121951219512,44.34764705882353
4.070264330999976,0.612915625,6.588244418334961,0.3495534423828125,-4.695121951219512,11.52439024390244,-5.487804878048781,44.33
4.083971535000046,0.9062053283691406,-2.618059515380859,-4.283226770019531,14.02439024390244,12.926829268292684,-2.5609756097560976,44.33588235294118
4.0976830530000825,0.6332663391113281,6.461950280761719,-1.035492218017578,-22.012195121951223,9.634146341463415,-4.146341463414634,44.32411764705883
4.111406035000073,0.949300958251953,6.986280444335937,1.1336544860839843,34.93902439024391,14.573170731707318,-11.158536585365855,44.31823529411765
4.125151349000021,0.24181436767578124,-3.0538042175292968,1.1839327209472656,99.51219512195122,11.52439024390244,8.048780487804878,44.33
4.138889720000066,-0.34715924072265625,10.235212097167969,1.5286977600097655,50.243902439024396,23.59756097560976,92.43902439024392,44.33
4.152634682999974,-19.489998614501953,18.810045343017578,-3.1112650573730467,-80.3048780487805,-5.975609756097562,-33.84146341463415,44.33
4.167632127000047,1.407790576171875,1.637633935546875,-1.9668366638183592,-64.26829268292684,-3.8414634146341466,-7.25609756097561,44.31235294117647
4.182923200999994,0.31483751831054685,2.91134921875,-3.5422213562011717,-9.085365853658537,4.817073170731708,38.10975609756098,44.32411764705883
4.198219423000069,0.9469067565917968,-2.8311434631347656,-3.967192150878906,-4.024390243902439,-4.390243902439025,-6.951219512195123,44.33
4.213508646000037,0.24899697265624998,15.605406420898436,2.5665841796874997,8.170731707317074,-2.7439024390243905,-7.378048780487806,44.33
4.228798868000013,-0.15203180541992187,1.0342951171875,-3.766079211425781,39.93902439024391,-1.3414634146341464,-4.573170731707317,44.33
4.244087219999983,0.14125789794921875,3.7600937072753906,-0.2657563842773437,62.6219512195122,5.487804878048781,-15.060975609756099,44.32411764705883
4.25937847900002,10.69370171508789,19.61270144958496,-14.135366601562499,29.451219512195124,56.21951219512196,-7.073170731707318,44.341764705882355
4.274720460000026,0.031124621582031248,-1.2210428466796874,-5.7137622619628905,-75.79268292682927,17.195121951219512,-17.5609756097561,44.341764705882355
4.290020497,1.2342109558105467,2.548627667236328,-2.7629087158203123,-33.109756097560975,30.365853658536587,3.9024390243902443,44.32411764705883
4.30545505300006,1.1575965026855468,-1.552639776611328,-0.7912836486816406,-11.951219512195124,15.54878048780488,-3.5975609756097566,44.28294117647059
4.320711646000063,1.936909143066406,7.850587243652344,-3.343502618408203,-34.75609756097561,18.10975609756098,-7.987804878048781,44.341764705882355
4.336035386000049,0.5985504150390625,7.745242370605468,-3.0035259826660154,7.317073170731708,18.78048780487805,-10.670731707317074,44.31235294117647
4.351328275000014,-1.083376251220703,17.714698083496092,-2.5845406921386718,7.743902439024391,20.975609756097562,-9.390243902439025,44.32411764705883
4.365601589999983,1.4520833068847656,4.42448466796875,1.9309236389160156,95.97560975609757,28.963414634146343,-8.414634146341465,44.31823529411765
4.379326701000082,4.017470385742187,19.61270144958496,2.6048914062499997,-56.40243902439025,76.03658536585367,-25.182926829268293,44.30058823529412
4.393040627000005,5.9376201171875,14.283807104492187,2.740163800048828,-81.09756097560977,24.207317073170735,-27.682926829268297,44.31235294117647
4.4067543119999755,0.21428104858398436,-1.0570400329589844,-2.6108769104003904,-59.51219512195122,25.121951219512198,8.719512195121952,44.31235294117647
4.4205089600000065,-1.8938135131835936,8.359355096435547,0.3842693664550781,-5.7926829268292686,-4.573170731707317,0.6707317073170732,44.31235294117647
4.434246830999996,0.8200140686035156,6.806715319824218,-0.4896142395019531,-18.78048780487805,-8.353658536585366,-13.597560975609758,44.31823529411765
4.447940738000057,2.789244934082031,11.218031878662108,3.1974563171386716,1.2195121951219514,5.487804878048781,-9.02439024390244,44.31235294117647
4.461676201000046,1.341950030517578,4.612429498291015,1.3910311645507811,47.07317073170732,10.365853658536587,-10.365853658536587,44.33
4.4756634230000145,0.7589619262695312,8.540117321777343,-3.5242648437499997,36.646341463414636,17.98780487804878,-3.536585365853659,44.30647058823529
4.489393090000021,11.44069263305664,19.61270144958496,3.9049429077148434,58.53658536585366,59.93902439024391,81.82926829268294,44.31235294117647
4.503099349000081,1.4508862060546874,13.338097448730467,0.852335791015625,-51.768292682926834,22.378048780487806,-25.0609756097561,44.30058823529412
4.516852256999982,-0.42497079467773435,4.168305090332031,-4.441244079589843,-68.53658536585367,25.731707317073173,5.670731707317073,44.31823529411765
4.530554979000044,0.5722141967773438,0.7655459808349608,1.446097802734375,-2.9268292682926833,5.121951219512195,-3.4756097560975614,44.32411764705883
4.544260590000022,0.7302315063476562,-6.321889483642578,-7.558494641113281,21.707317073170735,2.25609756097561,5.121951219512195,44.31235294117647
4.558081626999979,2.4947581298828125,4.019864587402344,-1.426944189453125,-25.426829268292686,8.841463414634147,-14.451219512195124,44.29470588235294
4.573381442000027,0.5542576843261718,7.321468676757812,2.032677209472656,18.414634146341466,9.26829268292683,-1.402439024390244,44.31235294117647
4.5886512010000615,-0.06703764648437499,8.738836059570312,3.6571430358886716,71.70731707317074,5.182926829268293,3.2926829268292686,44.32411764705883
4.603912053000045,1.7884686401367187,7.094019519042968,-0.29448680419921874,80.67073170731707,3.353658536585366,10.426829268292684,44.30058823529412
4.619175590000054,-2.2445640563964844,12.889184637451171,-8.711302740478516,-128.1707317073171,-12.378048780487806,-12.439024390243903,44.33
4.634463774999972,0.8690952026367187,-4.375403533935547,-1.1133037719726562,-75.48780487804879,-13.597560975609758,-14.146341463414636,44.31823529411765
4.64971751600001,1.954865655517578,-5.603628985595702,-4.576516473388671,25.914634146341466,-10.609756097560977,1.524390243902439,44.31823529411765
4.6650047190000805,0.2597708801269531,1.2797007873535156,-5.693411547851563,40.1829268292683,-0.7926829268292683,1.4634146341463417,44.32411764705883
4.680263330999992,2.6803087585449217,11.17254204711914,4.495113616943359,-14.207317073170733,-13.841463414634148,14.02439024390244,44.33
4.695513182000013,-0.14484920043945312,-2.0554221252441405,-3.3961750549316405,63.47560975609757,-11.829268292682928,-14.573170731707318,44.33
4.710794275000012,0.6572083557128906,16.94376514892578,2.2074539306640624,83.35365853658537,-6.7682926829268295,-11.341463414634147,44.31235294117647
4.726059329999998,-19.6133,19.61270144958496,-6.491877801513671,-82.8658536585366,-22.378048780487806,-22.621951219512198,44.31823529411765
4.741307997000035,-0.033518823242187495,3.944447235107422,-2.385821954345703,-87.50000000000001,-25.792682926829272,-22.80487804878049,44.30058823529412
4.756593034000048,1.0941501586914062,7.339425189208984,3.034650604248047,-28.780487804878053,-24.085365853658537,42.07317073170732,44.31823529411765
4.771990423000034,0.07900865478515624,-4.903923550415039,5.725733270263672,47.37804878048781,-12.195121951219512,4.146341463414634,44.30058823529412
4.787251071000014,1.7597382202148437,-8.045714678955077,-2.2290017456054687,25.914634146341466,-2.378048780487805,0.3658536585365854,44.31235294117647
4.802788238000062,-0.28012159423828126,17.296909893798826,5.352237811279297,7.378048780487806,-8.292682926829269,-1.0365853658536586,44.31235294117647
4.818053219000035,0.28490999755859375,10.091559997558592,1.8662801940917968,58.41463414634147,6.463414634146342,-6.158536585365854,44.31235294117647
4.833918942000082,0.5877765075683593,19.61270144958496,-16.15846700439453,60.85365853658537,56.951219512195124,101.21951219512196,44.31823529411765
4.849212108000074,-3.8941690002441405,7.018602166748046,-1.2174515441894531,-100.85365853658537,-8.536585365853659,-23.53658536585366,44.31823529411765
4.864972589999979,0.737414111328125,5.850231756591796,1.2952630981445312,-51.34146341463415,-13.536585365853659,25.0609756097561,44.32411764705883
4.880485979000014,0.5973533142089843,-1.3958195678710936,-4.102464544677734,39.390243902439025,-2.378048780487805,-3.414634146341464,44.28294117647059
4.895825663999972,0.14963760375976562,-6.487089398193359,1.112106671142578,10.975609756097562,-9.390243902439025,-6.097560975609756,44.30647058823529
4.911618589999989,0.8882488159179687,19.60013189086914,4.297591979980469,1.0365853658536586,-18.10975609756098,-7.01219512195122,44.31823529411765
4.926929071000018,0.16160861206054686,-2.033874310302734,3.3961750549316405,74.57317073170732,-14.878048780487806,-6.036585365853659,44.31235294117647
4.942201164000039,0.47285482788085936,6.075286712646484,-1.1360486877441405,62.01219512195122,-10.853658536585368,-6.036585365853659,44.30058823529412
4.957509053000081,10.199299072265624,19.61270144958496,5.03740029296875,43.963414634146346,31.03658536585366,71.46341463414635,44.33
4.972821960000033,1.6436194396972654,3.7193922790527343,-2.967612957763672,-52.31707317073171,-13.536585365853659,-9.390243902439025,44.30647058823529
4.9881263490000265,5.869385369873046,6.32667788696289,-2.7042507751464844,-45.73170731707317,-8.963414634146343,3.8414634146341466,44.31235294117647
5.003430922999996,2.232593048095703,5.967547637939453,0.0526724365234375,-1.707317073170732,-7.926829268292684,-2.5,44.31823529411765
