0.015525981999871874,0.6141127258300781,6.194996795654297,0.5590460876464843,37.80487804878049,-5.3048780487804885,-54.085365853658544,44.459411764705884
0.03104453699984333,1.4867992309570313,19.61270144958496,0.7972691528320313,-21.402439024390247,21.951219512195124,5.2439024390243905,44.47705882352941
0.04658920399992894,0.7003039855957031,0.604535919189453,-3.9839515624999997,9.451219512195122,37.01219512195122,48.963414634146346,44.47705882352941
0.06202940799994394,-3.782838623046875,19.220650927734376,0.9935936889648437,-40.1829268292683,23.29268292682927,29.81707317073171,44.47117647058823
0.07752940799991848,-1.5921441040039062,4.458003491210937,-1.6029180114746093,32.37804878048781,-4.939024390243903,55.487804878048784,44.47117647058823
0.09032120400001986,-0.63206923828125,11.67652149658203,4.3634325256347655,50.487804878048784,-5.670731707317073,46.58536585365854,44.459411764705884
0.09737172199993438,-9.060856182861327,19.61270144958496,-8.619125976562499,-24.207317073170735,-35.54878048780488,-11.158536585365855,44.46529411764706
0.10469907399988188,4.116829754638672,3.1459809814453124,-5.5641246582031245,-52.50000000000001,-46.951219512195124,-29.573170731707318,44.47117647058823
0.11191638900004364,1.3072341064453123,-0.5662286926269531,-2.867056488037109,11.76829268292683,-50.97560975609756,-39.51219512195122,44.459411764705884
0.1191999999998643,1.3287819213867187,5.530605834960937,2.829946362304687,3.536585365853659,-43.84146341463415,-52.6829268292683,44.459411764705884
0.1263820560000113,5.622782598876952,14.178462231445312,-0.7745242370605468,-13.841463414634148,-33.71951219512196,-31.82926829268293,44.47117647058823
0.13341368500005046,2.4384943908691405,15.60899772338867,-5.923254907226562,-36.646341463414636,-23.29268292682927,-31.89024390243903,44.47117647058823
0.14047942599995622,1.5083470458984374,0.8319850769042968,-3.8845921936035155,19.512195121951223,-5.182926829268293,-55.00000000000001,44.447647058823534
0.14761733299997104,0.5734112976074218,3.708618371582031,0.2166752502441406,66.58536585365854,-1.0365853658536586,-65.48780487804879,44.47117647058823
0.15461246299992126,13.46379303588867,19.61270144958496,-12.20683716430664,51.34146341463415,3.353658536585366,-74.20731707317074,44.47705882352941
0.16172613000003366,-2.6563667419433594,19.61270144958496,3.6296097167968746,-98.29268292682927,42.804878048780495,13.414634146341465,44.48294117647059
0.16880529599984584,-0.39743747558593745,1.235408056640625,1.5418658691406248,-46.707317073170735,46.40243902439025,26.463414634146343,44.47117647058823
0.17589246299985462,0.016759411621093748,1.8555062866210936,-0.3220201232910156,-14.695121951219514,41.58536585365854,39.51219512195122,44.459411764705884
0.18284137000000555,-1.0223241088867188,6.719326959228515,-1.4137760803222656,-27.987804878048784,34.32926829268293,51.21951219512196,44.453529411764706
0.18968531499990604,-3.7624879089355465,15.03438932495117,-0.6117185241699218,-20.853658536585368,29.634146341463417,51.82926829268293,44.453529411764706
0.1965497039998354,-2.808398547363281,13.70081900024414,2.592920397949219,-10.792682926829269,16.28048780487805,35.0,44.459411764705884
0.20342424099999334,-0.21068974609375,6.688202337646484,-1.6927005737304686,-7.01219512195122,7.134146341463415,37.987804878048784,44.447647058823534
0.21027875899994797,-0.39983167724609375,-0.5315127685546874,-2.3163901062011716,21.585365853658537,-7.560975609756098,55.73170731707317,44.47117647058823
0.21709899999996196,-1.8926164123535154,5.896918688964844,2.5067291381835934,43.10975609756098,-13.29268292682927,66.58536585365854,44.48294117647059
0.22392127800003436,-1.131260284423828,19.61270144958496,-10.735600244140624,56.09756097560976,-18.29268292682927,67.7439024390244,44.48294117647059
0.23074411099992176,6.035782385253906,19.61270144958496,9.63307037963867,36.890243902439025,-63.29268292682927,-16.646341463414636,44.459411764705884
0.23759061099985956,3.0406361083984375,1.7561469177246092,-5.740098480224609,-61.28048780487806,-66.03658536585367,-24.146341463414636,44.453529411764706
0.24441131499997937,0.28012159423828126,2.407369769287109,1.8638859924316404,2.7439024390243905,-67.5,-21.890243902439025,44.459411764705884
0.25123020399996676,0.32561142578124996,5.163095880126953,1.886630908203125,-1.3414634146341464,-60.426829268292686,-50.0609756097561,44.48882352941177
0.2580604439999661,1.848323681640625,5.402516046142578,2.722207287597656,-5.060975609756098,-57.37804878048781,-46.89024390243903,44.46529411764706
0.2648990739999135,2.1990742248535153,12.642581866455078,2.2014684265136717,-11.463414634146343,-45.85365853658537,-41.21951219512196,44.47117647058823
0.2718228520000139,0.729034405517578,0.842758984375,-4.091690637207031,30.121951219512198,-23.59756097560976,-51.707317073170735,44.46529411764706
0.27886842599991724,1.7130512878417967,1.7130512878417967,0.022744915771484374,75.1219512195122,-15.731707317073171,-57.25609756097561,44.48294117647059
0.2859561669999948,0.7553706237792969,17.017985400390625,7.896077075195312,79.93902439024392,3.8414634146341466,-18.719512195121954,44.46529411764706
0.29306259300005877,-6.111199737548827,19.61270144958496,-5.980715747070312,-99.93902439024392,27.012195121951223,20.914634146341466,44.46529411764706
0.30013505600004464,0.3136404174804687,-5.960365032958984,-7.190984686279297,-84.39024390243902,31.09756097560976,40.487804878048784,44.46529411764706
0.30734979599992585,-0.584185205078125,5.0206408813476555,2.2194249389648437,-11.829268292682928,31.158536585365855,41.768292682926834,44.48294117647059
0.3143372409999756,1.3634978454589843,8.142679846191406,4.242525341796875,-11.28048780487805,32.80487804878049,45.97560975609756,44.50058823529412
0.32120988899987424,-1.6807295654296874,19.61270144958496,3.687070556640625,-5.975609756097562,26.76829268292683,17.439024390243905,44.453529411764706
0.3280501669999012,-0.2825157958984375,3.861847277832031,-3.864241479492187,-29.81707317073171,16.646341463414636,30.000000000000004,44.47117647058823
0.33491298099988853,-0.42497079467773435,5.950788226318359,-1.0211270080566406,29.02439024390244,6.219512195121951,60.1829268292683,44.459411764705884
0.3417998150000585,1.0211270080566406,-1.7022773803710936,-1.1348515869140625,76.21951219512196,0.06097560975609757,56.646341463414636,44.441764705882356
0.34881624099989494,0.8798691101074219,6.43501551208496,8.851363537597656,68.17073170731707,3.4756097560975614,42.31707317073171,44.43588235294118
0.35573366699986764,0.47884033203125,9.759963067626952,-0.928950244140625,-4.51219512195122,10.548780487804878,38.53658536585366,44.46529411764706
0.3625927220000449,-3.24294614868164,19.61270144958496,-2.7329811950683593,-11.829268292682928,-5.914634146341464,-6.219512195121951,44.453529411764706
0.3694499809998888,3.0131027893066404,-2.6503812377929687,-8.443152154541016,-74.51219512195122,-23.29268292682927,-24.695121951219516,44.459411764705884
0.3762879629998679,-0.3459621398925781,-1.600523809814453,-2.693476867675781,-14.207317073170733,-30.182926829268297,-41.40243902439025,44.47117647058823
0.3831202219998886,2.0063409912109376,5.474342095947265,2.4576480041503905,24.512195121951223,-24.634146341463417,-56.28048780487806,44.47705882352941
0.3899812590000238,4.6447512207031245,18.240225347900388,4.146757275390625,-4.878048780487806,-22.682926829268293,-32.86585365853659,44.48294117647059
0.3968419630000426,2.04943662109375,19.61270144958496,5.7520694885253905,-75.1219512195122,-13.841463414634148,-25.0609756097561,44.459411764705884
0.4036823330000061,0.9540893615722655,-2.931699932861328,-1.7274164978027342,-5.3048780487804885,-8.231707317073171,-33.04878048780488,44.46529411764706
0.4105170369998632,0.604535919189453,1.5227122558593749,-1.9776105712890624,22.31707317073171,-8.902439024390244,-55.54878048780488,44.47117647058823
0.41736392600000727,0.49320554199218747,0.8690952026367187,-0.8834604125976562,67.98780487804879,11.402439024390246,-64.87804878048782,44.47705882352941
0.42421503699983987,0.36152445068359373,19.61270144958496,0.5470750793457031,39.63414634146342,21.28048780487805,-36.28048780487805,44.459411764705884
0.4312360549999994,-1.1324573852539062,19.61270144958496,3.1399954772949217,-49.75609756097561,51.463414634146346,16.219512195121954,44.46529411764706
0.438112073999946,1.8124106567382812,-4.203021014404297,-4.753687396240234,-26.89024390243903,51.28048780487806,30.365853658536587,44.47117647058823
0.44494633299996167,-0.037110125732421874,5.148730670166016,2.5258827514648434,9.51219512195122,46.82926829268293,46.82926829268293,44.453529411764706
0.45178251799984537,-1.2342109558105467,13.268665600585937,5.035006091308594,-36.951219512195124,43.170731707317074,36.34146341463415,44.459411764705884
0.45865690699997685,-3.019088293457031,13.054384552001952,1.2378022583007813,-37.5609756097561,33.47560975609756,20.54878048780488,44.47117647058823
0.46549209199997676,-0.20829554443359374,5.209782812499999,-1.6244658264160154,-30.30487804878049,17.134146341463417,38.170731707317074,44.47117647058823
0.47233581499995125,-0.5291185668945312,0.6679822631835937,-1.8830396057128904,35.36585365853659,11.585365853658537,44.51219512195122,44.46529411764706
0.47924390699995456,-1.0223241088867188,14.31373462524414,4.458003491210937,58.17073170731708,6.951219512195123,47.25609756097561,44.47117647058823
0.48610646299994187,0.430956298828125,16.15248150024414,4.876988781738281,32.80487804878049,10.365853658536587,39.87804878048781,44.459411764705884
0.4930096850000609,-0.5470750793457031,11.500547674560547,-3.6068648010253903,-6.158536585365854,7.865853658536586,37.926829268292686,44.47117647058823
0.4999073699998462,0.5123591552734374,11.665747589111328,-0.02154781494140625,37.37804878048781,4.878048780487806,32.13414634146342,44.47117647058823
0.5070648329999585,1.3491326354980469,19.61270144958496,4.806359832763672,-61.21951219512196,-20.243902439024392,-45.00000000000001,44.47705882352941
0.5139746289999039,5.052962603759766,-2.6791116577148437,-5.172672686767577,-27.500000000000004,-21.28048780487805,-47.743902439024396,44.46529411764706
0.5208171479998782,1.8435352783203125,7.486668591308593,1.8076222534179687,22.073170731707318,-20.48780487804878,-48.78048780487805,44.46529411764706
0.5277805549999357,0.28730419921875,6.511031414794921,1.9596540588378906,-10.670731707317074,-21.646341463414636,-46.03658536585366,44.453529411764706
0.5346495549999872,3.7912183288574215,14.609418530273437,0.2932897033691406,-22.439024390243905,-22.378048780487806,-34.51219512195122,44.441764705882356
0.5415336849998766,1.8100164550781248,4.898536596679687,-1.8171990600585937,-22.439024390243905,-6.158536585365854,-42.25609756097561,44.46529411764706
0.5483713520000038,1.1982979309082031,6.198588098144531,-2.1871032165527344,22.682926829268293,2.1951219512195124,-52.19512195121952,44.47117647058823
0.5552096290000463,0.4333505004882812,2.8407202697753906,-0.4836287353515625,49.69512195121952,8.597560975609756,-57.25609756097561,44.459411764705884
0.5622889809999378,9.834183319091796,19.61270144958496,-11.391611499023437,-22.31707317073171,39.207317073170735,1.0365853658536586,44.47705882352941
0.569215591999864,-5.191826300048827,-1.715445489501953,-8.898050469970702,-96.03658536585367,45.243902439024396,8.170731707317074,44.47705882352941
0.5760653699999239,-0.16998831787109375,-2.5151088439941405,-1.3120225097656248,-33.65853658536586,51.585365853658544,24.085365853658537,44.48294117647059
0.582948148000014,-1.370680450439453,6.302735870361328,3.096899847412109,-8.170731707317074,45.304878048780495,36.768292682926834,44.47117647058823
0.5897825919998922,-3.5972879943847653,13.826514587402343,0.5590460876464843,-35.85365853658537,39.81707317073171,58.04878048780488,44.459411764705884
0.596618054999908,-3.4668040039062498,17.0191825012207,4.550180255126953,-34.87804878048781,16.70731707317073,25.426829268292686,44.46529411764706
0.6034922960000131,0.15203180541992187,-2.881421697998047,-0.8858546142578124,12.01219512195122,11.219512195121952,36.09756097560976,44.459411764705884
0.6103247040000497,0.6284779357910156,1.936909143066406,1.6340426330566404,30.30487804878049,4.2682926829268295,55.487804878048784,44.453529411764706
0.6171591289999014,-1.3539210388183593,4.908113403320312,0.16639701538085935,51.21951219512196,0.48780487804878053,53.35365853658537,44.46529411764706
0.6240418329998647,-2.108094561767578,19.61270144958496,6.872555865478515,9.756097560975611,-1.4634146341463417,39.75609756097561,44.43
0.6308753890000389,0.40222587890625,0.08738836059570312,-4.920084411621094,-37.07317073170732,-8.414634146341465,34.32926829268293,44.441764705882356
0.6377108149999913,-0.9947907897949219,6.487089398193359,-2.901772412109375,40.487804878048784,-14.817073170731708,37.80487804878049,44.441764705882356
0.6445879440000226,1.2330138549804688,19.61270144958496,-0.06105214233398437,64.51219512195122,-16.463414634146343,7.317073170731708,44.47117647058823
0.6514212029999271,6.186617089843749,19.61270144958496,7.432799053955078,14.573170731707318,-33.78048780487805,-38.65853658536586,44.441764705882356
0.658256351999853,2.948459344482422,3.2597055603027343,-6.563703851318359,-34.57317073170732,-27.25609756097561,-40.426829268292686,44.46529411764706
0.6650974809999752,1.4520833068847656,10.43153663330078,1.659181750488281,20.243902439024392,-24.634146341463417,-51.707317073170735,44.459411764705884
0.671949702999882,3.355473626708984,19.61270144958496,6.320692382812499,-53.41463414634147,-18.658536585365855,-36.890243902439025,44.447647058823534
0.6787832959998923,1.4341267944335936,-4.3059716857910155,0.2454056701660156,11.76829268292683,-13.231707317073171,-35.670731707317074,44.459411764705884
0.6856172029999925,0.8104372619628906,4.490325213623047,-1.0666168395996094,25.365853658536587,-13.536585365853659,-67.43902439024392,44.453529411764706
0.6924640919999092,1.9428946472167967,-0.5530605834960938,-2.4672248107910155,71.15853658536587,8.231707317073171,-73.23170731707317,44.441764705882356
0.6993312780000451,7.448361364746093,19.61270144958496,5.517437725830078,35.97560975609756,32.6829268292683,-11.829268292682928,44.453529411764706
0.7061649259999285,-3.2632968627929686,2.536656658935547,-6.618770489501952,-94.14634146341464,49.207317073170735,15.243902439024392,44.459411764705884
0.7129984999999124,2.6372131286621094,-11.324573852539062,5.464765289306641,7.317073170731708,51.09756097560976,23.658536585365855,44.43588235294118
0.719874333000007,-3.825934252929687,11.257536206054686,4.5968671875,-9.756097560975611,46.21951219512196,45.00000000000001,44.459411764705884
0.7267088889998377,-2.916137622070312,8.130708837890625,-3.4057518615722655,-53.53658536585366,29.512195121951223,29.634146341463417,44.453529411764706
0.7335428520000278,-2.625242120361328,10.228029492187499,0.1388636962890625,-21.76829268292683,18.963414634146343,29.207317073170735,44.459411764705884
0.7404202220000116,0.1197100830078125,2.887407202148437,-3.247734552001953,-23.04878048780488,12.987804878048781,32.80487804878049,44.447647058823534
0.7472554070000115,-0.2765302917480469,1.6029180114746093,-1.4018050720214843,44.146341463414636,11.76829268292683,31.646341463414636,44.459411764705884
0.7540875549998418,-1.3084312072753905,19.61270144958496,8.524555010986328,34.390243902439025,10.426829268292684,34.81707317073171,44.459411764705884
0.7609349259998908,0.2645592834472656,8.0828248046875,0.229843359375,-23.10975609756098,7.865853658536586,28.902439024390247,44.441764705882356
0.7677726289998645,0.25737667846679685,-0.7697358337402344,-4.4376527770996095,29.207317073170735,3.536585365853659,31.52439024390244,44.453529411764706
0.7746134629999233,0.22026655273437498,1.1145008728027344,0.814028564453125,58.963414634146346,-1.402439024390244,40.60975609756098,44.47117647058823
0.7814457029999176,0.7541735229492187,9.6917283203125,4.959588739013672,85.54878048780489,-15.79268292682927,20.48780487804878,44.48294117647059
0.7883214999999382,-8.042123376464843,19.61270144958496,0.3758896606445312,-18.719512195121954,-52.86585365853659,-30.365853658536587,44.447647058823534
0.7978333149999344,1.1755530151367186,-4.061763116455078,-8.777143286132812,-87.07317073170732,-55.79268292682927,-34.451219512195124,44.459411764705884
0.8103592959998878,0.2262520568847656,8.449137658691406,6.6510922119140625,1.6463414634146343,-49.207317073170735,-50.304878048780495,44.453529411764706
0.8235642959998586,2.536656658935547,16.263811877441405,4.116829754638672,9.085365853658537,-33.65853658536586,-44.93902439024391,44.453529411764706
0.8360953889998655,1.0702081420898437,0.48243163452148435,-3.678690850830078,60.00000000000001,-13.414634146341465,-22.31707317073171,44.459411764705884
0.8486322960000052,-3.8750153869628905,-5.929240411376953,-6.404489440917969,-102.56097560975611,10.0,35.1829268292683,44.453529411764706
0.8614580549999573,-1.5777788940429687,10.347739575195313,4.121618157958984,-18.10975609756098,10.609756097560977,21.34146341463415,44.447647058823534
0.8741352959998494,-1.016338604736328,1.3910311645507811,-3.8570588745117185,-45.1829268292683,1.9512195121951221,33.23170731707317,44.453529411764706
0.886685499999885,-0.3938461730957031,7.344213592529297,3.8187516479492185,8.597560975609756,-1.0365853658536586,26.402439024390247,44.46529411764706
0.8998804259999815,1.054645831298828,3.3865982482910155,-0.7110778930664062,28.719512195121954,-1.707317073170732,33.109756097560975,44.447647058823534
0.9136471849999452,-0.09576806640624999,6.871358764648437,3.0262708984374997,42.6219512195122,-5.182926829268293,30.0609756097561,44.46529411764706
0.9273965180000232,-0.604535919189453,1.8734627990722654,-9.957484704589843,73.23170731707317,-11.036585365853659,-31.76829268292683,44.46529411764706
0.9415239259999453,2.7090391784667966,6.406883642578125,-2.6803087585449217,-42.37804878048781,-62.50000000000001,-59.57317073170732,44.447647058823534
0.9553879069999311,2.807201446533203,10.12507882080078,5.761646295166015,-4.451219512195122,-53.84146341463415,-38.41463414634147,44.459411764705884
0.9691461849999996,2.443282794189453,15.364789154052733,-0.6272808349609375,3.780487804878049,-20.975609756097562,-19.695121951219512,44.46529411764706
0.9829238509998959,0.6356605407714844,6.696582043457031,-6.987477545166016,-49.69512195121952,1.4634146341463417,28.902439024390247,44.47117647058823
0.996670426000037,-3.0550013183593747,13.80855807495117,4.924872814941406,-30.182926829268297,17.804878048780488,13.414634146341465,44.453529411764706
1.0104390550000062,-1.8567033874511718,3.7110125732421873,-2.431311785888672,10.365853658536587,6.829268292682928,32.19512195121951,44.447647058823534
1.0242237959998874,-0.04668693237304687,0.39863457641601563,-1.697488977050781,-3.963414634146342,4.329268292682928,23.353658536585368,44.447647058823534
1.0380897029999687,0.6272808349609375,16.992846282958983,0.5039794494628906,-10.609756097560977,13.963414634146343,19.939024390243905,44.453529411764706
1.0518728330000613,1.0079588989257813,0.9660603698730468,-1.2497732666015624,67.8658536585366,-3.8414634146341466,33.65853658536586,44.453529411764706
1.0657200919999923,0.8044517578125,8.329427575683594,0.7110778930664062,45.85365853658537,-0.06097560975609757,27.865853658536587,44.453529411764706
1.0795270549999714,-0.23343466186523437,6.411672045898437,-3.854664672851562,-35.609756097560975,-34.69512195121951,-66.03658536585367,44.47117647058823
1.0933027589999256,0.7876923461914062,3.7505169006347656,3.265691064453125,42.743902439024396,-32.43902439024391,-75.48780487804879,44.453529411764706
1.1070458140000028,-3.380612744140625,19.61270144958496,-4.109647149658203,-67.98780487804879,6.219512195121951,1.524390243902439,44.459411764705884
1.1207931479998479,0.09816226806640624,7.520187414550781,2.612074011230469,-40.304878048780495,-1.1585365853658538,29.32926829268293,44.43588235294118
1.134708832999877,-3.4871547180175777,10.338162768554687,2.061407629394531,-6.463414634146342,-13.170731707317074,29.75609756097561,44.459411764705884
1.1486740549999013,-1.3455413330078123,6.1459156616210935,-5.594052178955078,-20.48780487804878,-26.28048780487805,26.463414634146343,44.43
1.1626552959999117,0.3902548706054687,17.820042956542967,1.2138602416992186,-18.597560975609756,-28.170731707317074,19.695121951219512,44.441764705882356
1.1765784990000157,0.22266075439453123,0.3184288208007812,-3.5673604736328124,48.84146341463415,-8.292682926829269,32.987804878048784,44.453529411764706
1.1904414619998533,0.612915625,4.383783239746093,-0.10773907470703124,47.86585365853659,-5.7926829268292686,29.32926829268293,44.47117647058823
1.2027868699999544,-2.2744915771484373,19.61270144958496,7.151480358886718,47.987804878048784,-53.29268292682927,-43.47560975609756,44.459411764705884
1.2141989990000184,2.3451205261230466,-2.129642376708984,-6.245275030517578,29.87804878048781,-51.15853658536586,-52.19512195121952,44.459411764705884
1.225606998999865,1.0917559570312498,8.706514337158202,3.506308331298828,5.365853658536586,-43.47560975609756,-74.26829268292684,44.453529411764706
1.2370112029998381,13.82172618408203,19.61270144958496,2.1727380065917967,-6.2804878048780495,10.30487804878049,7.317073170731708,44.447647058823534
1.2484463329999471,-0.14604630126953125,-2.127248175048828,-4.067748620605468,-51.09756097560976,15.060975609756099,13.536585365853659,44.43588235294118
1.2598951479999414,-0.8930372192382812,7.693767034912109,5.017049578857422,-55.1829268292683,6.158536585365854,30.54878048780488,44.447647058823534
1.2713078330000371,-5.929240411376953,14.899116931152342,3.545812658691406,-29.451219512195124,-12.682926829268293,24.81707317073171,44.459411764705884
1.2827476659999775,0.3962403747558593,1.6208745239257811,-0.6775590698242188,27.926829268292686,-20.731707317073173,34.57317073170732,44.43588235294118
1.2941864439999335,0.10175357055664062,19.61270144958496,8.645462194824217,-50.1829268292683,-17.378048780487806,20.30487804878049,44.447647058823534
1.3088566110000102,0.2885013000488281,-3.1651345947265623,-2.3499089294433593,24.146341463414636,-13.109756097560977,34.81707317073171,44.453529411764706
1.3241552770000453,0.8212111694335937,7.082048510742187,4.687846850585937,73.35365853658537,-2.8658536585365857,26.402439024390247,44.453529411764706
1.3394724989998394,-4.045003704833984,19.61270144958496,3.7984009338378906,-5.975609756097562,-32.13414634146342,-50.243902439024396,44.447647058823534
1.3547792219999337,0.5279214660644531,-1.6065093139648436,2.051830822753906,40.73170731707317,-27.195121951219516,-67.25609756097562,44.459411764705884
1.3700678329998937,2.402581365966797,7.507617855834961,-2.8275521606445313,4.085365853658537,28.902439024390247,4.329268292682928,44.459411764705884
1.3853646469999603,-1.5921441040039062,-0.08020575561523437,-3.852270471191406,-27.5609756097561,31.158536585365855,11.097560975609756,44.46529411764706
1.4006874809999772,0.12210428466796874,16.381127758789063,-1.8375497741699218,-48.170731707317074,9.02439024390244,13.78048780487805,44.441764705882356
1.4159818329999325,0.7158662963867187,3.7038299682617186,-3.246537451171875,24.146341463414636,-0.48780487804878053,22.5609756097561,44.43
1.4312707770000088,0.08978256225585937,17.336414221191404,6.756437084960937,-39.63414634146342,4.878048780487806,17.439024390243905,44.46529411764706
1.4465687399999752,-0.7457938171386719,2.385821954345703,-3.2130186279296873,69.39024390243902,-1.402439024390244,30.914634146341466,44.441764705882356
1.4618637399998988,0.7757213378906249,19.61270144958496,11.75433305053711,-3.353658536585366,7.682926829268293,22.195121951219512,44.447647058823534
1.477162073000045,-0.7038952880859375,19.61270144958496,-0.36391865234375,-14.329268292682928,-30.975609756097565,-57.43902439024391,44.447647058823534
1.492458981000027,1.6172832214355468,1.4030021728515625,-0.20231004028320312,38.10975609756098,-31.09756097560976,-74.69512195121952,44.441764705882356
1.5077789249999114,-4.341884710693359,19.61270144958496,1.763329522705078,-95.0609756097561,21.52439024390244,7.01219512195122,44.46529411764706
1.5231696839998676,-1.341950030517578,5.542576843261719,2.503137835693359,-2.682926829268293,22.439024390243905,23.719512195121954,44.441764705882356
1.5385253879999254,-0.39743747558593745,-0.09935936889648436,-2.6324247253417967,-32.987804878048784,1.9512195121951221,21.585365853658537,44.441764705882356
1.5538857399999415,0.1927332336425781,0.21068974609375,3.5098996337890624,29.26829268292683,1.5853658536585367,27.378048780487806,44.447647058823534
1.5695014069999615,1.1061211669921875,11.602301245117188,-1.5119383483886717,-32.01219512195122,-3.8414634146341466,18.597560975609756,44.42411764705882
1.5862572579999323,-0.6177040283203125,12.129025610351562,4.073734124755859,37.13414634146342,-4.817073170731708,30.853658536585368,44.447647058823534
1.6010745730000053,-0.4608838195800781,10.496180078124999,1.3287819213867187,39.08536585365854,1.0975609756097562,19.390243902439025,44.459411764705884
1.6136254619998454,-0.8906430175781249,19.61270144958496,-0.5039794494628906,-13.963414634146343,-22.80487804878049,-68.23170731707317,44.43588235294118
1.626209832999848,0.7481880187988281,-3.1172505615234374,-1.0103531005859374,49.87804878048781,-18.963414634146343,-69.93902439024392,44.441764705882356
1.638899720999916,4.359841223144531,19.61270144958496,-1.2928688964843749,-27.195121951219516,10.060975609756099,7.500000000000001,44.459411764705884
1.6517911099999765,-0.2501940734863281,-2.597708801269531,-7.671022119140624,-4.207317073170732,18.597560975609756,17.804878048780488,44.441764705882356
1.6644551099998353,-0.9121908325195311,18.243816650390624,2.100911956787109,-42.6219512195122,1.7682926829268295,10.365853658536587,44.453529411764706
1.677223665999918,-0.8655039001464844,-4.465186096191406,1.1228805786132812,2.7439024390243905,-12.195121951219512,27.5609756097561,44.447647058823534
1.6898067399999945,0.7062894897460937,4.505887524414062,0.6105214233398437,-9.02439024390244,-10.365853658536587,22.439024390243905,44.447647058823534
1.7012354250000499,0.8463502868652343,10.155006341552733,-0.020350714111328123,-6.890243902439025,-8.170731707317074,22.926829268292686,44.43
1.7109828699999525,-0.8750807067871094,7.240065820312499,-2.2086510314941403,25.365853658536587,-11.76829268292683,28.292682926829272,44.447647058823534
1.7208194620000086,0.7529764221191406,-1.4616601135253906,5.797559320068359,86.46341463414635,-15.975609756097562,19.451219512195124,44.43588235294118
1.7306047580000268,-0.05746083984375,19.61270144958496,-4.340687609863281,-14.695121951219514,-19.939024390243905,20.79268292682927,44.447647058823534
1.7403848699998434,0.2765302917480469,-1.4185644836425781,-3.028665100097656,66.82926829268293,-23.59756097560976,1.5853658536585367,44.441764705882356
1.7502009069999076,2.272097375488281,13.903129040527343,-3.853467572021484,-22.865853658536587,-50.487804878048784,-81.34146341463415,44.447647058823534
1.7599673140000505,2.0661960327148434,4.416104962158203,0.09576806640624999,43.84146341463415,-50.1219512195122,-61.463414634146346,44.453529411764706
1.76973864699994,13.439851019287108,19.61270144958496,-2.105700360107422,-49.93902439024391,-9.939024390243903,-2.7439024390243905,44.43588235294118
1.7795056469999508,-2.499546533203125,0.13646949462890623,-5.462371087646484,-50.426829268292686,9.02439024390244,7.743902439024391,44.441764705882356
1.789296535999938,-2.032677209472656,2.912546319580078,0.3064578125,-21.585365853658537,6.036585365853659,30.182926829268297,44.447647058823534
1.7998232769998594,-4.996698864746094,19.61270144958496,2.3977929626464842,-61.585365853658544,-7.560975609756098,18.475609756097562,44.447647058823534
1.8151284250000117,0.09217676391601562,-2.146401788330078,3.190273712158203,15.060975609756099,-19.207317073170735,23.29268292682927,44.447647058823534
1.8304265729998406,-0.15562310791015624,1.571793389892578,1.016338604736328,2.073170731707317,-23.10975609756098,21.28048780487805,44.441764705882356
1.8457299619999503,0.5339069702148437,1.2701239807128906,-1.697488977050781,23.29268292682927,-25.365853658536587,30.731707317073173,44.459411764705884
1.8610452579998764,-1.1827356201171875,7.070077502441406,-0.4608838195800781,-1.3414634146341464,-28.59756097560976,18.902439024390244,44.447647058823534
1.876335999000048,0.4285620971679687,8.086416107177733,1.6041151123046875,71.46341463414635,-33.47560975609756,8.353658536585366,44.441764705882356
1.8916607579999436,4.480748406982421,-9.74200655517578,-7.8170684204101555,21.890243902439025,-71.76829268292684,-63.35365853658537,44.41823529411765
1.9069793319999917,1.8710685974121093,19.61270144958496,-9.616310968017578,-57.43902439024391,-18.10975609756098,13.841463414634148,44.441764705882356
1.9223260920000484,0.4273649963378906,-3.1591490905761717,-4.153939880371094,-4.695121951219512,0.6707317073170732,24.75609756097561,44.42411764705882
1.938262721000001,-1.7310078002929687,3.2166099304199216,-4.223371728515625,-38.65853658536586,-12.439024390243903,16.219512195121954,44.42411764705882
1.9546523879998858,0.6584054565429687,-1.1647791076660157,5.0757075195312495,27.012195121951223,-4.51219512195122,19.146341463414636,44.42411764705882
1.9704480549999062,1.0438719238281249,1.1252747802734375,-1.618480322265625,-3.5975609756097566,2.378048780487805,17.5,44.453529411764706
1.9857468319999043,0.8990227233886718,7.128735443115234,2.0458453186035155,16.03658536585366,6.341463414634147,15.609756097560977,44.453529411764706
2.001030294999964,0.055066638183593745,4.85184966430664,-2.262520568847656,37.5609756097561,9.939024390243903,6.097560975609756,44.43
2.0163328510000156,0.19033903198242186,19.61270144958496,8.2360537109375,33.29268292682927,-30.121951219512198,-44.81707317073171,44.447647058823534
2.031669331999865,2.393004559326172,-2.703053674316406,-6.792350109863281,33.71951219512196,-72.98780487804879,-59.268292682926834,44.43588235294118
2.0469726100000116,-2.786850732421875,5.797559320068359,-3.9899370666503904,-92.07317073170732,-13.04878048780488,3.8414634146341466,44.447647058823534
2.0622987029998967,-1.3826514587402343,11.53646069946289,4.1383775695800775,-63.84146341463415,-15.914634146341465,17.378048780487806,44.453529411764706
2.0776087579999967,0.7254431030273437,3.5027170288085934,-2.8203695556640622,-4.329268292682928,-11.219512195121952,16.03658536585366,44.459411764705884
2.0929095169999528,0.8762778076171874,2.7665000183105466,-0.9995791931152344,-5.3048780487804885,-5.3048780487804885,13.78048780487805,44.43588235294118
2.1082356289998643,0.9157821350097656,-0.7529764221191406,-3.5996821960449217,23.04878048780488,15.487804878048783,17.682926829268293,44.43
2.1235637209999823,0.6715735656738281,14.201207147216795,4.128800762939453,2.804878048780488,12.01219512195122,10.426829268292684,44.441764705882356
2.138868425000055,0.1771709228515625,0.8571241943359375,3.881000891113281,81.76829268292684,-10.24390243902439,17.195121951219512,44.447647058823534
2.1541755539999485,0.5147533569335937,2.398990063476562,-3.5098996337890624,75.3048780487805,-53.35365853658537,-54.146341463414636,44.41823529411765
2.1694584429999395,1.610100616455078,-9.131485131835937,-1.0031704956054688,54.39024390243903,-49.63414634146342,-66.28048780487805,44.43588235294118
2.1849695910000264,-2.829946362304687,19.58696378173828,-1.7453730102539062,-121.95121951219514,1.9512195121951221,3.8414634146341466,44.43
2.200333313999863,-2.013523596191406,6.453570574951171,5.57370146484375,-20.60975609756098,-7.987804878048781,18.04878048780488,44.447647058823534
2.2156436840000424,1.1611878051757811,2.2864625854492187,-4.1754876953124995,-2.8658536585365857,-9.634146341463415,23.84146341463415,44.441764705882356
2.2309465359999194,-0.18435352783203124,0.03950432739257812,-4.570530969238281,-53.41463414634147,-1.7682926829268295,8.658536585365855,44.46529411764706
2.246241517000044,1.3371616271972655,6.495469104003906,-0.8810662109374999,5.609756097560976,4.451219512195122,11.585365853658537,44.447647058823534
2.261538257999973,-0.8271966735839843,11.384428894042967,5.5270145324707025,40.243902439024396,-0.853658536585366,27.743902439024392,44.441764705882356
2.276838147000035,-0.7457938171386719,-6.405686541748047,-6.330269189453125,60.73170731707317,-7.378048780487806,11.036585365853659,44.441764705882356
2.2921318139999585,0.2645592834472656,19.61270144958496,4.005499377441406,78.17073170731707,-36.40243902439025,-44.32926829268293,44.42411764705882
2.306772035999984,5.617994195556641,5.6024318847656245,-5.632359405517578,20.426829268292686,-52.987804878048784,-15.853658536585368,44.453529411764706
2.320545665000054,-1.4544775085449217,-4.203021014404297,-8.323442071533202,-44.57317073170732,-6.646341463414635,5.975609756097562,44.43588235294118
2.334297905999847,-2.692279766845703,19.570204370117185,-7.677007623291015,-77.7439024390244,-9.146341463414634,16.463414634146343,44.459411764705884
2.348612701999855,-0.6536170532226562,8.451531860351562,0.5363011718749999,-19.390243902439025,-13.353658536585368,6.646341463414635,44.46529411764706
2.3624088689998644,-0.086191259765625,8.386888415527343,-0.03591302490234375,-25.30487804878049,5.670731707317073,7.8048780487804885,44.447647058823534
2.3761711099998593,0.6751648681640625,3.2537200561523436,-1.0283096130371092,35.426829268292686,14.26829268292683,5.0,44.453529411764706
2.3899156469999525,1.6543933471679686,1.332373223876953,-3.1663316955566403,-4.817073170731708,23.963414634146343,2.5609756097560976,44.441764705882356
2.4036622579999403,1.3670891479492187,6.15429536743164,-1.7262193969726563,41.524390243902445,29.75609756097561,-0.12195121951219513,44.43
2.4179622019998988,1.2713210815429687,9.466673364257812,0.12090718383789062,31.03658536585366,26.52439024390244,-5.365853658536586,44.43
2.431749016999902,0.843956085205078,3.527856146240234,0.9564835632324218,113.53658536585367,17.5609756097561,9.634146341463415,44.46529411764706
2.44550627600006,10.062829577636718,11.149797131347656,-7.461529473876952,-100.3658536585366,13.841463414634148,22.073170731707318,44.447647058823534
2.4592594799999006,0.18076222534179687,2.224213342285156,-0.2741360900878906,-78.17073170731707,14.695121951219514,23.29268292682927,44.447647058823534
2.4730158879999635,0.14963760375976562,5.651513018798828,1.7130512878417967,-14.51219512195122,21.219512195121954,-40.670731707317074,44.447647058823534
2.4868043320000197,5.589263775634765,19.61270144958496,0.47644613037109373,-1.829268292682927,30.182926829268297,-0.7317073170731708,44.43
2.500632090999943,0.3711012573242187,-0.86191259765625,-4.205415216064453,41.58536585365854,34.93902439024391,0.48780487804878053,44.447647058823534
2.5159769990000314,0.4848258361816406,4.273649963378906,-2.6707319519042967,-20.48780487804878,37.6829268292683,-3.536585365853659,44.441764705882356
2.531285720999904,0.6775590698242188,3.4332851806640625,-0.9552864624023437,54.268292682926834,43.170731707317074,-17.378048780487806,44.43588235294118
2.5465924249999716,0.7481880187988281,18.1959326171875,5.187037896728516,-8.963414634146343,37.5609756097561,-1.524390243902439,44.43588235294118
2.5618563509999603,1.052251629638672,3.0538042175292968,-0.8631096984863281,98.23170731707317,38.963414634146346,-23.414634146341466,44.447647058823534
2.5771365909999986,-1.68551796875,19.61270144958496,-11.033678350830078,-80.79268292682927,11.52439024390244,-7.25609756097561,44.441764705882356
2.5924525539999195,-0.46686932373046874,2.7820623291015623,-0.30885201416015623,-38.23170731707317,-5.670731707317073,11.036585365853659,44.459411764705884
2.6077925909999067,2.1978771240234374,19.61270144958496,0.9600748657226562,-63.47560975609757,-10.914634146341465,0.426829268292683,44.46529411764706
2.6231035169998904,1.7166425903320313,7.821856823730468,0.8822633117675781,-6.707317073170732,-6.829268292682928,-0.24390243902439027,44.46529411764706
2.6384150359999694,1.3431471313476562,4.669890338134765,-2.900575311279297,-19.146341463414636,-0.6097560975609757,-4.390243902439025,44.459411764705884
2.6537137389998406,0.4644751220703125,6.704961749267578,1.4820108276367188,8.597560975609756,-2.9268292682926833,0.24390243902439027,44.447647058823534
2.6690012209999168,0.20949264526367187,17.360356237792967,-5.505466717529297,-13.475609756097562,-7.01219512195122,-2.804878048780488,44.453529411764706
2.684419127999945,-0.3387795349121094,14.073117358398436,2.3738509460449215,44.51219512195122,-7.865853658536586,-7.439024390243903,44.447647058823534
2.7006327760000204,0.2885013000488281,4.709394665527343,-0.9421183532714843,72.13414634146342,-8.231707317073171,11.890243902439025,44.48294117647059
2.7149976650000553,-14.012065216064451,19.61270144958496,0.7110778930664062,-14.939024390243905,-48.84146341463415,-4.329268292682928,44.46529411764706
2.729152999000007,-1.3048399047851562,1.725022296142578,-1.4233528869628906,-73.10975609756098,-59.32926829268293,-14.085365853658537,44.459411764705884
2.7434870729998693,4.533420843505859,0.5147533569335937,1.3778630554199218,13.963414634146343,-55.426829268292686,46.463414634146346,44.441764705882356
2.7571977390000484,-1.8626888916015625,19.61270144958496,4.461594793701171,-65.85365853658537,-37.926829268292686,0.12195121951219513,44.453529411764706
2.7708726280000064,0.9050082275390624,8.456320263671875,-0.9050082275390624,10.060975609756099,-32.25609756097561,1.1585365853658538,44.46529411764706
2.784548887000028,0.46806642456054687,11.8369330078125,-3.4632127014160154,-36.03658536585366,-15.853658536585368,-4.878048780487806,44.46529411764706
2.7982176470000013,0.4261678955078125,16.04354532470703,-0.6416460449218749,5.853658536585367,-8.109756097560977,-4.085365853658537,44.459411764705884
2.8111267580000003,1.3108254089355469,3.355473626708984,-0.9959878906249999,68.65853658536587,0.30487804878048785,-21.76829268292683,44.459411764705884
2.823588794999978,1.073799444580078,13.72595811767578,2.536656658935547,28.231707317073173,4.085365853658537,-6.219512195121951,44.43
2.836044979999997,0.2885013000488281,-3.7301661865234372,-4.981136553955078,124.81707317073172,10.060975609756099,13.597560975609758,44.441764705882356
2.848509591000038,-6.994660150146484,19.61270144958496,-3.859453076171875,-40.670731707317074,-1.2804878048780488,-3.536585365853659,44.47117647058823
2.8609688129999995,0.9888052856445312,2.3331495178222657,2.8514941772460936,-54.39024390243903,-8.719512195121952,2.25609756097561,44.453529411764706
2.873430739000014,2.3367408203125,4.716577270507813,2.8371289672851563,-33.23170731707317,-2.5609756097560976,-2.6219512195121952,44.43588235294118
2.8858904979999807,1.8638859924316404,4.995501763916016,-0.7386112121582031,-7.439024390243903,5.121951219512195,-8.597560975609756,44.441764705882356
2.8983530539999265,-0.2059013427734375,14.821305377197264,-1.6112977172851561,-40.54878048780488,-2.6219512195121952,-3.9024390243902443,44.447647058823534
2.912608164999938,1.8854338073730468,8.738836059570312,-0.016759411621093748,-12.01219512195122,-0.24390243902439027,-6.951219512195123,44.447647058823534
2.9278659059998517,0.4572925170898437,7.0102224609374995,0.3603273498535156,5.609756097560976,4.817073170731708,-8.231707317073171,44.46529411764706
2.9431209980000403,1.6771382629394531,1.9979612854003905,-1.6627730529785156,38.84146341463415,15.182926829268293,-15.79268292682927,44.447647058823534
2.9583702759998687,0.9648632690429687,7.32266577758789,1.140837091064453,32.19512195121951,19.085365853658537,-15.914634146341465,44.43588235294118
2.9736160719999134,1.389834063720703,2.8706477905273435,-0.6141127258300781,77.19512195121952,33.170731707317074,54.87804878048781,44.447647058823534
2.9888640909998685,0.7350199096679687,-2.768894219970703,-7.269993341064453,-2.1341463414634148,76.21951219512196,77.92682926829269,44.453529411764706
3.004118239000036,3.707421270751953,19.61270144958496,-1.697488977050781,-53.78048780487806,26.402439024390247,-24.390243902439025,44.459411764705884
3.0193658499999856,-0.23223756103515625,2.4863784240722655,-6.36498511352539,-79.39024390243902,4.75609756097561,6.890243902439025,44.459411764705884
3.034639590999859,-0.42497079467773435,19.61270144958496,-2.5151088439941405,-44.32926829268293,0.5487804878048781,-19.085365853658537,44.47705882352941
3.0499097760000495,0.03232172241210937,1.5358803649902344,11.061211669921875,59.69512195121952,-7.25609756097561,-13.170731707317074,44.447647058823534
3.065172183999948,0.3363853332519531,-7.844601739501953,-1.0366893188476562,-2.073170731707317,-15.182926829268293,-8.78048780487805,44.453529411764706
3.0804238690000147,0.5207388610839844,5.9208607055664055,-1.6819266662597656,17.012195121951223,-8.78048780487805,-16.463414634146343,44.447647058823534
3.095670516999917,1.7405846069335937,15.992069989013672,5.646724615478515,57.25609756097561,-4.146341463414634,-0.6097560975609757,44.447647058823534
3.1109484799999336,0.6943184814453125,3.370437387084961,4.98592495727539,69.32926829268293,43.84146341463415,76.34146341463415,44.441764705882356
3.1261974239998835,-0.7015010864257812,19.61270144958496,-0.8212111694335937,33.71951219512196,24.146341463414636,18.231707317073173,44.447647058823534
3.141753794999886,2.839523168945312,-5.184643695068359,-6.514622717285156,-33.84146341463415,-4.634146341463415,-9.207317073170733,44.43588235294118
3.157045516999915,2.551021868896484,13.934253662109374,-1.6938976745605467,-55.67073170731708,-11.829268292682928,-9.695121951219512,44.453529411764706
3.172305886999993,2.424129180908203,5.116408947753906,0.22385785522460935,1.4634146341463417,-2.6219512195121952,-11.036585365853659,44.453529411764706
3.1877536089998557,1.0893617553710937,5.831078143310546,-0.29927520751953124,-2.7439024390243905,3.2926829268292686,-14.329268292682928,44.459411764705884
3.2031335350000063,-0.0909796630859375,1.0043675964355467,-2.6204537170410154,41.40243902439025,4.878048780487806,-14.085365853658537,44.46529411764706
3.2185232760000417,0.5003881469726562,0.8415618835449218,-3.2513258544921873,42.6829268292683,5.914634146341464,-15.853658536585368,44.47117647058823
3.2338448499999686,-0.30406361083984373,1.180341418457031,-2.2469582580566403,84.02439024390245,8.719512195121952,-10.670731707317074,44.42411764705882
3.2491327569998703,-3.852270471191406,19.61270144958496,5.2265422241210935,-69.39024390243902,54.81707317073171,70.85365853658537,44.441764705882356
3.264429034999921,-4.460397692871093,10.650606085205078,5.021837982177734,48.963414634146346,20.365853658536587,-7.317073170731708,44.453529411764706
3.279731960999925,3.0406361083984375,-3.239354846191406,-2.634818927001953,-56.09756097560976,15.121951219512196,1.8902439024390245,44.447647058823534
3.295032108999976,3.308786694335937,1.0007762939453124,-0.6057330200195312,-4.817073170731708,29.634146341463417,-35.609756097560975,44.43
3.3097403320000467,0.8511386901855468,8.169016064453125,-4.431667272949219,-34.87804878048781,28.53658536585366,-19.32926829268293,44.43
3.323478719999912,0.10893617553710937,4.283226770019531,4.649539624023437,30.243902439024392,21.463414634146343,-15.79268292682927,44.447647058823534
3.3372122939999826,2.463633508300781,-3.7804444213867185,-5.820304235839844,37.987804878048784,22.439024390243905,-16.097560975609756,44.447647058823534
3.350957091000055,0.978031378173828,14.74109962158203,5.17746109008789,37.07317073170732,26.28048780487805,-18.475609756097562,44.459411764705884
3.3647341089999827,0.14484920043945312,-2.902969512939453,-4.222174627685547,50.487804878048784,31.34146341463415,13.902439024390246,44.453529411764706
3.3785060539998994,-3.797203833007812,18.620903411865232,-5.035006091308594,-57.07317073170732,59.93902439024391,74.26829268292684,44.459411764705884
3.392253923999988,-0.7541735229492187,4.302380383300781,0.09696516723632811,36.58536585365854,55.91463414634147,71.21951219512195,44.43588235294118
3.4060124430000087,8.149862451171874,-2.47081611328125,-7.9655089233398435,-63.71951219512196,8.536585365853659,2.439024390243903,44.41823529411765
3.4197406279999996,0.5291185668945312,3.0980969482421874,-1.6986860778808592,-32.01219512195122,13.04878048780488,-25.914634146341466,44.43
3.4335142200000064,2.8119898498535156,7.038952880859375,4.963180041503906,-10.853658536585368,25.853658536585368,-16.82926829268293,44.447647058823534
3.447285756999918,0.3016694091796875,-2.3403321228027343,-5.272032055664062,46.768292682926834,34.63414634146342,-22.012195121951223,44.43588235294118
3.4610591089999616,0.7661445312499999,12.51329497680664,4.961982940673828,20.79268292682927,43.963414634146346,-32.6829268292683,44.42411764705882
3.474806386999944,-0.40581718139648437,8.613140472412109,-7.605181573486328,-15.30487804878049,36.21951219512196,-21.158536585365855,44.43
3.4892842570000084,0.8056488586425781,6.732495068359374,4.860229370117187,73.96341463414635,46.40243902439025,8.841463414634147,44.441764705882356
3.5031251089999387,-3.0334535034179684,7.545326531982422,-5.267243652343749,-55.67073170731708,78.04878048780489,58.35365853658537,44.43588235294118
3.5169047939998563,-1.5119383483886717,11.235988391113281,6.906074688720703,-4.390243902439025,66.34146341463415,69.32926829268293,44.447647058823534
3.5306849429998692,-1.0498574279785156,19.61270144958496,-6.675034228515624,-9.329268292682928,-0.853658536585366,-10.548780487804878,44.43588235294118
3.5445082759999877,-0.17836802368164062,-3.42849677734375,-2.789244934082031,-15.365853658536587,-23.59756097560976,-26.76829268292683,44.453529411764706
3.5582647759999873,5.560533355712891,17.684770562744138,3.4919431213378904,-39.93902439024391,-8.597560975609756,-19.81707317073171,44.43588235294118
3.5720226649998494,1.274912384033203,12.266692205810546,-0.8403647827148437,-21.097560975609756,3.1097560975609757,-28.04878048780488,44.441764705882356
3.585772775999885,0.5686228942871093,6.196193896484375,1.2964601989746094,40.36585365853659,10.365853658536587,-25.975609756097562,44.47117647058823
3.599619404999885,-0.8056488586425781,17.490840228271484,-3.679887951660156,-32.987804878048784,4.329268292682928,-19.32926829268293,44.43588235294118
3.6134276830000545,0.7146691955566405,-0.7625532287597656,-2.692279766845703,75.97560975609757,3.8414634146341466,-47.50000000000001,44.459411764705884
3.6271775539999,9.931148486328125,19.61270144958496,-12.744335437011719,0.48780487804878053,67.43902439024392,37.926829268292686,44.43588235294118
3.6409502019998854,-0.1771709228515625,-5.465962390136719,-2.1344307800292968,31.219512195121954,84.63414634146342,58.10975609756098,44.459411764705884
3.654708794000044,-3.7816415222167965,19.48401311035156,-6.749254479980468,-57.13414634146342,54.51219512195122,52.6829268292683,44.43
3.6684522939999624,-0.22266075439453123,10.946289990234375,0.6727706665039062,31.52439024390244,31.34146341463415,-16.463414634146343,44.447647058823534
3.6822318869999435,0.8726865051269531,-2.578555187988281,-8.52335791015625,-17.5,-6.341463414634147,-31.951219512195124,44.441764705882356
3.6959691089998614,3.1268273681640624,19.310433489990235,4.199429711914062,-57.560975609756106,-13.597560975609758,-12.439024390243903,44.459411764705884
3.709751849999975,1.159990704345703,3.921702319335937,1.993172882080078,-3.1097560975609757,-5.426829268292684,-24.085365853658537,44.43
3.7234912199999144,1.1049240661621094,2.962824554443359,3.5697546752929687,30.0609756097561,5.487804878048781,-23.902439024390247,44.41823529411765
3.7372373129999232,1.3718775512695311,2.987963671875,-1.9943699829101562,24.512195121951223,15.000000000000002,-20.182926829268293,44.447647058823534
3.7510018129999025,0.4800374328613281,14.118607189941406,5.310339282226562,50.79268292682927,28.353658536585368,-38.53658536585366,44.441764705882356
3.764765701999977,5.925649108886718,19.61270144958496,1.7597382202148437,-3.2926829268292686,53.29268292682927,47.07317073170732,44.447647058823534
3.778505424000059,-0.2166752502441406,-2.5258827514648434,2.9939491760253905,30.426829268292686,51.82926829268293,65.67073170731707,44.459411764705884
3.7922747759998856,-4.428075970458984,12.454637036132812,0.44891281127929683,-19.02439024390244,44.146341463414636,62.13414634146342,44.43
3.80602927599989,-0.74699091796875,19.61270144958496,-6.194996795654297,-27.987804878048784,-10.975609756097562,-14.939024390243905,44.43
3.819784109000011,1.2437877624511717,-1.4353238952636718,-2.4001871643066406,-33.90243902439025,-21.585365853658537,-25.975609756097562,44.43588235294118
3.8335281829999985,1.6208745239257811,4.848258361816406,-1.5370774658203123,-34.207317073170735,-16.158536585365855,-13.231707317073171,44.447647058823534
3.847271757000044,1.01514150390625,3.5482068603515624,-3.42849677734375,26.09756097560976,-27.926829268292686,-23.59756097560976,44.447647058823534
3.8610319609999806,1.4018050720214843,1.0666168395996094,-3.499125726318359,27.926829268292686,-17.31707317073171,-31.158536585365855,44.459411764705884
3.8747717019998618,0.6009446166992187,11.853692419433592,-0.06943184814453125,20.54878048780488,-4.878048780487806,-24.695121951219516,44.447647058823534
3.888506738999922,1.0702081420898437,2.2086510314941403,1.801636749267578,79.63414634146342,13.04878048780488,6.2804878048780495,44.447647058823534
3.9022533869999734,-3.318363500976562,19.61270144958496,3.584119885253906,-73.23170731707317,71.28048780487805,42.13414634146342,44.453529411764706
3.916280461000042,-0.5793968017578125,7.864952453613281,3.871424084472656,-19.573170731707318,61.89024390243903,63.78048780487806,44.447647058823534
3.9300562759999593,-3.712209674072265,11.143811627197264,-0.9349357482910156,4.634146341463415,27.439024390243905,58.90243902439025,44.47117647058823
3.9438137570000436,1.7238251953125,19.61270144958496,-1.3096283081054687,-63.963414634146346,-0.853658536585366,-27.987804878048784,44.447647058823534
3.957568924000043,0.47644613037109373,-2.051830822753906,-3.860650177001953,4.75609756097561,-17.378048780487806,-16.28048780487805,44.441764705882356
3.971314293999967,2.138022082519531,-7.181407879638671,-7.492654095458984,2.25609756097561,-11.036585365853659,-20.243902439024392,44.41823529411765
3.985158719999845,1.1109095703125,15.253458776855467,1.0139444030761717,-4.085365853658537,5.060975609756098,-25.243902439024392,44.43588235294118
3.9989550899999813,0.5374982727050781,2.223016241455078,2.5234885498046875,28.658536585365855,17.804878048780488,-38.59756097560976,44.441764705882356
4.012728108999909,0.30526071166992186,12.030863342285155,2.117671368408203,10.365853658536587,19.451219512195124,-36.40243902439025,44.441764705882356
4.02647470099987,0.8547299926757812,12.945448376464842,2.4863784240722655,51.03658536585366,44.87804878048781,0.3658536585365854,44.447647058823534
4.04021499800001,-2.900575311279297,8.522160809326172,-7.127538342285156,-58.963414634146346,69.39024390243902,51.89024390243903,44.42411764705882
4.053970682999989,-3.047818713378906,8.763975177001953,2.6898855651855467,-0.06097560975609757,67.7439024390244,42.01219512195122,44.453529411764706
4.067717626999865,-1.180341418457031,-6.177040283203125,-7.875726361083984,49.085365853658544,31.52439024390244,74.75609756097562,44.441764705882356
4.081468757000039,-2.6575638427734374,19.61270144958496,9.00818374633789,-102.07317073170732,-10.30487804878049,-23.475609756097562,44.447647058823534
4.095215090000011,1.7477672119140624,-7.9092451843261715,1.9488801513671874,4.085365853658537,-12.073170731707318,-39.81707317073171,44.43
4.108996200999854,0.7529764221191406,13.760674041748047,-1.9608511596679685,-29.939024390243905,-2.3170731707317076,-24.878048780487806,44.441764705882356
4.124213498000017,1.43652099609375,2.2685060729980466,-4.355052819824219,25.121951219512198,-7.987804878048781,-32.01219512195122,44.441764705882356
4.139513571999942,1.7992425476074219,7.473500482177734,0.23343466186523437,9.573170731707318,0.9756097560975611,-29.573170731707318,44.43588235294118
4.15485055299996,0.19512743530273435,12.056002459716796,-5.831078143310546,19.512195121951223,13.414634146341465,-28.719512195121954,44.453529411764706
4.170148015999985,-2.31758720703125,19.61270144958496,-2.5917232971191404,-54.024390243902445,67.01219512195122,37.743902439024396,44.43588235294118
4.185481645999971,-0.25258827514648435,3.438073583984375,3.83072265625,0.12195121951219513,50.00000000000001,50.1219512195122,44.43588235294118
4.200805589999845,-2.518700146484375,5.549759448242187,-3.7900212280273435,17.134146341463417,22.926829268292686,65.1829268292683,44.441764705882356
4.21554412699993,-8.013392956542969,19.61270144958496,10.93072767944336,61.463414634146346,-23.658536585365855,-21.28048780487805,44.43
4.229299738000009,0.853532891845703,-8.282740643310547,4.314351391601562,-12.378048780487806,-18.353658536585368,-33.84146341463415,44.447647058823534
4.243067719999999,1.456871710205078,-1.121683477783203,-3.0909143432617188,20.731707317073173,-21.707317073170735,-13.658536585365855,44.453529411764706
4.256815275000008,0.7493851196289062,-5.759252093505859,-6.5577183471679685,61.15853658536586,-10.121951219512196,-40.0609756097561,44.42411764705882
4.270553052999958,2.2948422912597657,13.320140936279296,4.31554849243164,30.60975609756098,0.3658536585365854,-35.85365853658537,44.42411764705882
4.284309941999936,1.0199299072265624,-0.9624690673828125,-0.6440402465820312,46.03658536585366,1.6463414634146343,-41.34146341463415,44.441764705882356
4.298053719999871,-6.974309436035155,19.61270144958496,2.931699932861328,-62.50000000000001,42.43902439024391,51.15853658536586,44.43588235294118
4.311823497999967,0.7912836486816406,1.7585411193847655,1.0103531005859374,30.000000000000004,46.89024390243903,60.1219512195122,44.441764705882356
4.325563590000002,-4.80755693359375,5.0385973937988275,-5.275623358154297,-60.91463414634147,26.58536585365854,47.743902439024396,44.41823529411765
4.339350071999888,-1.6316484313964843,3.921702319335937,-3.5015199279785154,49.87804878048781,3.5975609756097566,64.39024390243902,44.43
4.353122719999874,6.257246038818359,19.61270144958496,1.2437877624511717,-110.48780487804879,-26.28048780487805,-36.951219512195124,44.43
4.366867035000041,0.33399113159179683,5.967547637939453,3.0214824951171875,-21.097560975609756,-25.48780487804878,-40.97560975609756,44.43588235294118
4.380619478999961,1.7896657409667969,6.426037255859375,-2.5617957763671875,-43.04878048780488,-25.0609756097561,-31.03658536585366,44.447647058823534
4.394363201000033,0.7350199096679687,11.82376489868164,2.8227637573242186,3.4756097560975614,-29.26829268292683,-35.426829268292686,44.453529411764706
4.408111626999926,1.0654197387695312,1.8519149841308593,-1.1480196960449218,57.43902439024391,-3.780487804878049,-40.60975609756098,44.447647058823534
4.422956015999944,0.9959878906249999,3.954024041748047,-1.66636435546875,51.951219512195124,8.719512195121952,-41.58536585365854,44.441764705882356
4.43825257200001,-7.595604766845702,5.413289953613281,-5.66946953125,-39.93902439024391,32.926829268292686,51.463414634146346,44.447647058823534
4.453551274999882,-0.5865794067382812,10.797849487304687,4.633977313232422,-4.817073170731708,32.926829268292686,38.84146341463415,44.46529411764706
4.468855922999865,-1.1432312927246093,-3.1675287963867187,-4.717774371337891,24.573170731707318,19.207317073170735,61.03658536585366,44.459411764705884
4.484159015999921,-1.3587094421386718,11.311405743408203,-0.7493851196289062,67.13414634146342,-1.7682926829268295,-25.975609756097562,44.441764705882356
4.499459145999936,2.7665000183105466,-3.604470599365234,-7.4962453979492185,-20.853658536585368,-34.024390243902445,-37.6829268292683,44.447647058823534
4.514571811999986,1.7788918334960937,19.09016693725586,-5.9591679321289055,-57.07317073170732,-39.81707317073171,-32.31707317073171,44.453529411764706
4.528319756999963,2.0566192260742184,13.110648291015623,2.770091320800781,20.365853658536587,-11.097560975609756,-41.951219512195124,44.43
4.542061793999892,1.3754688537597655,9.105148913574219,1.523909356689453,22.865853658536587,1.6463414634146343,-51.463414634146346,44.42411764705882
4.555793848999883,1.0295067138671874,19.61270144958496,-1.2378022583007813,39.93902439024391,21.951219512195124,22.25609756097561,44.42411764705882
4.569551646000036,-2.213439434814453,-2.8407202697753906,-1.9752163696289062,3.780487804878049,29.02439024390244,70.0,44.447647058823534
4.583293885999865,-1.7753005310058592,9.649829791259766,1.399410870361328,-19.146341463414636,27.195121951219516,34.08536585365854,44.447647058823534
4.597030422999978,0.2825157958984375,12.694057202148437,2.9987375793457027,-36.58536585365854,28.53658536585366,46.524390243902445,44.43
4.610793274999878,-0.5734112976074218,0.47644613037109373,-1.061828436279297,50.0609756097561,11.76829268292683,67.07317073170732,44.46529411764706
4.624548830999856,-11.70884321899414,19.61270144958496,-3.383006945800781,-16.52439024390244,-41.03658536585366,-26.402439024390247,44.453529411764706
4.6383045899999615,0.009576806640625,-4.910507604980468,-4.502296221923828,13.414634146341465,-38.59756097560976,-38.170731707317074,44.441764705882356
4.652385922999883,2.319981408691406,9.543287817382812,-0.354341845703125,-3.4756097560975614,-36.03658536585366,-42.5609756097561,44.453529411764706
4.666164070999912,2.7186159851074216,1.6041151123046875,-4.863820672607422,5.426829268292684,-15.609756097560977,-49.39024390243903,44.441764705882356
4.679889552999839,1.5155296508789062,3.6768951995849606,4.3442789123535155,67.6219512195122,11.158536585365855,-10.365853658536587,44.447647058823534
4.693890275000058,-0.9624690673828125,13.300987322998045,-11.162965240478515,-98.96341463414635,33.65853658536586,34.390243902439025,44.46529411764706
4.707715589999907,-0.25737667846679685,6.992265948486327,3.812766143798828,-31.280487804878053,29.695121951219516,45.36585365853659,44.42411764705882
4.722290793999946,-1.638831036376953,19.61270144958496,4.729745379638672,-6.2804878048780495,19.634146341463417,41.768292682926834,44.441764705882356
4.73758718299996,-0.7876923461914062,-2.9568390502929685,-5.092466931152344,53.90243902439025,5.060975609756098,60.00000000000001,44.42411764705882
4.752900423000028,-1.7298106994628906,19.61270144958496,-8.00022484741211,-47.743902439024396,-42.987804878048784,-25.792682926829272,44.43
4.7683310529998835,0.0047884033203125,7.70573804321289,2.002749688720703,-10.914634146341465,-48.170731707317074,-34.57317073170732,44.447647058823534
4.783657904999927,2.7617116149902343,17.641674932861328,5.0182466796875,-55.54878048780488,-34.390243902439025,-37.01219512195122,44.459411764705884
4.798971793999954,1.24498486328125,0.6105214233398437,-2.231395947265625,55.91463414634147,-13.04878048780488,-59.75609756097562,44.43
4.814274293999915,0.8786720092773437,19.38225953979492,6.021417175292968,-13.902439024390246,-13.841463414634148,15.914634146341465,44.441764705882356
4.828300793999915,-0.7338228088378905,2.627636322021484,-5.2624552490234375,-14.939024390243905,29.32926829268293,39.207317073170735,44.43588235294118
4.842047033999961,-0.8547299926757812,6.995857250976562,2.142810485839844,-22.073170731707318,16.402439024390244,59.39024390243903,44.453529411764706
4.85578227499991,-1.8148048583984373,-0.3435679382324219,-5.53539423828125,-16.951219512195124,-3.780487804878049,42.43902439024391,44.441764705882356
4.869539570999905,-0.8475473876953125,6.050147595214844,1.7681179260253905,38.23170731707317,-1.2804878048780488,68.53658536585367,44.447647058823534
4.883284756999956,-1.158793603515625,14.566322900390624,2.7724855224609373,20.0,-19.207317073170735,-4.939024390243903,44.459411764705884
4.89702510799998,3.5386300537109374,-3.3602620300292965,-7.753622076416015,-0.12195121951219513,-42.926829268292686,-40.426829268292686,44.453529411764706
4.910782070999858,1.916558428955078,19.03749450073242,1.9129671264648436,10.487804878048781,-30.670731707317074,-29.939024390243905,44.453529411764706
4.924516368000013,0.5626373901367188,-3.469198205566406,-3.2034418212890623,-12.865853658536587,-16.70731707317073,-45.85365853658537,44.447647058823534
4.938278811999908,0.38307226562499996,1.2473790649414063,0.00718260498046875,25.792682926829272,-10.365853658536587,-64.51219512195122,44.459411764705884
4.952029552999875,1.235408056640625,19.61270144958496,-1.3347674255371094,-48.47560975609756,44.81707317073171,10.670731707317074,44.453529411764706
4.965755255999966,0.6871358764648438,1.5502455749511719,-2.6946739685058594,-27.865853658536587,43.23170731707317,30.0609756097561,44.459411764705884
4.979508348999843,-2.051830822753906,3.852270471191406,-1.0893617553710937,-23.231707317073173,25.426829268292686,48.35365853658537,44.447647058823534
4.993254922999995,-1.1192892761230469,5.904101293945312,-4.783614916992187,-8.719512195121952,11.76829268292683,39.75609756097561,44.441764705882356
5.00699705299985,-0.7134720947265625,10.090362896728514,3.465606903076172,18.353658536585368,-7.926829268292684,68.59756097560977,44.47117647058823
