0.03547192599990012,-10.824185705566405,12.09191548461914,-5.498284112548828,-66.46341463414635,-14.146341463414636,1.524390243902439,47.20058823529412
0.05539395399955538,1.2904746948242187,2.8371289672851563,-1.5155296508789062,-35.670731707317074,-2.3170731707317076,1.2804878048780488,47.19470588235294
0.07531944399988788,4.879382983398437,6.737283471679687,-1.7202338928222656,-29.87804878048781,10.121951219512196,-6.036585365853659,47.19470588235294
0.09057319799967445,0.36750995483398435,14.135366601562499,2.384624853515625,-0.7926829268292683,4.51219512195122,-11.890243902439025,47.18882352941176
0.1073883939998268,-1.7238251953125,8.659827404785156,0.13646949462890623,16.890243902439025,-4.634146341463415,3.658536585365854,47.177058823529414
0.12720373799993467,0.7457938171386719,7.053318090820312,-0.6572083557128906,32.13414634146342,-5.7926829268292686,-3.353658536585366,47.18294117647059
0.1469944899999973,-0.9624690673828125,8.29950005493164,-0.5339069702148437,49.51219512195122,4.329268292682928,-1.8902439024390245,47.20058823529412
0.1669488139996247,2.288856787109375,19.61270144958496,-4.328716601562499,13.29268292682927,41.82926829268293,79.32926829268294,47.20058823529412
0.18683226899975125,2.9927520751953125,0.40462008056640625,0.30526071166992186,-38.59756097560976,-9.207317073170733,4.329268292682928,47.21235294117647
0.20688722099976076,2.9795839660644527,9.052476477050782,-3.2118215270996093,-24.81707317073171,-1.5853658536585367,0.3658536585365854,47.20647058823529
0.22688526599995384,0.06105214233398437,2.0554221252441405,0.7062894897460937,-9.451219512195122,19.75609756097561,-11.707317073170733,47.18882352941176
0.24685090499997386,-1.6807295654296874,12.714407916259765,1.7585411193847655,-8.902439024390244,-2.8658536585365857,-5.3048780487804885,47.19470588235294
0.26701718899994376,-0.22026655273437498,8.91840118408203,-0.33518823242187495,20.670731707317074,-5.731707317073171,-3.963414634146342,47.18882352941176
0.28710177099992507,-0.9959878906249999,6.059724401855468,-0.5135562561035156,49.32926829268293,5.0,-8.475609756097562,47.19470588235294
0.30685231899997234,2.031480108642578,8.476670977783202,-2.136824981689453,74.08536585365854,12.317073170731708,15.487804878048783,47.177058823529414
0.326853827999912,-3.403357659912109,13.334506146240233,-7.711723547363281,-30.30487804878049,-2.987804878048781,-15.365853658536587,47.18882352941176
0.34683391099997607,1.6112977172851561,6.452373474121093,-1.3000515014648437,-57.07317073170732,8.597560975609756,7.134146341463415,47.19470588235294
0.3668780479997622,2.395398760986328,3.824737152099609,-3.440467785644531,-27.439024390243905,14.634146341463415,-5.609756097560976,47.18294117647059
0.38683294599968576,-0.19512743530273435,11.755530151367187,1.8028338500976562,-9.02439024390244,10.853658536585368,-8.231707317073171,47.19470588235294
0.4068343809999533,-1.3587094421386718,6.852205151367187,1.301248602294922,18.29268292682927,-2.073170731707317,-2.073170731707317,47.19470588235294
0.4268370739996499,0.3591302490234375,7.495048297119141,-0.729034405517578,39.63414634146342,5.975609756097562,-4.817073170731708,47.20058823529412
0.44683526799963147,0.36750995483398435,2.3714567443847656,-2.8036101440429686,72.07317073170732,4.573170731707317,-1.1585365853658538,47.230000000000004
0.4668923869999162,-13.849259503173828,19.61270144958496,-10.380061297607421,-46.58536585365854,3.414634146341464,10.060975609756099,47.18882352941176
0.4868483959999139,1.1073182678222655,-0.49799394531249996,-1.8926164123535154,-41.768292682926834,-0.12195121951219513,9.695121951219512,47.20058823529412
0.5071734559996912,4.544194750976562,18.321628204345703,-1.4401122985839843,-30.000000000000004,3.8414634146341466,-10.548780487804878,47.20647058823529
0.5270830209997257,0.27892449340820313,5.6012347839355465,-0.239420166015625,-22.682926829268293,3.536585365853659,-5.426829268292684,47.18882352941176
0.5471316399998614,0.15203180541992187,12.033257543945313,0.6236895324707031,-0.7317073170731708,-0.24390243902439027,-3.8414634146341466,47.19470588235294
0.5670858529997531,0.13287819213867186,8.440757952880858,0.6392518432617187,33.29268292682927,0.1829268292682927,-3.9024390243902443,47.177058823529414
0.5870865099996081,0.1927332336425781,4.99909306640625,-0.8008604553222656,60.1829268292683,2.6219512195121952,-5.3048780487804885,47.15352941176471
0.6070949439999822,3.383006945800781,19.61270144958496,-6.736086370849609,38.71951219512196,36.09756097560976,61.585365853658544,47.21823529411765
0.6270999159996791,1.274912384033203,2.2876596862792966,-1.638831036376953,-59.39024390243903,-2.682926829268293,5.0,47.230000000000004
0.647102053999788,3.020285394287109,9.466673364257812,-1.3730746520996093,-23.963414634146343,-0.426829268292683,-2.6219512195121952,47.21235294117647
0.6671011729999918,0.6344634399414062,5.944802722167968,-1.8519149841308593,-24.695121951219516,18.53658536585366,-7.8048780487804885,47.18882352941176
0.6871225699997012,-1.8088193542480469,14.058752148437499,-1.7130512878417967,-21.707317073170735,4.146341463414634,-5.487804878048781,47.171176470588236
0.7071013569998286,0.2059013427734375,3.2788591735839843,0.6308721374511719,42.31707317073171,3.353658536585366,-5.975609756097562,47.20058823529412
0.7271415869995508,-0.6093243225097655,5.0948611328124995,-0.3746925598144531,52.5609756097561,3.658536585365854,-7.682926829268293,47.20647058823529
0.7471028549998664,1.7573440185546874,2.483984222412109,-5.051765502929687,92.92682926829269,9.207317073170733,9.26829268292683,47.177058823529414
0.7671609739995802,-3.210624426269531,11.711237420654296,-4.220977526855468,-51.951219512195124,-9.26829268292683,-13.841463414634148,47.20058823529412
0.7871070019996296,1.5418658691406248,6.041767889404296,-4.23893403930664,-49.207317073170735,3.9024390243902443,7.378048780487806,47.21823529411765
0.8072041579998768,3.066972326660156,4.398148449707031,-0.7577648254394531,-24.146341463414636,10.182926829268293,-5.731707317073171,47.18882352941176
0.8271368889995756,-0.2813186950683594,10.934318981933593,-2.5342624572753905,-19.512195121951223,12.134146341463415,-7.926829268292684,47.20058823529412
0.8471146569995653,-0.16519991455078123,4.029441394042968,-1.4161702819824218,17.5,1.1585365853658538,-6.707317073170732,47.19470588235294
0.8671705169999768,0.277727392578125,7.214926702880859,-0.7984662536621093,33.59756097560976,10.487804878048781,-1.9512195121951221,47.18882352941176
0.887121914999625,0.11731588134765625,4.684255548095702,-1.5873557006835937,82.13414634146342,10.792682926829269,-8.536585365853659,47.18882352941176
0.9071197379998921,-11.089942089843749,19.61270144958496,-12.038045947265624,-53.90243902439025,-1.4634146341463417,-5.853658536585367,47.18882352941176
0.9271179869997468,-0.16998831787109375,0.5231330627441406,-0.8930372192382812,-48.41463414634147,-2.439024390243903,2.7439024390243905,47.21235294117647
0.9471191629995701,2.3307553161621093,19.61270144958496,-0.6512228515624999,-34.451219512195124,7.134146341463415,-2.439024390243903,47.16529411764706
0.9671353379999346,0.9888052856445312,2.902969512939453,-1.2928688964843749,5.060975609756098,17.804878048780488,-2.073170731707317,47.18882352941176
0.9871195869995972,-0.3136404174804687,10.123881719970703,0.7577648254394531,2.6219512195121952,14.634146341463415,-3.353658536585366,47.19470588235294
1.0071684279996589,-0.14963760375976562,7.4794859863281244,-0.1975216369628906,26.03658536585366,2.6219512195121952,-0.9756097560975611,47.18882352941176
1.0271223999998256,0.33518823242187495,5.1882349975585935,0.07541735229492187,57.6219512195122,5.0,-4.024390243902439,47.18882352941176
1.047195740999996,2.461239306640625,19.61270144958496,-7.82065972290039,47.926829268292686,27.134146341463417,44.87804878048781,47.20647058823529
1.067135453999981,0.2346317626953125,-1.1252747802734375,-3.398569256591797,-53.59756097560976,-10.670731707317074,5.609756097560976,47.19470588235294
1.087136573999942,1.9105729248046874,11.401188305664062,-2.779668127441406,-32.86585365853659,1.0365853658536586,-7.378048780487806,47.19470588235294
1.1071630639999057,0.32441432495117184,5.663484027099609,0.09696516723632811,-13.902439024390246,19.939024390243905,-3.5975609756097566,47.177058823529414
1.1273345329996118,-0.8319850769042968,10.838550915527343,-0.5303156677246094,-8.658536585365855,8.353658536585366,-4.329268292682928,47.20058823529412
1.1472210429997176,-0.9660603698730468,4.759672900390624,-0.15562310791015624,26.82926829268293,2.0121951219512195,-4.573170731707317,47.15941176470588
1.1671379599997636,-0.8894459167480468,8.881291058349609,-0.5027823486328125,41.768292682926834,1.0975609756097562,-2.8658536585365857,47.18294117647059
1.187662313999681,0.35194764404296874,8.86094034423828,-2.9568390502929685,70.91463414634147,0.3658536585365854,4.390243902439025,47.20647058823529
1.2071466059996965,0.11851298217773437,10.793061083984375,-3.1184476623535153,-78.65853658536587,-20.243902439024392,-2.3170731707317076,47.171176470588236
1.2271451519995935,1.6053122131347655,-0.2645592834472656,-1.8926164123535154,-20.670731707317074,-8.109756097560977,13.536585365853659,47.177058823529414
1.2471426789998077,2.7365724975585937,7.435193255615234,-1.8650830932617186,-34.57317073170732,10.30487804878049,-5.670731707317073,47.20647058823529
1.2671426689998952,-0.8391676818847655,11.220426080322264,3.077746234130859,-16.34146341463415,3.536585365853659,-11.829268292682928,47.18294117647059
1.2871456029997717,-1.8291700683593748,5.797559320068359,-0.6811503723144531,20.182926829268293,-11.158536585365855,-1.9512195121951221,47.19470588235294
1.307164425999872,0.6584054565429687,11.244368096923827,1.0091559997558592,35.243902439024396,-2.3170731707317076,-2.6219512195121952,47.19470588235294
1.3274234689997684,0.5183446594238281,5.972336041259766,0.02633621826171875,59.51219512195122,-0.853658536585366,-4.390243902439025,47.18294117647059
1.3471513689996755,-13.571532110595703,19.61270144958496,-6.707355950927734,-72.13414634146342,-10.670731707317074,7.560975609756098,47.177058823529414
1.3671385449997615,0.9193734375,0.5506663818359374,-0.8870517150878906,-42.6219512195122,-17.804878048780488,13.109756097560977,47.19470588235294
1.3871469239998078,6.260837341308593,19.61270144958496,-1.8758570007324218,-47.31707317073171,4.451219512195122,-10.609756097560977,47.19470588235294
1.4071437469997363,0.1975216369628906,4.351461517333984,0.5494692810058593,-1.2195121951219514,20.243902439024392,-7.682926829268293,47.20058823529412
1.427149088999613,-1.4221557861328125,6.89530078125,-1.8088193542480469,5.121951219512195,-6.402439024390245,-4.75609756097561,47.177058823529414
1.4471479489998273,0.44412440795898434,6.131550451660156,-0.6344634399414062,42.5609756097561,-7.926829268292684,-4.451219512195122,47.19470588235294
1.467147568999735,0.30047230834960936,8.49103618774414,0.5602431884765625,51.463414634146346,1.0975609756097562,-7.682926829268293,47.20058823529412
1.4871548549999716,2.213439434814453,19.61270144958496,-3.151966485595703,0.6707317073170732,43.170731707317074,76.40243902439025,47.18294117647059
1.5071554189999006,2.2469582580566403,5.363011718749999,-3.125630267333984,-33.963414634146346,-1.1585365853658538,-1.8902439024390245,47.16529411764706
1.5271528539997234,3.774458917236328,8.461108666992187,-4.129997863769531,-48.41463414634147,5.548780487804878,-6.219512195121951,47.18882352941176
1.5471521769995888,0.5805939025878906,9.387664709472656,0.4010287780761719,-22.743902439024392,10.0,-9.26829268292683,47.171176470588236
1.5671568889997616,-0.5590460876464843,8.166621862792969,-1.8291700683593748,-6.158536585365854,-3.048780487804878,-4.695121951219512,47.19470588235294
1.5871565089996693,-0.13766659545898435,7.905653881835937,2.108094561767578,25.365853658536587,-7.987804878048781,-4.085365853658537,47.18294117647059
1.6071534619995873,0.34237083740234375,6.155492468261718,0.013168109130859374,45.60975609756098,3.9024390243902443,-4.634146341463415,47.18882352941176
1.627163728999676,1.0091559997558592,6.124367846679687,1.351526837158203,82.5609756097561,6.7682926829268295,3.231707317073171,47.18294117647059
1.6471674969998276,-3.6906618591308593,16.390704565429687,-8.570044842529297,-40.304878048780495,-9.146341463414634,-12.073170731707318,47.18294117647059
1.6671671169997353,-0.4608838195800781,5.288791467285156,-1.6053122131347655,-62.07317073170732,1.707317073170732,4.878048780487806,47.177058823529414
1.6871708289995695,2.6599580444335937,12.046425653076172,-0.8487444885253905,-45.00000000000001,3.1097560975609757,-4.573170731707317,47.19470588235294
1.7071682259997942,0.16759411621093748,7.104793426513671,-0.7134720947265625,-0.7926829268292683,2.1951219512195124,-5.7926829268292686,47.20647058823529
1.727170178999586,-0.24301146850585936,3.362656231689453,-1.2856862915039062,33.170731707317074,-5.670731707317073,-3.2926829268292686,47.19470588235294
1.7471717619996525,-0.10893617553710937,10.900800158691405,0.6931213806152343,31.402439024390247,-5.853658536585367,-2.682926829268293,47.19470588235294
1.767168954999761,0.9816226806640624,7.127538342285156,0.22744915771484372,67.43902439024392,0.6097560975609757,-5.3048780487804885,47.19470588235294
1.787173796999923,-12.67250938720703,19.61270144958496,-7.900865478515625,-66.40243902439025,5.975609756097562,1.524390243902439,47.19470588235294
1.807232489999933,0.05386953735351562,0.29089550170898437,-1.3180080139160155,-50.426829268292686,1.829268292682927,4.2682926829268295,47.20647058823529
1.8271754439997494,4.107252947998047,19.457676892089843,1.0630255371093749,-59.69512195121952,8.841463414634147,-5.975609756097562,47.18882352941176
1.847173933999784,0.7433996154785156,6.472724188232421,0.0909796630859375,-6.646341463414635,8.841463414634147,-8.597560975609756,47.18294117647059
1.867197367999779,0.11133037719726561,5.323507391357421,-1.7369933044433592,19.695121951219512,-0.9756097560975611,-2.378048780487805,47.20058823529412
1.8871819509995476,0.9983820922851562,8.766369378662109,0.40462008056640625,34.57317073170732,1.2195121951219514,-2.5,47.16529411764706
1.9071764779996556,0.17956512451171874,9.042899670410156,0.9852139831542969,49.085365853658544,2.7439024390243905,-7.25609756097561,47.19470588235294
1.927178597999955,-3.987542864990234,19.61270144958496,-0.058657940673828124,-27.5609756097561,40.1829268292683,68.59756097560977,47.18294117647059
1.9474552509996101,1.7968483459472655,1.8926164123535154,-0.9050082275390624,-30.792682926829272,1.7682926829268295,5.182926829268293,47.18294117647059
1.9671838549998029,4.112041351318359,11.324573852539062,-3.6296097167968746,-39.390243902439025,-1.5853658536585367,-4.817073170731708,47.19470588235294
1.9872024749997763,1.3096283081054687,7.287949853515625,-1.045069024658203,-13.170731707317074,7.743902439024391,-6.890243902439025,47.18882352941176
2.0071838169997136,-1.1707646118164061,9.690531219482422,0.17238251953125,4.878048780487806,4.024390243902439,-2.25609756097561,47.18294117647059
2.0271857329998966,-0.1580173095703125,8.034940771484374,0.4944026428222656,31.58536585365854,8.719512195121952,-2.3170731707317076,47.19470588235294
2.0471798339999623,0.2645592834472656,7.813477117919922,0.5566518859863281,44.268292682926834,9.634146341463415,-1.6463414634146343,47.20647058823529
2.067175156999838,4.4376527770996095,17.226280944824218,-4.499902020263671,62.560975609756106,26.03658536585366,48.84146341463415,47.20058823529412
2.087196794999727,1.388636962890625,7.043741284179687,-3.171120098876953,-63.17073170731708,-2.7439024390243905,-2.3170731707317076,47.20647058823529
2.1071898039999724,2.6850971618652344,0.5889736083984375,-3.1651345947265623,-17.31707317073171,5.182926829268293,12.134146341463415,47.18882352941176
2.12719331199969,1.917755529785156,6.694187841796874,-2.0877438476562498,-45.91463414634147,13.597560975609758,-4.695121951219512,47.177058823529414
2.1471917469998516,0.5506663818359374,8.343792785644531,2.2780828796386716,3.8414634146341466,11.463414634146343,-6.219512195121951,47.21235294117647
2.167193106999548,-0.9229647399902343,10.037690460205077,0.7721300354003906,14.695121951219514,-2.439024390243903,-1.1585365853658538,47.171176470588236
2.1871931519999634,0.2549824768066406,6.979097839355468,-1.1659762084960936,45.73170731707317,-4.085365853658537,-0.7926829268292683,47.171176470588236
2.2071918649999134,0.09457096557617187,5.604826086425781,-0.28969840087890625,80.97560975609757,3.5975609756097566,2.3170731707317076,47.19470588235294
2.2272313909998047,0.7386112121582031,12.234370483398436,-4.040215301513672,-89.93902439024392,-14.451219512195124,-6.097560975609756,47.18294117647059
2.247199399999772,0.6739677673339843,0.7445967163085937,-1.7166425903320313,-30.853658536585368,-2.1341463414634148,12.987804878048781,47.18882352941176
2.267198537999775,3.4261025756835934,8.585607153320312,-1.8662801940917968,-45.670731707317074,17.378048780487806,-5.3048780487804885,47.19470588235294
2.287427543999911,-0.2825157958984375,8.760383874511719,0.2920926025390625,-4.024390243902439,10.121951219512196,-4.817073170731708,47.19470588235294
2.307218776999889,0.33039982910156246,8.334215979003906,-0.17836802368164062,7.134146341463415,5.121951219512195,-2.804878048780488,47.18294117647059
2.327237822999905,0.36631285400390623,11.25514200439453,1.2306196533203124,44.63414634146342,5.914634146341464,3.4756097560975614,47.20058823529412
2.347210034999989,0.6093243225097655,4.6639048339843745,-0.38307226562499996,72.6219512195122,1.829268292682927,-1.2195121951219514,47.18882352941176
2.367208580999886,-9.628281976318359,19.61270144958496,-9.720458740234374,-57.13414634146342,-6.890243902439025,-8.231707317073171,47.18294117647059
2.3872045149996666,1.7573440185546874,0.5793968017578125,-1.0175357055664063,-44.268292682926834,-1.5853658536585367,14.329268292682928,47.18294117647059
2.4072019129998807,4.444835382080078,14.800954663085937,-2.094926452636719,-44.08536585365854,2.8658536585365857,-6.707317073170732,47.20647058823529
2.427215253999748,0.5470750793457031,5.875370874023437,-0.41539398803710936,-1.1585365853658538,7.682926829268293,-7.134146341463415,47.20058823529412
2.4472157259997402,-0.5147533569335937,8.327033374023436,0.17238251953125,16.463414634146343,-0.9146341463414634,4.695121951219512,47.18294117647059
2.4672231969998393,0.8690952026367187,6.556521246337891,-0.6416460449218749,42.19512195121951,-4.51219512195122,-1.829268292682927,47.177058823529414
2.487224853999578,-0.00718260498046875,9.830592016601562,0.037110125732421874,48.71951219512196,7.378048780487806,-0.12195121951219513,47.177058823529414
2.5072184919999927,0.11013327636718749,19.61270144958496,-7.299920861816406,22.012195121951223,30.853658536585368,53.04878048780488,47.20058823529412
2.527221888999975,2.2541408630371094,-1.0630255371093749,-0.4560954162597656,-58.23170731707317,-13.109756097560977,7.560975609756098,47.171176470588236
2.5472211199999037,1.8028338500976562,7.018602166748046,-2.24097275390625,-10.121951219512196,-3.414634146341464,1.0975609756097562,47.21235294117647
2.5672225359999175,0.27892449340820313,1.4939818359375,-2.6324247253417967,-0.426829268292683,26.03658536585366,-6.646341463414635,47.19470588235294
2.5872237849998783,-0.9469067565917968,15.272612390136718,2.3163901062011716,-16.646341463414636,6.7682926829268295,-8.536585365853659,47.20647058823529
2.607211367999753,-0.08259995727539061,2.291250988769531,-2.081758343505859,43.29268292682927,-5.548780487804878,-2.987804878048781,47.18882352941176
2.627223412999683,-0.3591302490234375,6.637924102783202,-1.5394716674804687,46.646341463414636,2.25609756097561,-6.707317073170732,47.18882352941176
2.647221606999665,6.248866333007812,19.61270144958496,-3.436876483154297,66.95121951219512,23.170731707317074,46.09756097560976,47.19470588235294
2.667224041999816,2.070984436035156,7.698555438232422,-4.3801919372558595,-31.89024390243903,-5.731707317073171,-10.182926829268293,47.18294117647059
2.6872287169999254,0.93852705078125,9.351751684570312,-2.009932293701172,-57.865853658536594,3.1097560975609757,2.378048780487805,47.18294117647059
2.707229854999696,0.9433154541015625,4.013879083251953,-1.3754688537597655,-20.60975609756098,11.036585365853659,-6.646341463414635,47.20058823529412
2.7272363079996467,-2.2086510314941403,10.657788690185546,-0.14484920043945312,-7.987804878048781,-0.9146341463414634,-6.585365853658537,47.20058823529412
2.7472345379997023,-0.9660603698730468,7.972691528320312,0.47644613037109373,30.182926829268297,-6.036585365853659,-4.207317073170732,47.18882352941176
2.7672350099996947,0.46686932373046874,6.616376287841796,-1.071405242919922,44.81707317073171,4.695121951219512,-4.634146341463415,47.19470588235294
2.787233962999835,0.30406361083984373,5.370194323730469,-0.2537853759765625,79.14634146341464,7.134146341463415,0.12195121951219513,47.20058823529412
2.80727472999979,-6.906074688720703,19.61270144958496,-7.9846625366210935,-66.95121951219512,-13.597560975609758,-13.109756097560977,47.18882352941176
2.8272179799996593,2.3834277526855465,4.632780212402343,-0.15322890625,-47.987804878048784,-1.524390243902439,10.670731707317074,47.19470588235294
2.8472270999996,3.7624879089355465,12.606668841552734,-1.4508862060546874,-40.1219512195122,-0.6707317073170732,-3.048780487804878,47.21235294117647
2.86726082999985,1.5406687683105469,8.330624676513672,0.8212111694335937,-6.2804878048780495,5.548780487804878,-6.341463414634147,47.21235294117647
2.8872503569996297,-0.6596025573730468,3.42849677734375,-2.076969940185547,19.085365853658537,-2.682926829268293,-4.817073170731708,47.19470588235294
2.9072590689997924,-1.5885528015136718,9.261969122314452,-0.4908113403320312,31.951219512195124,-1.1585365853658538,-5.7926829268292686,47.19470588235294
2.92724281899973,-0.11013327636718749,5.1140147460937495,-1.1480196960449218,71.03658536585367,0.0,-7.560975609756098,47.18294117647059
2.9472409009999865,-12.23915888671875,19.61270144958496,-6.275202551269531,-50.91463414634147,17.743902439024392,20.426829268292686,47.20058823529412
2.967242317,1.8567033874511718,4.1754876953124995,-0.5099649536132812,-36.707317073170735,3.353658536585366,4.573170731707317,47.177058823529414
2.9872429179999926,4.487931011962891,14.354436053466795,-1.0319009155273438,-56.03658536585366,2.5,-5.975609756097562,47.18882352941176
3.0072447969996574,0.5303156677246094,8.511386901855468,-1.052251629638672,-17.621951219512198,6.585365853658537,-8.353658536585366,47.20058823529412
3.0272468059997664,-1.025915411376953,5.280411761474609,-1.5921441040039062,13.04878048780488,-1.5853658536585367,-2.5,47.21235294117647
3.047248665999632,1.0845733520507812,9.362525592041015,-0.20350714111328125,33.78048780487805,-0.3658536585365854,-2.8658536585365857,47.19470588235294
3.06724743399991,-0.07422025146484375,8.8872765625,0.08379705810546874,53.78048780487806,2.378048780487805,-7.317073170731708,47.18294117647059
3.087254682999628,-2.4157494750976563,19.61270144958496,0.5446808776855468,-29.695121951219516,40.85365853658537,78.04878048780489,47.18294117647059
3.1072544319999906,2.2744915771484373,2.1487959899902345,-1.2868833923339842,-30.000000000000004,0.853658536585366,2.3170731707317076,47.177058823529414
3.127255032999983,4.284423870849609,12.374431280517577,-3.835511059570312,-46.58536585365854,-0.30487804878048785,-5.853658536585367,47.20647058823529
3.14725480099969,1.1145008728027344,8.309076861572265,-0.2059013427734375,-32.743902439024396,6.219512195121951,-7.378048780487806,47.20058823529412
3.1672562359999574,-0.6416460449218749,9.340977777099608,1.2138602416992186,5.548780487804878,3.780487804878049,-0.7317073170731708,47.21235294117647
3.187255984999865,0.47644613037109373,8.538920220947265,1.1731588134765625,29.451219512195124,8.719512195121952,-1.8902439024390245,47.21235294117647
3.2072548449996248,0.5243301635742187,8.175001568603514,0.7697358337402344,43.170731707317074,9.26829268292683,-1.0365853658536586,47.19470588235294
3.2272634089999883,0.86191259765625,5.542576843261719,-2.1894974182128903,81.52439024390245,13.475609756097562,17.195121951219512,47.18882352941176
3.2472649359997376,0.5243301635742187,8.238447912597655,-4.049792108154296,-86.03658536585367,-6.890243902439025,-5.548780487804878,47.20647058823529
3.267265388999931,2.0470424194335934,-0.4477157104492187,-2.261323468017578,-10.487804878048781,1.0975609756097562,9.26829268292683,47.18294117647059
3.287271359999977,2.4576480041503905,9.79946739501953,-0.4285620971679687,-55.00000000000001,15.670731707317074,-7.317073170731708,47.20647058823529
3.307268942999599,1.3096283081054687,7.637503295898437,0.0143652099609375,2.378048780487805,13.963414634146343,-3.4756097560975614,47.18882352941176
3.3273178029999144,-0.5111620544433594,7.022193469238281,0.31004911499023435,22.500000000000004,4.085365853658537,-0.7926829268292683,47.19470588235294
3.347698083999603,-0.07900865478515624,8.769960681152343,-0.2657563842773437,38.170731707317074,1.1585365853658538,-0.5487804878048781,47.20647058823529
3.367353763999745,0.21068974609375,5.268440753173828,-0.06703764648437499,77.43902439024392,3.7195121951219514,-0.30487804878048785,47.20647058823529
3.387720545999855,0.31962592163085934,15.369577557373045,-3.284844677734375,-99.20731707317074,-22.5609756097561,-6.463414634146342,47.18294117647059
3.4073237629995674,-0.14484920043945312,1.2318167541503906,-0.41419688720703124,-33.53658536585366,-12.134146341463415,8.902439024390244,47.19470588235294
3.4272919379995983,2.6336218261718747,17.259799768066404,1.6053122131347655,-59.146341463414636,5.3048780487804885,-2.25609756097561,47.21235294117647
3.4472736689999692,-0.05746083984375,5.358223315429687,-0.8750807067871094,7.25609756097561,10.609756097560977,-5.182926829268293,47.18294117647059
3.4672721959996124,0.25139117431640623,10.10712230834961,-0.7553706237792969,5.731707317073171,7.865853658536586,-3.1707317073170733,47.18882352941176
3.4872637049998048,0.49799394531249996,10.229226593017577,1.2808978881835937,48.78048780487805,6.585365853658537,4.146341463414634,47.18882352941176
3.507280620999609,0.044292730712890624,5.653907220458984,-0.023942016601562498,66.03658536585367,0.6097560975609757,-0.1829268292682927,47.21823529411765
3.52728198099976,-7.220912207031249,19.61270144958496,-10.820594403076171,-60.304878048780495,-16.219512195121954,-6.097560975609756,47.20647058823529
3.5473020819999874,0.8870517150878906,-1.4784195251464842,-0.9612719665527343,-61.524390243902445,-15.243902439024392,5.609756097560976,47.18294117647059
3.567289182999957,1.7178396911621092,19.61270144958496,-1.5406687683105469,-42.13414634146342,-0.5487804878048781,-7.073170731707318,47.18882352941176
3.58729219199995,-0.017956512451171875,5.529408734130859,-0.22266075439453123,1.524390243902439,8.78048780487805,-6.097560975609756,47.18294117647059
3.6072759779999615,-0.9564835632324218,10.32978306274414,1.2114660400390624,8.231707317073171,2.5609756097560976,1.0975609756097562,47.20058823529412
3.627274300999943,0.3842693664550781,6.467935784912109,-0.3962403747558593,34.81707317073171,-4.146341463414634,-2.3170731707317076,47.20058823529412
3.647294920999684,0.3938461730957031,6.681019732666015,-0.5327098693847656,54.87804878048781,-2.1341463414634148,-3.658536585365854,47.177058823529414
3.667294947999835,-11.445481036376952,19.61270144958496,-3.8893805969238278,-35.0609756097561,18.170731707317074,38.90243902439025,47.20647058823529
3.6872949379999227,1.131260284423828,0.1304839904785156,-0.9050082275390624,-43.59756097560976,-11.52439024390244,8.292682926829269,47.20058823529412
3.707291871999587,3.535038751220703,14.438233111572265,-3.873818286132812,-18.902439024390244,-0.853658536585366,-6.463414634146342,47.20058823529412
3.727290917999653,0.4429273071289062,5.173869787597656,-0.3435679382324219,-8.170731707317074,20.121951219512198,-9.207317073170733,47.20058823529412
3.7472915929997725,-1.4963760375976562,10.24718310546875,0.4273649963378906,-5.426829268292684,-6.829268292682928,-6.097560975609756,47.20058823529412
3.76729267599967,0.09935936889648436,4.50109912109375,-0.47285482788085936,40.1829268292683,-4.939024390243903,-5.731707317073171,47.18882352941176
3.78729164699962,0.39983167724609375,4.862623571777344,-0.9409212524414062,57.31707317073171,4.085365853658537,-10.609756097560977,47.19470588235294
3.8073222659995736,3.2800562744140622,19.61270144958496,-5.5820811706542965,18.231707317073173,43.23170731707317,83.65853658536587,47.19470588235294
3.827303441999902,3.5517981628417967,6.1447185607910155,-2.8993782104492185,-27.378048780487806,-4.51219512195122,-8.109756097560977,47.18294117647059
3.8472999499999787,1.6651672546386718,11.378443389892578,-2.4289175842285156,-46.34146341463415,0.48780487804878053,-4.024390243902439,47.18882352941176
3.867319309999857,1.083376251220703,8.465897070312499,0.009576806640625,-21.890243902439025,7.195121951219513,-7.500000000000001,47.19470588235294
3.8873081339997952,-1.1851298217773436,9.949104998779296,0.21906945190429686,-11.341463414634147,-2.9268292682926833,-5.853658536585367,47.18882352941176
3.907301123999787,-0.1771709228515625,6.988674645996094,1.1097124694824219,37.80487804878049,-10.914634146341465,-3.353658536585366,47.18294117647059
3.927300594999906,0.8667010009765624,4.516661431884765,-1.1959037292480468,54.085365853658544,-0.6707317073170732,-6.219512195121951,47.20647058823529
3.9472996409999723,3.0166940917968748,8.996212738037109,-0.4333505004882812,71.28048780487805,13.353658536585368,25.975609756097562,47.19470588235294
3.9673032979999334,0.04668693237304687,11.016918939208983,-6.400898138427734,-39.32926829268293,-11.097560975609756,-7.378048780487806,47.19470588235294
3.9873028989995873,2.270900274658203,6.313509777832031,-2.7162217834472653,-58.10975609756098,-5.121951219512195,0.7317073170731708,47.171176470588236
4.007305425999675,2.3678654418945313,9.94072529296875,-0.7721300354003906,-52.01219512195122,1.2804878048780488,-8.78048780487805,47.20647058823529
4.027308470999742,-0.22505495605468748,6.341043096923828,-0.35314474487304687,0.1829268292682927,-1.3414634146341464,-6.585365853658537,47.21235294117647
4.047308053999586,-0.699106884765625,8.182184173583984,0.5901707092285156,24.695121951219516,-8.231707317073171,-6.829268292682928,47.18882352941176
4.067306876999737,-0.14245499877929688,11.107898602294922,1.2126631408691406,29.939024390243905,-6.585365853658537,-7.743902439024391,47.21823529411765
4.0873128299999735,0.6057330200195312,4.748898992919922,-0.23702596435546874,80.60975609756099,0.6707317073170732,-3.963414634146342,47.18882352941176
4.107314115999998,-12.063185064697265,19.61270144958496,-9.014169250488282,-32.31707317073171,6.890243902439025,-1.0365853658536586,47.18294117647059
4.127311420999831,1.4508862060546874,3.859453076171875,-1.061828436279297,-50.36585365853659,5.853658536585367,5.731707317073171,47.20647058823529
4.147315781999623,2.517503045654297,14.834473486328124,-1.4963760375976562,-56.34146341463415,3.414634146341464,-6.7682926829268295,47.16529411764706
4.167315104999943,-0.1975216369628906,4.5693338684082025,-2.3235727111816407,-5.487804878048781,4.878048780487806,-7.926829268292684,47.15352941176471
4.187314798999978,-0.031124621582031248,6.981492041015625,0.023942016601562498,8.109756097560977,1.5853658536585367,-5.975609756097562,47.18882352941176
4.207317510999928,-0.40581718139648437,10.621875665283202,1.3180080139160155,26.34146341463415,2.9268292682926833,-7.25609756097561,47.19470588235294
4.227318852999815,0.49200844116210934,6.19260259399414,0.6212953308105469,61.646341463414636,2.439024390243903,-13.475609756097562,47.20647058823529
4.2473201939997125,-7.211335400390625,12.89636724243164,-2.081758343505859,-23.53658536585366,40.487804878048784,62.865853658536594,47.18294117647059
4.267318350999631,3.585316986083984,5.863399865722656,-0.6380547424316406,-32.01219512195122,6.097560975609756,7.621951219512196,47.20058823529412
4.287329951999709,3.6834792541503902,8.760383874511719,-4.159925384521484,-54.75609756097561,-0.6707317073170732,-7.743902439024391,47.20058823529412
4.307325441999637,0.9708487731933593,5.813121630859374,-0.7386112121582031,-25.792682926829272,-5.2439024390243905,-4.878048780487806,47.15941176470588
4.327332209999895,-1.0654197387695312,9.507374792480467,0.6775590698242188,-5.121951219512195,-1.6463414634146343,-6.585365853658537,47.18294117647059
4.347331717999623,-0.565031591796875,8.783128790283202,0.43454760131835934,25.0609756097561,5.7926829268292686,-5.182926829268293,47.177058823529414
4.367332004999753,0.009576806640625,3.5960908935546874,-0.7625532287597656,33.170731707317074,8.658536585365855,-2.0121951219512195,47.20058823529412
4.3873322719996395,2.436100189208984,19.61270144958496,-7.153874560546875,63.23170731707317,41.768292682926834,63.84146341463415,47.19470588235294
4.407478185999935,2.1643583007812497,1.370680450439453,-0.3890577697753906,-62.560975609756106,4.207317073170732,1.8902439024390245,47.177058823529414
4.427418510999814,1.0283096130371092,7.034164477539062,-3.4261025756835934,-6.7682926829268295,8.231707317073171,9.02439024390244,47.20058823529412
4.44734088999985,1.1863269226074218,2.3319524169921872,-2.5246856506347655,-54.69512195121952,14.085365853658537,-2.073170731707317,47.20058823529412
4.4673372509996625,-0.7912836486816406,10.563217724609375,-0.05626373901367187,6.7682926829268295,10.670731707317074,-6.219512195121951,47.20058823529412
4.4876068299995495,-0.8020575561523438,5.795165118408203,-1.0965443603515623,28.53658536585366,-5.060975609756098,-0.06097560975609757,47.20058823529412
4.507367766999778,0.34237083740234375,6.806715319824218,0.24779987182617186,34.87804878048781,-1.524390243902439,-0.5487804878048781,47.19470588235294
4.527342664999651,1.408987677001953,5.820304235839844,-2.3642741394042965,69.75609756097562,9.756097560975611,23.59756097560976,47.18882352941176
4.547341450999738,0.3076549133300781,4.842272857666015,-4.507084625244141,-90.3658536585366,-17.926829268292686,0.9756097560975611,47.20058823529412
4.567396495999674,2.3415292236328122,3.009511486816406,-0.2657563842773437,-44.08536585365854,-7.865853658536586,12.865853658536587,47.20058823529412
4.587355245999788,0.8798691101074219,4.641159918212891,-3.582922784423828,-48.23170731707317,13.04878048780488,-4.939024390243903,47.177058823529414
4.607367457999771,0.1927332336425781,12.017695233154296,1.4700398193359374,3.414634146341464,7.865853658536586,-4.51219512195122,47.171176470588236
4.627368281999679,-0.5770026000976562,3.1387983764648437,-1.8650830932617186,10.487804878048781,0.5487804878048781,-6.036585365853659,47.19470588235294
4.6473676049999995,-0.7074865905761718,10.500968481445312,0.4333505004882812,55.365853658536594,2.439024390243903,-3.7195121951219514,47.19470588235294
4.6673660579999705,0.22266075439453123,8.110358123779296,0.10893617553710937,71.28048780487805,-1.0365853658536586,1.707317073170732,47.171176470588236
4.687376417999985,0.603338818359375,15.897499023437499,-4.475960003662109,-56.585365853658544,-23.04878048780488,-8.597560975609756,47.18294117647059
4.707375314999808,0.6344634399414062,-1.1659762084960936,-4.112041351318359,-68.59756097560977,-10.670731707317074,13.231707317073171,47.177058823529414
4.727370656999938,3.535038751220703,13.018471527099608,-1.3862427612304686,-31.280487804878053,7.25609756097561,-8.78048780487805,47.19470588235294
4.747414313999798,-1.0905588562011719,9.381679205322266,1.458068811035156,-7.134146341463415,2.073170731707317,-10.731707317073171,47.18294117647059
4.767393099999936,-1.7513585144042967,4.272452862548828,-1.6077064147949218,21.76829268292683,-12.682926829268293,-3.048780487804878,47.18882352941176
4.787376163999852,0.44891281127929683,9.093177905273437,-0.25258827514648435,40.1829268292683,-3.963414634146342,-4.817073170731708,47.19470588235294
4.807408449999912,0.6871358764648438,4.914098907470703,-1.5658078857421873,49.87804878048781,1.4634146341463417,-6.951219512195123,47.18294117647059
4.827381328999763,-12.103886492919921,19.61270144958496,-8.69454332885742,-46.09756097560976,-6.341463414634147,-8.719512195121952,47.171176470588236
4.847376874999554,1.9764134704589842,3.7193922790527343,1.8040309509277344,-41.890243902439025,-0.48780487804878053,12.80487804878049,47.19470588235294
4.8674244759999965,6.299144567871093,18.55266866455078,-1.3862427612304686,-27.378048780487806,9.695121951219512,-8.658536585365855,47.18294117647059
4.887393095999869,0.59376201171875,5.570110162353515,-1.4137760803222656,-13.658536585365855,15.30487804878049,-7.073170731707318,47.171176470588236
4.907392714999787,-0.9109937316894531,5.625176800537109,-1.7274164978027342,-4.51219512195122,-3.9024390243902443,-1.7682926829268295,47.18294117647059
4.927387223999631,1.7788918334960937,8.359355096435547,-0.3507505432128906,42.6829268292683,2.073170731707317,-2.25609756097561,47.177058823529414
4.947384639999655,0.9600748657226562,7.339425189208984,0.1352723937988281,59.69512195121952,4.75609756097561,-6.829268292682928,47.19470588235294
4.9673866299999645,-9.111134417724609,19.61270144958496,-3.0442274108886718,16.158536585365855,28.04878048780488,40.243902439024396,47.18882352941176
4.98738704599964,1.5406687683105469,2.910152117919922,0.28730419921875,-38.963414634146346,4.573170731707317,4.573170731707317,47.177058823529414
5.007389961999706,4.256890551757812,12.757503546142578,-5.048174200439453,-50.426829268292686,8.048780487804878,-8.292682926829269,47.18882352941176
