0.013769796000360657,0.6823474731445313,19.61270144958496,-2.910152117919922,93.71951219512196,29.451219512195124,49.146341463414636,46.24764705882353
0.027760833000229468,-19.11291185302734,19.558233361816406,-8.31865366821289,-69.08536585365854,-18.597560975609756,-12.073170731707318,46.24764705882353
0.04308546300035232,3.037044805908203,8.61792887573242,-0.6476315490722656,-52.25609756097561,-17.5609756097561,6.52439024390244,46.24176470588235
0.0583949440001561,3.900154504394531,8.313865264892577,-2.7832594299316407,-64.20731707317074,0.30487804878048785,-5.7926829268292686,46.24764705882353
0.07370338900000206,4.923675714111328,9.265560424804686,1.4257470886230468,-14.817073170731708,22.926829268292686,-11.341463414634147,46.27117647058824
0.08901194400004897,-0.7038952880859375,1.7896657409667969,3.0119056884765625,18.963414634146343,18.53658536585366,-18.658536585365855,46.2535294117647
0.10446927800012418,-1.543062969970703,9.011775048828124,-1.1360486877441405,15.060975609756099,7.25609756097561,-6.951219512195123,46.24764705882353
0.12096672200004832,-1.3742717529296875,2.731784094238281,-1.4281412902832031,72.13414634146342,0.853658536585366,-11.707317073170733,46.224117647058826
0.13552031500012163,-0.7721300354003906,10.006565838623047,-0.6560112548828124,67.6219512195122,11.158536585365855,29.939024390243905,46.230000000000004
0.14836381500026619,-5.72693037109375,19.61270144958496,-10.217255584716796,-18.963414634146343,10.060975609756099,26.89024390243903,46.24176470588235
0.1611518520003301,1.927332336425781,10.47702646484375,-2.079364141845703,-37.25609756097561,-18.353658536585368,-2.1341463414634148,46.230000000000004
0.17395831500016357,4.265270257568359,7.181407879638671,-0.8188169677734375,-52.86585365853659,-3.5975609756097566,4.695121951219512,46.235882352941175
0.18668338900033632,5.31153638305664,7.292738256835937,-6.4092778442382805,-70.42682926829269,2.25609756097561,-12.317073170731708,46.235882352941175
0.1993525180000688,0.5770026000976562,8.566453540039062,-0.9361328491210937,-21.158536585365855,2.378048780487805,-13.353658536585368,46.24764705882353
0.21202561100017192,0.6248866333007812,2.5438392639160154,2.029085906982422,24.02439024390244,3.353658536585366,-16.82926829268293,46.2535294117647
0.2246383890001198,-0.5626373901367188,2.7437551025390623,0.3687070556640625,34.69512195121951,0.7926829268292683,-13.597560975609758,46.24764705882353
0.23320859200021005,-0.8906430175781249,3.1543606872558594,-0.11133037719726561,44.69512195121952,-3.1097560975609757,-11.585365853658537,46.24176470588235
0.24005896300013774,0.21188684692382811,6.854599353027344,0.23343466186523437,60.1219512195122,-3.536585365853659,-9.695121951219512,46.25941176470588
0.24690207399999053,-0.9660603698730468,2.2086510314941403,-1.4496891052246093,89.87804878048782,-4.085365853658537,-6.52439024390244,46.25941176470588
0.2537234630003695,0.679953271484375,19.61270144958496,-2.270900274658203,115.3658536585366,0.5487804878048781,11.097560975609756,46.2535294117647
0.26055246300029467,-5.791573815917968,19.61270144958496,-0.9564835632324218,29.75609756097561,42.5609756097561,97.01219512195122,46.24764705882353
0.26739281500022116,-12.222399475097655,19.61270144958496,-10.18373676147461,-40.36585365853659,19.512195121951223,31.219512195121954,46.25941176470588
0.27421485200011375,3.2644939636230466,9.445125549316407,-0.8978256225585937,-24.32926829268293,-6.52439024390244,-1.5853658536585367,46.24764705882353
0.2810443150001447,4.661510632324219,7.9272016967773435,-0.8295908752441405,-35.30487804878049,0.48780487804878053,-6.2804878048780495,46.24764705882353
0.28789664800024184,5.274426257324219,5.351040710449219,-0.07422025146484375,-55.85365853658537,8.658536585365855,2.0121951219512195,46.24176470588235
0.2947154810003667,3.1124621582031247,7.958326318359375,-1.4041992736816404,-70.91463414634147,12.80487804878049,-9.451219512195122,46.24764705882353
0.3015426660003868,4.147954376220703,4.4819455078125,-5.825092639160156,-36.951219512195124,14.207317073170733,-11.707317073170733,46.24764705882353
0.3083773150001434,3.4739866088867184,7.702146740722656,-2.096123553466797,-33.04878048780488,15.365853658536587,-11.463414634146343,46.25941176470588
0.31523511100022006,1.0953472595214844,7.329848382568359,-0.8403647827148437,-24.695121951219516,14.756097560975611,-11.52439024390244,46.2535294117647
0.322342203000062,0.8451531860351562,4.460397692871093,-1.235408056640625,1.707317073170732,14.573170731707318,-12.500000000000002,46.24764705882353
0.32930705500029944,-0.5626373901367188,9.029731561279297,0.9636661682128905,12.560975609756099,13.475609756097562,-13.109756097560977,46.24764705882353
0.3363656660003471,0.13168109130859373,5.1702784851074215,-0.4860229370117187,22.31707317073171,10.060975609756099,-10.182926829268293,46.24176470588235
0.34330598100041243,-0.8499415893554687,5.317521887207031,2.3738509460449215,35.670731707317074,7.317073170731708,-9.817073170731708,46.25941176470588
0.35019433300021774,-0.25737667846679685,3.872621185302734,-1.9608511596679685,23.902439024390247,2.804878048780488,-8.719512195121952,46.24764705882353
0.35701727700006813,-1.0881646545410155,4.554968658447265,-0.8643067993164062,61.34146341463415,1.9512195121951221,-9.02439024390244,46.27117647058824
0.36386848100028146,-0.26336218261718747,5.827486840820312,0.04668693237304687,83.71951219512196,2.8658536585365857,-11.402439024390246,46.277058823529416
0.37073462900025334,-0.12689268798828124,9.460687860107422,1.5011644409179687,78.78048780487805,1.2195121951219514,0.5487804878048781,46.26529411764706
0.37755307400038873,6.563703851318359,19.61270144958496,-1.370680450439453,36.463414634146346,25.243902439024392,71.52439024390245,46.24764705882353
0.38450829600014913,-18.32282530517578,19.61270144958496,-9.970652813720703,-31.03658536585366,38.78048780487805,16.097560975609756,46.2535294117647
0.39134094400014874,-4.2688615600585935,11.93150397338867,-7.548917834472656,-30.365853658536587,-15.54878048780488,-10.0,46.24764705882353
0.39819505500008745,1.7908628417968748,9.09796630859375,-1.886630908203125,-42.01219512195122,-14.26829268292683,-4.024390243902439,46.235882352941175
0.40501609200009625,1.849520782470703,2.203862628173828,-1.6843208679199217,-50.487804878048784,-7.195121951219513,6.951219512195123,46.2535294117647
0.4118351850002,2.7341782958984373,4.848258361816406,-0.5758054992675781,-53.90243902439025,-1.6463414634146343,6.341463414634147,46.24764705882353
0.4186608520003574,2.0254946044921875,7.9283987976074215,-3.749319799804687,-82.92682926829269,0.24390243902439027,-1.0365853658536586,46.24176470588235
0.4255131110003276,6.105214233398437,5.896918688964844,-5.025429284667968,-60.00000000000001,11.219512195121952,-10.060975609756099,46.25941176470588
0.43235929600041345,4.147954376220703,9.730035546875,-2.1344307800292968,-18.902439024390244,17.743902439024392,-9.207317073170733,46.26529411764706
0.4392045740000867,1.782483135986328,2.1619640991210938,-2.5641899780273434,-16.03658536585366,22.195121951219512,-10.548780487804878,46.2535294117647
0.4460494440004368,0.6943184814453125,3.414131567382812,-0.7050923889160156,8.353658536585366,24.32926829268293,-12.80487804878049,46.235882352941175
0.45287770300001284,0.3651157531738281,6.223727215576171,1.0079588989257813,20.182926829268293,23.353658536585368,-14.207317073170733,46.24176470588235
0.45970768500001213,-0.411802685546875,10.334571466064453,0.9696516723632812,8.414634146341465,19.573170731707318,-11.646341463414634,46.230000000000004
0.4665271290000419,-1.6053122131347655,5.6574985229492185,-1.3766659545898436,32.6219512195122,9.146341463414634,-9.939024390243903,46.25941176470588
0.4733836660002453,-0.6272808349609375,3.123236065673828,-1.092953057861328,35.487804878048784,5.7926829268292686,-11.097560975609756,46.25941176470588
0.4802185000003192,-0.3603273498535156,-2.0458453186035155,-2.2266075439453124,58.41463414634147,5.3048780487804885,-8.902439024390244,46.2535294117647
0.4870517220001602,-0.8176198669433593,4.7572786987304685,-0.4381389038085937,102.98780487804879,4.146341463414634,-6.158536585365854,46.24764705882353
0.4940650920002554,0.062249243164062495,19.61270144958496,-1.1013327636718748,99.08536585365854,6.036585365853659,10.060975609756099,46.25941176470588
0.5009149070001513,-7.400477331542969,19.61270144958496,-1.7094599853515624,17.621951219512198,35.1829268292683,68.10975609756098,46.25941176470588
0.5077521110001726,-17.350779431152343,19.61270144958496,-8.667010009765624,-62.987804878048784,-5.060975609756098,-5.182926829268293,46.2535294117647
0.5145866660000138,0.35673604736328124,7.551312036132812,0.4429273071289062,-41.82926829268293,-14.451219512195124,-11.463414634146343,46.25941176470588
0.5214667220002411,2.408566870117187,3.1376012756347653,-2.085349645996094,-55.00000000000001,-7.01219512195122,-4.695121951219512,46.24764705882353
0.5283319630002552,1.8806454040527343,0.5410895751953124,-2.7377695983886716,-49.32926829268293,-3.1707317073170733,1.3414634146341464,46.24764705882353
0.535181981000278,2.893392706298828,3.995922570800781,-0.584185205078125,-43.78048780487805,6.707317073170732,17.865853658536587,46.24176470588235
0.5420145000002776,3.7888241271972656,12.47498775024414,-2.431311785888672,-48.23170731707317,10.121951219512196,7.439024390243903,46.2535294117647
0.5488470550003512,2.2002713256835937,9.842563024902343,-3.0142998901367184,-48.47560975609756,12.073170731707318,-7.195121951219513,46.24176470588235
0.555693777000215,2.999934680175781,4.447229583740234,-2.27927998046875,-24.146341463414636,19.146341463414636,-6.890243902439025,46.24764705882353
0.5625448880000476,1.5358803649902344,6.351817004394531,-0.22744915771484372,7.682926829268293,22.073170731707318,-6.402439024390245,46.235882352941175
0.5695222590002231,0.12210428466796874,1.407790576171875,-0.25139117431640623,19.81707317073171,24.32926829268293,-11.28048780487805,46.224117647058826
0.5763781480000034,0.42975919799804685,10.249577307128906,2.3774422485351563,20.243902439024392,22.134146341463417,-13.170731707317074,46.235882352941175
0.5832190740002261,-0.06823474731445311,13.1776859375,-1.189918225097656,1.9512195121951221,19.085365853658537,-9.756097560975611,46.24764705882353
0.590057777000311,-0.699106884765625,6.476315490722656,-1.3251906188964844,17.621951219512198,6.7682926829268295,-7.134146341463415,46.224117647058826
0.5968791850000343,-0.5985504150390625,3.142389678955078,-2.4492682983398435,65.79268292682927,3.4756097560975614,-8.963414634146343,46.24176470588235
0.6037237960003949,0.07541735229492187,-1.2976572998046874,-0.8978256225585937,88.29268292682927,3.7195121951219514,-7.8048780487804885,46.2535294117647
0.6105460180001501,-0.5470750793457031,2.6767174560546874,-0.19871873779296872,112.92682926829269,2.682926829268293,2.804878048780488,46.2535294117647
0.617362833000243,5.468356591796875,19.61270144958496,0.42018239135742186,36.646341463414636,25.853658536585368,75.1829268292683,46.24764705882353
0.6241973330002111,-11.189301458740234,19.61270144958496,-12.962207788085937,-62.50000000000001,19.878048780487806,56.524390243902445,46.24764705882353
0.6312013700003263,-0.5363011718749999,7.351396197509765,-6.508637213134765,-78.04878048780489,-28.719512195121954,-14.26829268292683,46.24764705882353
0.6380686110001079,1.9512743530273435,4.859032269287109,-0.022744915771484374,-47.6219512195122,-25.731707317073173,-6.036585365853659,46.235882352941175
0.6449193330004164,0.4273649963378906,0.19991583862304688,-1.7645266235351562,-51.524390243902445,-24.146341463414636,1.402439024390244,46.24176470588235
0.6517474250003943,1.5562310791015623,-0.2932897033691406,-1.112106671142578,-38.04878048780488,-19.81707317073171,8.231707317073171,46.230000000000004
0.6585770740002772,3.181894006347656,12.763489050292968,-1.5634136840820312,-46.34146341463415,-13.29268292682927,15.243902439024392,46.2535294117647
0.6654535000002397,2.7198130859375,19.26135235595703,0.08140285644531249,-47.25609756097561,6.036585365853659,-0.9146341463414634,46.26529411764706
0.6723089070001151,4.564545465087891,7.9463553100585935,-2.9173347229003905,-22.926829268292686,14.329268292682928,-5.060975609756098,46.2535294117647
0.6791417220001676,3.295618585205078,6.2392895263671875,0.143652099609375,1.0975609756097562,17.31707317073171,-6.341463414634147,46.24176470588235
0.6859813700002633,0.19512743530273435,-2.0458453186035155,-2.393004559326172,-2.378048780487805,20.54878048780488,-6.646341463414635,46.24176470588235
0.6928345000001173,0.9696516723632812,0.93852705078125,2.6898855651855467,41.524390243902445,20.243902439024392,-8.231707317073171,46.24176470588235
0.6996658699999898,0.9014169250488281,13.327323541259766,1.5837643981933593,23.170731707317074,19.32926829268293,-9.02439024390244,46.25941176470588
0.7064968140002748,0.5494692810058593,13.763068243408203,0.6236895324707031,0.9146341463414634,21.097560975609756,-7.682926829268293,46.24176470588235
0.713338240000212,-1.5837643981933593,5.202600207519531,-1.956062756347656,32.25609756097561,15.79268292682927,-7.439024390243903,46.224117647058826
0.7201944250000452,-0.086191259765625,-0.00718260498046875,-2.914940521240234,62.07317073170732,13.170731707317074,-8.048780487804878,46.24764705882353
0.7270276480003304,-0.47884033203125,-0.04189852905273437,-2.2290017456054687,113.04878048780489,12.073170731707318,-10.487804878048781,46.24176470588235
0.7338585740003509,0.2765302917480469,19.61270144958496,-0.1640028137207031,123.17073170731709,11.28048780487805,-1.0975609756097562,46.25941176470588
0.7407002220002141,-12.151770526123046,19.61270144958496,-8.391676818847655,60.60975609756098,14.573170731707318,40.85365853658537,46.26529411764706
0.7475535180001316,-12.288240020751953,19.61270144958496,-9.175777862548827,-109.02439024390245,-22.865853658536587,-5.731707317073171,46.26529411764706
0.7543859440002052,0.09935936889648436,7.979874133300781,0.1292868896484375,-53.04878048780488,-29.451219512195124,-5.914634146341464,46.28294117647059
0.7612200739999935,1.1001356628417969,4.23893403930664,3.375824340820312,-62.743902439024396,-32.25609756097561,-5.731707317073171,46.27117647058824
0.7680602220002584,0.5770026000976562,-2.9831752685546875,-0.7876923461914062,-64.75609756097562,-31.402439024390247,-5.853658536585367,46.2535294117647
0.7749076480004078,1.3072341064453123,-4.541800549316406,-2.5941174987792968,-52.804878048780495,-31.52439024390244,1.707317073170732,46.25941176470588
0.7817409440003757,2.2170307373046874,2.269703173828125,-3.6463691284179687,23.04878048780488,-26.76829268292683,20.48780487804878,46.2535294117647
0.7886501660000249,4.364629626464843,19.61270144958496,3.73495458984375,-10.609756097560977,-24.02439024390244,31.82926829268293,46.25941176470588
0.7986198330004299,5.003881469726562,7.904456781005859,-2.578555187988281,-27.378048780487806,-17.621951219512198,-5.0,46.24176470588235
0.8098646480002571,2.223016241455078,6.455964776611328,0.729034405517578,13.170731707317074,-5.060975609756098,-6.7682926829268295,46.2535294117647
0.8169066110003769,1.5933412048339843,-1.8555062866210936,-2.5941174987792968,62.07317073170732,-2.073170731707317,-5.548780487804878,46.2535294117647
0.8238143700000364,1.2964601989746094,17.19276212158203,3.4775779113769527,63.59756097560976,-0.48780487804878053,2.1341463414634148,46.24764705882353
0.8308018880002237,-0.6524199523925781,16.65047544555664,2.579752288818359,23.719512195121954,0.0,-0.30487804878048785,46.24176470588235
0.8378027030003068,-0.8056488586425781,8.201337786865233,-2.7712884216308593,25.914634146341466,-0.9756097560975611,-3.963414634146342,46.235882352941175
0.844892555000115,0.11372457885742186,7.023390570068359,1.6819266662597656,59.63414634146342,-3.353658536585366,-0.12195121951219513,46.230000000000004
0.8519457030001831,0.11372457885742186,0.8846575134277344,-0.7601590270996094,91.34146341463415,-1.9512195121951221,-1.2195121951219514,46.27117647058824
0.8589304440001797,1.0007762939453124,19.61270144958496,-8.164227661132813,127.7439024390244,4.451219512195122,28.84146341463415,46.25941176470588
0.8658297590000075,-11.3772462890625,19.61270144958496,-8.838195428466797,25.670731707317074,-22.926829268292686,3.5975609756097566,46.24176470588235
0.8727264810004272,-2.5713725830078125,16.64568704223633,-2.1116858642578125,-117.13414634146342,-33.47560975609756,-0.6707317073170732,46.24176470588235
0.8796842030001244,0.411802685546875,-3.2225954345703123,-2.6695348510742187,-99.75609756097562,-34.146341463414636,-1.3414634146341464,46.24764705882353
0.8865120180003032,-0.7457938171386719,-0.4525041137695312,-1.2856862915039062,-71.09756097560977,-34.024390243902445,-0.7926829268292683,46.25941176470588
0.8933794620002118,-1.3670891479492187,0.3232172241210937,-3.9408559326171875,-64.51219512195122,-36.34146341463415,-7.621951219512196,46.25941176470588
0.900204555000073,-0.7433996154785156,2.4875755249023435,-0.689530078125,-29.32926829268293,-34.57317073170732,-4.207317073170732,46.24764705882353
0.9070273510001243,0.5374982727050781,0.411802685546875,-2.3139959045410157,25.853658536585368,-34.268292682926834,11.036585365853659,46.24176470588235
0.9139039440001397,3.6343981201171873,19.61270144958496,3.7146038757324216,20.975609756097562,-27.621951219512198,35.0,46.2535294117647
0.9209112400003505,-0.3172317199707031,14.539986682128905,-2.2732944763183593,-36.463414634146346,-24.75609756097561,1.0975609756097562,46.235882352941175
0.9278403510002136,0.14484920043945312,1.8543091857910154,-2.4444798950195312,14.390243902439027,-21.76829268292683,-5.060975609756098,46.24764705882353
0.9381796100001338,0.9911994873046874,3.1794998046874996,2.252943762207031,41.951219512195124,-15.914634146341465,-5.914634146341464,46.2535294117647
0.9534331290001319,1.3024457031249999,3.087323040771484,1.7753005310058592,45.304878048780495,-15.487804878048783,6.646341463414635,46.24176470588235
0.9687817960002576,0.7673416320800781,7.468712078857421,1.3934253662109375,47.13414634146342,-8.475609756097562,-4.817073170731708,46.26529411764706
0.9843627770001149,1.246181964111328,2.7575217620849606,-2.1212626708984375,124.63414634146342,13.963414634146343,64.69512195121952,46.25941176470588
0.999755388000267,-2.806004345703125,17.944541442871092,-7.317877374267578,-108.90243902439025,-37.01219512195122,-2.1341463414634148,46.277058823529416
1.0153943880000043,-0.29089550170898437,-1.9105729248046874,-3.0597897216796874,-58.65853658536586,-37.19512195121951,-0.9146341463414634,46.25941176470588
1.0307834070003992,0.16160861206054686,5.5449710449218745,-3.0442274108886718,12.560975609756099,-29.02439024390244,18.170731707317074,46.230000000000004
1.046427259000211,2.9951462768554684,4.916493109130859,-4.374206433105469,-0.6707317073170732,-10.426829268292684,-7.25609756097561,46.26529411764706
1.0617495730002702,0.4513070129394531,2.157175695800781,-2.3546973327636715,32.01219512195122,-5.182926829268293,-2.25609756097561,46.26529411764706
1.0770437210003365,0.8032546569824218,18.53351505126953,2.1811177124023438,6.036585365853659,-9.207317073170733,-4.390243902439025,46.26529411764706
1.0923202210001364,-0.9038111267089843,4.448426684570312,0.12808978881835936,63.65853658536586,-8.292682926829269,-6.158536585365854,46.24764705882353
1.1076165920003405,4.5693338684082025,19.61270144958496,-2.912546319580078,49.57317073170732,8.841463414634147,33.23170731707317,46.2535294117647
1.122912703000111,0.7038952880859375,4.981136553955078,-5.149927770996094,-75.3048780487805,-51.89024390243903,6.951219512195123,46.2535294117647
1.1377689990004,0.584185205078125,0.5279214660644531,-1.696291876220703,-58.10975609756098,-52.13414634146342,4.695121951219512,46.2535294117647
1.1515164990000812,4.055777612304687,9.522937103271484,-2.3295582153320313,-13.963414634146343,-39.57317073170732,9.695121951219512,46.24176470588235
1.1652623880004285,4.903325,6.101622930908203,-2.8562825805664063,4.024390243902439,-13.231707317073171,-9.02439024390244,46.24176470588235
1.1790302960002919,0.9923965881347656,-0.5901707092285156,-1.7741034301757812,20.731707317073173,-1.5853658536585367,-13.658536585365855,46.24176470588235
1.1927757580001526,0.852335791015625,11.501744775390625,1.6843208679199217,22.25609756097561,-14.939024390243905,-9.756097560975611,46.24764705882353
1.2064954070001477,-1.3299790222167969,6.308721374511719,-0.1352723937988281,47.19512195121952,-7.621951219512196,-14.085365853658537,46.24176470588235
1.2202118510003856,-0.9624690673828125,2.5546131713867184,-2.3247698120117186,105.60975609756099,-3.4756097560975614,17.25609756097561,46.26529411764706
1.2340459620004367,-8.060079888916015,19.61270144958496,-12.932280267333983,-62.19512195121952,0.48780487804878053,19.81707317073171,46.2535294117647
1.2495990550000897,3.2920272827148436,11.67053599243164,-0.9361328491210937,-51.707317073170735,-10.609756097560977,-4.451219512195122,46.24764705882353
1.2649254810003185,2.463633508300781,5.342661004638671,-4.33470210571289,-65.1829268292683,3.4756097560975614,-5.365853658536586,46.24764705882353
1.280222684000364,3.803189337158203,5.506663818359375,-1.4472949035644531,-18.475609756097562,11.890243902439025,-10.548780487804878,46.21823529411765
1.2955312950002735,1.0438719238281249,5.580884069824219,1.0079588989257813,14.573170731707318,13.719512195121952,-1.5853658536585367,46.235882352941175
1.3108380730000135,-1.1061211669921875,6.9515645202636716,-0.11013327636718749,20.48780487804878,7.987804878048781,-12.195121951219512,46.230000000000004
1.3261315730001115,-0.9959878906249999,2.4253262817382812,-0.833182177734375,69.57317073170732,5.7926829268292686,-17.804878048780488,46.27117647058824
1.3414010920000692,0.7505822204589844,14.502876556396483,2.0350714111328125,62.560975609756106,7.865853658536586,15.000000000000002,46.24764705882353
1.356702055000369,-5.166687182617188,9.364919793701171,-6.4834980957031245,-2.9268292682926833,38.53658536585366,-2.6219512195121952,46.24176470588235
1.3719982950001395,5.1128176452636716,12.214019769287109,-0.42377369384765623,-47.25609756097561,-10.487804878048781,3.536585365853659,46.230000000000004
1.3873041100000592,2.139219183349609,10.29865844116211,0.26695348510742184,-87.07317073170732,-0.9146341463414634,-15.000000000000002,46.26529411764706
1.402574647000165,3.5051112304687497,10.281899029541014,0.4333505004882812,-20.853658536585368,10.548780487804878,-14.390243902439027,46.24764705882353
1.4178214250000565,0.8403647827148437,4.150348577880859,0.11851298217773437,9.573170731707318,9.817073170731708,-13.170731707317074,46.2535294117647
1.4331936470002802,-1.4221557861328125,6.348225701904297,-0.7026981872558593,18.475609756097562,2.1951219512195124,-14.695121951219514,46.2535294117647
1.4484993320002104,-0.603338818359375,6.136338854980468,-0.04908113403320312,56.09756097560976,-3.1707317073170733,-10.182926829268293,46.25941176470588
1.463790240000435,-0.4944026428222656,8.690952026367187,-5.2265422241210935,72.8048780487805,35.30487804878049,90.3048780487805,46.24764705882353
1.4790871100003642,-12.739547033691405,19.61270144958496,-8.057685687255859,-9.146341463414634,-6.951219512195123,-20.54878048780488,46.235882352941175
1.4943776290001551,6.506243011474609,6.2021794006347655,-0.8571241943359375,-48.65853658536586,6.707317073170732,2.987804878048781,46.24764705882353
1.5096708690002743,1.6938976745605467,9.943119494628906,-4.333505004882812,-77.25609756097562,6.52439024390244,-13.719512195121952,46.24176470588235
1.5249640730003193,3.5482068603515624,8.614337573242187,-1.1575965026855468,-34.146341463414636,12.865853658536587,-5.853658536585367,46.24764705882353
1.5403069430003598,0.1927332336425781,3.21780703125,-0.7050923889160156,13.658536585365855,12.926829268292684,-17.012195121951223,46.235882352941175
1.5555960550000236,-1.4496891052246093,10.845733520507812,1.8507178833007811,14.695121951219514,-2.0121951219512195,-9.939024390243903,46.224117647058826
1.5708715550003944,-1.3192051147460937,0.689530078125,-1.792059942626953,89.02439024390245,-9.817073170731708,-5.7926829268292686,46.235882352941175
1.586169221000091,-0.9062053283691406,19.61270144958496,-3.058592620849609,2.5609756097560976,24.26829268292683,108.29268292682927,46.235882352941175
1.601437498999985,-11.336544860839844,10.243591802978514,-4.1934442077636715,-39.75609756097561,-25.731707317073173,-12.439024390243903,46.235882352941175
1.6166882030001943,2.722207287597656,1.3970166687011718,-2.2637176696777344,-45.0609756097561,-10.0,2.5609756097560976,46.24176470588235
1.631934406000255,3.3159692993164063,8.136694342041014,-6.912060192871094,-58.963414634146346,9.756097560975611,-6.219512195121951,46.25941176470588
1.6475227580003775,2.3223756103515623,7.991845141601562,0.2765302917480469,-13.719512195121952,25.0609756097561,-9.817073170731708,46.230000000000004
1.6628423690003729,0.031124621582031248,8.24203921508789,2.085349645996094,18.04878048780488,18.29268292682927,-14.695121951219514,46.2535294117647
1.678144536000218,-1.5861585998535155,6.175843182373047,-1.1791443176269532,24.32926829268293,5.182926829268293,-10.487804878048781,46.230000000000004
1.693443314000433,-0.7960720520019531,-1.2401964599609374,-0.003591302490234375,97.92682926829269,0.12195121951219513,-4.817073170731708,46.235882352941175
1.7087845910000397,4.414907861328125,19.61270144958496,-1.006761798095703,11.28048780487805,23.29268292682927,51.21951219512196,46.24176470588235
1.7242569620002541,-0.9181763366699218,5.697002850341796,1.0199299072265624,-36.40243902439025,-11.76829268292683,-2.682926829268293,46.24176470588235
1.7395821470004194,3.479972113037109,1.2593500732421874,-0.26336218261718747,-53.23170731707317,7.500000000000001,3.780487804878049,46.235882352941175
1.755018258000291,5.175066888427734,13.5224509765625,-3.854664672851562,-45.426829268292686,16.52439024390244,-5.060975609756098,46.2535294117647
1.7703693140001633,1.7992425476074219,3.545812658691406,1.2318167541503906,12.80487804878049,24.634146341463417,-13.353658536585368,46.24764705882353
1.7856660170000396,-1.2282254516601563,8.29950005493164,-0.5063736511230469,12.439024390243903,17.926829268292686,-6.890243902439025,46.24176470588235
1.8009094800004277,-1.2533645690917967,3.5110967346191404,0.1771709228515625,69.39024390243902,4.878048780487806,-5.426829268292684,46.24764705882353
1.8161937770000804,-1.1659762084960936,7.331045483398437,1.1097124694824219,67.43902439024392,4.634146341463415,-3.5975609756097566,46.24176470588235
1.8314492210001845,5.143942266845703,19.61270144958496,-6.691793640136718,-49.51219512195122,19.146341463414636,43.53658536585366,46.235882352941175
1.846729962000154,-0.6679822631835937,5.331887097167969,-0.37708676147460934,-57.865853658536594,-21.951219512195124,5.121951219512195,46.24764705882353
1.8620173140002407,1.93451494140625,3.3542765258789062,-0.6272808349609375,-48.71951219512196,-11.097560975609756,3.1097560975609757,46.230000000000004
1.8777915360001316,5.998672259521484,11.84890401611328,-3.488351818847656,-34.57317073170732,13.841463414634148,-8.353658536585366,46.235882352941175
1.893860462000248,0.04189852905273437,5.479130499267578,-2.1320365783691404,-12.80487804878049,23.719512195121954,-11.28048780487805,46.235882352941175
1.9094276280002305,-0.031124621582031248,12.152967626953124,2.446874096679687,18.78048780487805,13.902439024390246,-9.146341463414634,46.2535294117647
1.9248665540003458,-0.32082302246093747,-2.1883003173828124,0.12808978881835936,63.84146341463415,6.463414634146342,-14.02439024390244,46.24176470588235
1.939590610000323,1.1935095275878906,0.15263035583496093,1.5574281799316405,101.82926829268294,14.756097560975611,51.89024390243903,46.24176470588235
1.952073147000192,-19.6133,19.61270144958496,-9.210493786621093,-65.0,10.914634146341465,-2.7439024390243905,46.24764705882353
1.9645630170002732,1.7082628845214842,6.358999609374999,1.485602130126953,-47.6219512195122,-19.573170731707318,4.573170731707317,46.235882352941175
1.9770610170003238,2.04943662109375,5.500678314208984,0.47644613037109373,-62.07317073170732,-3.536585365853659,-2.804878048780488,46.2535294117647
1.9895604430003004,6.132747552490234,6.673837127685546,-4.1563340820312495,-22.743902439024392,14.26829268292683,-8.475609756097562,46.27117647058824
2.0020339430002423,2.5522189697265625,7.548917834472656,-1.0893617553710937,-15.79268292682927,24.573170731707318,-13.902439024390246,46.24176470588235
2.0144977210002253,-0.5901707092285156,12.740744134521483,2.6216508178710938,-13.841463414634148,15.30487804878049,-16.28048780487805,46.224117647058826
2.0269977390003078,-1.1097124694824219,6.941987713623046,0.33039982910156246,13.841463414634148,9.329268292682928,-7.682926829268293,46.230000000000004
2.0403329060000033,-0.7422025146484375,4.836287353515624,-2.779668127441406,64.87804878048782,2.682926829268293,-12.865853658536587,46.24764705882353
2.055617851000079,-0.3758896606445312,10.721235034179687,2.6108769104003904,61.707317073170735,-1.8902439024390245,-7.073170731707318,46.24764705882353
2.0708575360004033,6.902483386230468,19.61270144958496,-2.032677209472656,-33.963414634146346,40.60975609756098,78.78048780487805,46.24176470588235
2.0861179620001167,-5.102043737792968,10.047267266845703,-1.7106570861816406,-41.09756097560976,-14.451219512195124,-11.097560975609756,46.26529411764706
2.101368036000167,4.923675714111328,7.486668591308593,-2.440888592529297,-62.804878048780495,2.378048780487805,6.2804878048780495,46.235882352941175
2.116616869000154,4.243722442626953,9.435548742675781,-2.152387292480469,-26.402439024390247,6.7682926829268295,-11.341463414634147,46.224117647058826
2.131872406000184,0.6811503723144531,4.7010149597167965,-0.7876923461914062,3.1097560975609757,7.987804878048781,-12.378048780487806,46.2535294117647
2.146220036000159,-0.39983167724609375,6.532579229736328,0.4908113403320312,20.975609756097562,4.939024390243903,-29.695121951219516,46.230000000000004
2.1599263320003956,-1.005564697265625,1.9883844787597655,-0.8643067993164062,52.6219512195122,-1.1585365853658538,-11.52439024390244,46.2535294117647
2.1736465540002428,0.09816226806640624,6.222530114746093,-0.4070142822265625,73.41463414634147,-3.8414634146341466,-4.939024390243903,46.235882352941175
2.1873597210001208,2.770091320800781,19.61270144958496,-1.9237410339355467,-1.1585365853658538,33.35365853658537,80.85365853658537,46.24764705882353
2.201068776000284,-3.323151904296875,10.811017596435546,-5.1511248718261715,-30.121951219512198,-8.414634146341465,-9.634146341463415,46.235882352941175
2.2147856280002998,4.772841009521484,6.3709706176757805,-0.6009446166992187,-50.243902439024396,9.756097560975611,1.7682926829268295,46.2535294117647
2.228501425000104,4.077325427246094,4.061763116455078,-2.6755203552246094,-45.1829268292683,16.28048780487805,-11.76829268292683,46.24176470588235
2.2422015540000757,1.361103643798828,4.2125978210449215,-1.8938135131835936,-17.743902439024392,15.853658536585368,-11.76829268292683,46.24176470588235
2.255911832000038,0.3280056274414062,7.413645440673828,0.32561142578124996,1.0365853658536586,11.402439024390246,-11.890243902439025,46.230000000000004
2.269625165000434,-1.006761798095703,6.947973217773437,0.8008604553222656,41.707317073170735,5.609756097560976,-9.634146341463415,46.24764705882353
2.2833331470001212,-0.5853823059082031,4.3430818115234375,0.9816226806640624,53.963414634146346,2.439024390243903,-11.951219512195124,46.235882352941175
2.2970390170003157,-0.729034405517578,10.151415039062499,2.578555187988281,70.91463414634147,1.2195121951219514,8.231707317073171,46.2535294117647
2.310742221000055,7.232883215332031,19.61270144958496,-1.6053122131347655,-29.146341463414636,50.304878048780495,98.71951219512196,46.2535294117647
2.3244558500000494,-6.381744525146484,12.00931552734375,-0.5506663818359374,-16.34146341463415,-12.621951219512196,-14.817073170731708,46.230000000000004
2.338191165000353,3.394977954101562,4.553771557617187,-0.7386112121582031,-51.28048780487806,4.390243902439025,4.939024390243903,46.24764705882353
2.351897924000241,4.301183282470703,5.33068999633789,-5.883750579833984,-44.51219512195122,5.426829268292684,-12.134146341463415,46.2535294117647
2.365596239000297,3.470395306396484,7.7799582946777335,0.6500257507324219,-21.52439024390244,13.475609756097562,-14.329268292682928,46.27117647058824
2.3793006280002373,0.6560112548828124,6.285976458740234,0.5865794067382812,3.353658536585366,8.292682926829269,-9.817073170731708,46.24176470588235
2.39303488700034,-0.8595183959960937,8.160636358642577,-1.2006921325683593,16.219512195121954,14.085365853658537,-9.329268292682928,46.230000000000004
2.4067352020001636,-1.0019733947753906,4.395754248046875,-0.229843359375,64.26829268292684,-4.75609756097561,-1.5853658536585367,46.24764705882353
2.4204724610003723,-0.7960720520019531,9.738415252685547,2.4480711975097655,70.48780487804879,-2.804878048780488,9.390243902439025,46.24764705882353
2.4344024060001175,-4.284423870849609,19.61270144958496,-11.529278094482422,-22.682926829268293,4.2682926829268295,4.634146341463415,46.24764705882353
2.4492111840004327,1.5179238525390624,8.840589630126953,-2.9927520751953125,-62.804878048780495,-1.0975609756097562,-1.0975609756097562,46.2535294117647
2.464469184000336,2.8754361938476563,3.489548919677734,-0.17477672119140625,-50.91463414634147,10.365853658536587,6.707317073170732,46.24764705882353
2.4797262950000913,5.378574029541015,12.828132495117186,-1.8088193542480469,-44.024390243902445,23.29268292682927,-5.0,46.24764705882353
2.4949712390002787,2.014720697021484,5.398924743652343,1.2425906616210938,15.54878048780488,29.207317073170735,-12.195121951219512,46.25941176470588
2.5104470350001975,-0.29568390502929687,9.658209497070311,0.8571241943359375,2.378048780487805,11.951219512195124,-10.731707317073171,46.24764705882353
2.525780369000131,-0.10414777221679687,1.6029180114746093,-2.483984222412109,80.3658536585366,0.12195121951219513,-10.121951219512196,46.235882352941175
2.541093128000284,0.14484920043945312,8.170213165283203,2.223016241455078,86.40243902439025,0.9146341463414634,20.121951219512198,46.24176470588235
2.556407610000406,-19.6133,18.708291772460935,-13.923479754638672,-57.13414634146342,-29.512195121951223,-5.7926829268292686,46.235882352941175
2.5717106090000925,1.083376251220703,-0.3962403747558593,-0.6715735656738281,-52.5609756097561,-26.219512195121954,-13.597560975609758,46.2535294117647
2.5871987580003406,1.3862427612304686,8.807070806884765,-0.5015852478027344,-48.65853658536586,-12.987804878048781,7.378048780487806,46.235882352941175
2.6025150720001875,4.374206433105469,4.559757061767578,-5.391742138671875,-2.073170731707317,13.597560975609758,-2.987804878048781,46.2535294117647
2.6177841840003566,0.5889736083984375,-0.4285620971679687,-0.7230489013671875,22.500000000000004,21.097560975609756,-13.109756097560977,46.2535294117647
2.633064535000358,0.8367734802246093,13.928268157958984,1.1540052001953125,9.146341463414634,21.28048780487805,-6.463414634146342,46.2535294117647
2.6476588690002245,0.39264907226562495,-0.29568390502929687,-4.2521021484374995,75.73170731707317,17.5,-8.414634146341465,46.26529411764706
2.6613887580001574,0.11611878051757812,0.737414111328125,-0.9612719665527343,114.39024390243904,20.914634146341466,10.853658536585368,46.25941176470588
2.6751313130002927,-19.6133,19.61270144958496,-11.143811627197264,-95.79268292682927,-23.231707317073173,-10.24390243902439,46.24176470588235
2.6888724430000366,-0.7074865905761718,8.206126190185547,0.958877764892578,-79.75609756097562,-30.426829268292686,-7.8048780487804885,46.24764705882353
2.70262231300012,0.3435679382324219,-1.70467158203125,-2.1021090576171875,-10.975609756097562,-24.81707317073171,16.28048780487805,46.24176470588235
2.7163647020001918,0.7936778503417968,19.61270144958496,1.1875240234375,-43.10975609756098,-24.573170731707318,29.634146341463417,46.24764705882353
2.7301113320004333,3.7888241271972656,-1.6256629272460936,-3.5338416503906247,-3.5975609756097566,-1.4634146341463417,-8.231707317073171,46.24176470588235
2.7442509980000978,0.6823474731445313,2.2481553588867187,0.6332663391113281,31.158536585365855,2.8658536585365857,-1.9512195121951221,46.24764705882353
2.7595609800000602,0.3076549133300781,10.545261212158202,-1.3431471313476562,9.390243902439025,2.073170731707317,-1.2804878048780488,46.2535294117647
2.7748585170002116,0.08978256225585937,-1.2246341491699217,-1.7717092285156248,82.92682926829269,4.939024390243903,-6.951219512195123,46.2535294117647
2.7901634800000465,3.6355952209472653,12.25771394958496,-5.33068999633789,79.63414634146342,25.0609756097561,51.82926829268293,46.2535294117647
2.805451906000144,-2.902969512939453,9.373299499511718,-1.407790576171875,-65.1829268292683,-30.670731707317074,-6.52439024390244,46.2535294117647
2.8207224800003132,0.3112462158203125,0.3495534423828125,-0.24181436767578124,-76.46341463414635,-29.634146341463417,-4.695121951219512,46.2535294117647
2.8360332950001066,2.760514514160156,13.157335223388671,1.0702081420898437,4.939024390243903,-9.51219512195122,26.52439024390244,46.24176470588235
2.850336924000203,4.007893579101562,3.21780703125,-3.921702319335937,3.1707317073170733,1.8902439024390245,-0.12195121951219513,46.24764705882353
2.8640804060000846,1.4640543151855467,-2.4768016174316405,0.0143652099609375,38.71951219512196,6.52439024390244,-8.048780487804878,46.2535294117647
2.877824609000072,1.7357962036132812,12.18768355102539,0.296881005859375,16.890243902439025,13.719512195121952,-7.682926829268293,46.235882352941175
2.891608572000223,0.7577648254394531,5.474342095947265,-1.5849614990234373,47.6829268292683,13.29268292682927,-12.317073170731708,46.230000000000004
2.9053682940002545,0.6296750366210937,3.6068648010253903,1.7884686401367187,114.14634146341464,18.963414634146343,13.78048780487805,46.24764705882353
2.919127961000413,-13.262680096435545,19.61270144958496,-9.771934075927733,-82.37804878048782,-17.439024390243905,-3.2926829268292686,46.26529411764706
2.9328715350002312,2.5378537597656248,4.942829327392578,2.2254104431152344,-31.09756097560976,-21.585365853658537,-1.0365853658536586,46.2535294117647
2.946613350000007,2.91134921875,3.5577836669921874,-1.5693991882324219,-53.84146341463415,-11.585365853658537,7.682926829268293,46.25941176470588
2.9603622200002064,2.8048072448730466,11.301828936767578,-2.337937921142578,-25.426829268292686,9.939024390243903,-9.817073170731708,46.24764705882353
2.9741389060000074,2.7425580017089843,6.5014546081542965,-1.7717092285156248,-6.402439024390245,22.439024390243905,-13.719512195121952,46.24176470588235
2.988145887000428,0.5710170959472656,8.09479581298828,0.6009446166992187,8.353658536585366,21.34146341463415,-14.756097560975611,46.235882352941175
3.001880720000372,-1.6065093139648436,3.9468414367675777,-2.8467057739257813,34.81707317073171,7.378048780487806,-13.353658536585368,46.24764705882353
3.015609331000178,0.16519991455078123,0.20949264526367187,-1.1791443176269532,82.8048780487805,1.9512195121951221,-14.817073170731708,46.24764705882353
3.0293267570000353,-0.3699041564941406,14.70937644958496,-2.3211785095214843,63.90243902439025,36.09756097560976,84.02439024390245,46.24176470588235
3.0430638500001805,-10.9941740234375,14.784195251464842,-4.304774584960938,16.82926829268293,28.53658536585366,-5.060975609756098,46.235882352941175
3.056802443000379,5.021837982177734,10.09993970336914,-1.8088193542480469,-46.707317073170735,-12.865853658536587,-10.060975609756099,46.24176470588235
3.070565739000358,4.126406561279297,12.714407916259765,0.9864110839843749,-94.45121951219512,-0.7317073170731708,-6.2804878048780495,46.2535294117647
3.084307054000419,3.4919431213378904,-1.3634978454589843,-1.1731588134765625,-22.439024390243905,0.9756097560975611,-11.463414634146343,46.2535294117647
3.0980401280003207,0.9469067565917968,5.723339068603515,-0.1005564697265625,-9.451219512195122,4.390243902439025,-14.573170731707318,46.2535294117647
3.1117705350002325,-0.63206923828125,7.338228088378906,0.4369418029785156,16.158536585365855,2.5609756097560976,-16.402439024390244,46.2535294117647
3.1255109420003464,-1.8602946899414061,6.478709692382812,0.46806642456054687,40.304878048780495,-1.6463414634146343,-10.24390243902439,46.2535294117647
3.1392762940004104,-0.4321533996582031,10.755950958251953,-1.0235212097167967,59.51219512195122,-3.231707317073171,-9.695121951219512,46.26529411764706
3.1542156460000115,4.070142822265625,19.61270144958496,-0.13407529296874998,39.451219512195124,39.207317073170735,103.53658536585367,46.24764705882353
3.1695177940000576,-9.813832604980469,12.230779180908202,-0.7302315063476562,-19.573170731707318,-13.04878048780488,-16.219512195121954,46.2535294117647
3.184811646000071,5.6766521362304685,7.161057165527343,-2.961627453613281,-61.463414634146346,8.597560975609756,-1.402439024390244,46.24764705882353
3.2001146830002654,4.198232611083984,2.1787235107421874,-0.9828197814941406,-34.57317073170732,13.841463414634148,-13.963414634146343,46.235882352941175
3.2153902020004352,1.071405242919922,7.135918048095703,-1.2641384765625,-30.426829268292686,11.402439024390246,-12.865853658536587,46.26529411764706
3.2310051460003706,-0.5327098693847656,5.204994409179688,-1.3395558288574219,1.1585365853658538,7.865853658536586,-13.109756097560977,46.24764705882353
3.24603138700013,-0.296881005859375,7.16943687133789,0.6248866333007812,36.951219512195124,5.365853658536586,-11.951219512195124,46.2535294117647
3.259780146000139,-0.02633621826171875,4.39216294555664,-0.13766659545898435,69.75609756097562,6.890243902439025,-13.475609756097562,46.25941176470588
3.273518091000369,5.2828059631347655,19.61270144958496,-2.5378537597656248,51.34146341463415,17.25609756097561,106.03658536585367,46.25941176470588
3.2872614980001345,-13.548787194824218,16.826449267578123,-8.959102612304687,0.7317073170731708,7.195121951219513,-20.670731707317074,46.235882352941175
3.301113479000378,4.600458489990234,5.542576843261719,-3.095702746582031,-42.25609756097561,-4.51219512195122,1.8902439024390245,46.235882352941175
3.314888646000327,3.393780853271484,10.388441003417968,-1.7286135986328124,-88.90243902439025,-0.9756097560975611,-11.341463414634147,46.24764705882353
3.3286155350001536,3.393780853271484,5.21576831665039,2.463633508300781,-10.914634146341465,11.890243902439025,-15.243902439024392,46.230000000000004
3.3423640160003742,0.5626373901367188,3.366247534179687,-0.2693476867675781,5.853658536585367,11.585365853658537,-11.219512195121952,46.24764705882353
3.3561210720004055,-0.277727392578125,7.619546783447265,0.6081272216796875,15.182926829268293,5.914634146341464,-15.731707317073171,46.2535294117647
3.3698946460003754,-1.0797849487304687,7.5345526245117185,1.5945383056640625,54.024390243902445,-0.30487804878048785,-6.219512195121951,46.230000000000004
3.383640757000194,-0.11611878051757812,5.027823486328125,0.29568390502929687,76.34146341463415,-3.4756097560975614,-7.01219512195122,46.235882352941175
3.3978001460000087,2.1966800231933594,19.61270144958496,-2.357091534423828,-28.475609756097562,42.987804878048784,51.463414634146346,46.24176470588235
3.4116297020000275,0.8092401611328125,11.411962213134766,-0.6392518432617187,-48.53658536585366,-13.29268292682927,-5.853658536585367,46.24764705882353
3.425357702000383,2.924517327880859,4.082113830566406,-1.0390835205078124,-51.09756097560976,5.7926829268292686,7.378048780487806,46.24764705882353
3.4390803870001037,4.0066964782714845,9.937133990478515,-3.6080619018554687,-52.926829268292686,16.890243902439025,-11.52439024390244,46.24764705882353
3.452847090000432,2.427720483398437,5.046977099609375,-2.3906103576660156,-10.914634146341465,24.512195121951223,-11.036585365853659,46.230000000000004
3.466569572000026,-0.6476315490722656,3.72178648071289,0.04548983154296875,17.073170731707318,21.52439024390244,-28.231707317073173,46.21823529411765
3.4803202570001304,-0.9624690673828125,9.112331518554686,0.4261678955078125,3.414634146341464,2.804878048780488,-8.963414634146343,46.26529411764706
3.494047776000116,-1.4065934753417968,2.9556419494628905,-0.28969840087890625,66.58536585365854,-7.987804878048781,-6.463414634146342,46.24764705882353
3.5077869050001027,-0.22026655273437498,4.842272857666015,0.4752490295410156,106.82926829268294,-9.451219512195122,52.07317073170732,46.24176470588235
3.521552683000209,-18.27733547363281,19.61270144958496,-14.526818572998046,-51.34146341463415,-4.51219512195122,7.439024390243903,46.235882352941175
3.5352949420002915,1.924938134765625,2.166752502441406,-0.9265560424804687,-53.78048780487806,-12.682926829268293,3.4756097560975614,46.235882352941175
3.5490154789999906,1.9656395629882812,3.8798037902832028,-0.6715735656738281,-47.987804878048784,-0.24390243902439027,-5.060975609756098,46.24176470588235
3.562780572000065,5.218162518310547,8.796296899414061,-3.6248213134765623,-39.57317073170732,16.158536585365855,-3.9024390243902443,46.235882352941175
3.5765281090002645,1.5406687683105469,6.02022007446289,-0.1352723937988281,-1.6463414634146343,23.719512195121954,-11.951219512195124,46.2535294117647
3.590504090000195,-0.22026655273437498,9.832986218261718,1.8662801940917968,27.865853658536587,20.182926829268293,-14.451219512195124,46.24764705882353
3.6042350530001386,-0.6715735656738281,9.124302526855468,-3.3303345092773435,9.817073170731708,11.097560975609756,-10.792682926829269,46.25941176470588
3.6179638130001877,0.05746083984375,1.456871710205078,-0.7015010864257812,86.28048780487805,7.560975609756098,-7.134146341463415,46.25941176470588
3.631676942000013,0.4513070129394531,19.61270144958496,-0.7745242370605468,49.39024390243903,15.914634146341465,53.10975609756098,46.24176470588235
3.6454507570001624,-16.134524987792968,6.567295153808593,-8.130708837890625,-68.90243902439025,-20.365853658536587,2.378048780487805,46.2535294117647
3.6592099980002786,2.0745757385253905,5.2265422241210935,-2.1894974182128903,-63.59756097560976,-13.475609756097562,-3.353658536585366,46.24176470588235
3.672970572000395,3.7098154724121093,7.615955480957031,-0.07781155395507812,-49.69512195121952,-1.0365853658536586,-3.658536585365854,46.2535294117647
3.6867006460001903,3.441664886474609,10.315417852783202,-1.061828436279297,-20.30487804878049,15.182926829268293,-7.865853658536586,46.25941176470588
3.7004480530004003,1.8830396057128904,4.942829327392578,0.4333505004882812,20.30487804878049,19.878048780487806,-12.74390243902439,46.2535294117647
3.7142064790000404,-0.853532891845703,6.277596752929687,-0.9026140258789062,2.5,8.658536585365855,-6.585365853658537,46.21823529411765
3.727974183000242,-1.1731588134765625,5.353434912109375,0.7362170104980469,49.268292682926834,-2.5609756097560976,-5.609756097560976,46.2535294117647
3.7417496830003074,-0.6416460449218749,2.7461493041992187,-0.4369418029785156,87.7439024390244,-6.036585365853659,-0.6097560975609757,46.24764705882353
3.755538942000385,2.914940521240234,19.61270144958496,-4.320336895751953,76.46341463414635,25.731707317073173,73.35365853658537,46.26529411764706
3.769265590000032,-4.290409374999999,13.122619299316405,-1.3623007446289062,-57.6219512195122,-31.34146341463415,1.4634146341463417,46.25941176470588
3.783008016000167,1.458068811035156,-0.7326257080078125,-0.8044517578125,-42.743902439024396,-27.195121951219516,4.634146341463415,46.26529411764706
3.7969862200002353,4.25808765258789,14.112621685791014,-1.150413897705078,-65.91463414634147,-8.292682926829269,-5.7926829268292686,46.235882352941175
3.8107813870001337,5.345055206298828,5.086481427001953,-2.5629928771972654,6.707317073170732,24.02439024390244,-0.3658536585365854,46.24176470588235
3.8244978490001813,0.3016694091796875,3.276464971923828,-1.332373223876953,13.170731707317074,22.073170731707318,-16.158536585365855,46.26529411764706
3.8382049050001115,-0.9241618408203125,8.972270721435546,2.2361843505859373,19.085365853658537,15.670731707317074,-8.841463414634147,46.2535294117647
3.852480516000014,-0.7817068420410156,1.0103531005859374,-2.9544448486328125,65.73170731707317,10.121951219512196,-0.06097560975609757,46.230000000000004
3.867757164000068,-0.41419688720703124,-0.5805939025878906,-1.1348515869140625,115.06097560975611,9.939024390243903,84.51219512195122,46.25941176470588
3.883022942000025,-16.9701013671875,19.61270144958496,-11.901576452636718,-53.10975609756098,1.524390243902439,-8.536585365853659,46.24764705882353
3.898279386000013,3.402160559082031,7.4208280456542965,0.023942016601562498,-47.926829268292686,-14.878048780487806,6.341463414634147,46.235882352941175
3.913536516000022,3.2333693420410152,10.881646545410156,0.8020575561523438,-74.32926829268294,8.597560975609756,-11.646341463414634,46.24176470588235
3.928765035000197,2.7928362365722657,10.83376251220703,-0.21787235107421873,-22.682926829268293,21.890243902439025,-12.073170731707318,46.24176470588235
3.9440015900004255,-1.476025323486328,7.70573804321289,0.603338818359375,9.390243902439025,13.902439024390246,-16.28048780487805,46.24176470588235
3.959307127000102,-0.852335791015625,8.954314208984375,-0.6763619689941406,16.82926829268293,6.890243902439025,-6.951219512195123,46.25941176470588
3.974604849000116,-0.2753331909179687,4.183867401123047,-0.23223756103515625,62.560975609756106,2.5609756097560976,-8.170731707317074,46.24176470588235
3.989877868000349,-0.7697358337402344,6.457161877441406,-3.3686417358398435,66.76829268292684,19.634146341463417,54.451219512195124,46.235882352941175
4.005748127000061,-19.317616094970703,19.511546429443356,-8.087613208007811,-42.43902439024391,-29.08536585365854,-1.829268292682927,46.2535294117647
4.021042535000106,3.2920272827148436,4.6351744140625,-1.2413935607910156,-41.951219512195124,-21.158536585365855,10.792682926829269,46.24176470588235
4.036302553000041,3.258508459472656,12.43069501953125,-1.1755530151367186,-76.09756097560977,-6.158536585365854,-14.573170731707318,46.235882352941175
4.051627979000386,4.203021014404297,13.048399047851563,1.6160861206054686,-28.84146341463415,9.26829268292683,-12.865853658536587,46.2535294117647
4.066939609000201,0.12330138549804687,4.723759875488281,0.3711012573242187,20.60975609756098,11.951219512195124,-2.25609756097561,46.25941176470588
4.082402090000414,-1.3239935180664062,9.076418493652342,-0.2765302917480469,27.80487804878049,1.4634146341463417,-11.463414634146343,46.25941176470588
4.097728997000104,-1.7788918334960937,7.698555438232422,-0.17597382202148437,69.75609756097562,-3.414634146341464,-10.060975609756099,46.28294117647059
4.11335723800039,0.32561142578124996,19.61270144958496,-3.4680011047363277,29.08536585365854,20.853658536585368,97.07317073170732,46.24764705882353
4.128691368000091,-8.103175518798828,12.101492291259765,-6.898892083740234,-18.29268292682927,-12.560975609756099,-13.536585365853659,46.24176470588235
4.143983923000178,5.719747766113281,5.916072302246094,-2.779668127441406,-55.00000000000001,7.195121951219513,-1.7682926829268295,46.25941176470588
4.1593432380000195,4.139574670410156,1.3204022155761719,-3.1208418640136717,-44.81707317073171,12.439024390243903,-14.329268292682928,46.2535294117647
4.174718553000275,0.9313444458007812,9.306261853027344,-1.9297265380859374,-28.353658536585368,11.646341463414634,-13.536585365853659,46.24176470588235
4.190048238000145,-0.9947907897949219,9.810241302490233,-1.7764976318359373,3.4756097560975614,6.097560975609756,-12.987804878048781,46.24176470588235
4.2053684420002355,-1.071405242919922,8.619125976562499,-0.5195417602539062,37.25609756097561,1.402439024390244,-11.707317073170733,46.2535294117647
4.2206694790002075,-0.5710170959472656,1.1420341918945311,0.18914193115234373,79.26829268292684,3.658536585365854,-15.060975609756099,46.24764705882353
4.235970720000296,4.610035296630859,19.61270144958496,-2.2002713256835937,19.695121951219512,47.37804878048781,103.17073170731709,46.2535294117647
4.251280238000163,-8.620323077392577,8.609549169921875,-2.009932293701172,-26.158536585365855,-17.25609756097561,-18.597560975609756,46.24764705882353
4.266586923000432,4.651933825683593,7.941566906738281,-0.718260498046875,-54.75609756097561,2.8658536585365857,8.597560975609756,46.24764705882353
4.281887701000414,3.7229835815429686,0.7577648254394531,-7.887697369384765,-30.670731707317074,5.121951219512195,-9.878048780487806,46.2535294117647
4.297183497000333,2.9795839660644527,3.2932243835449215,-2.2541408630371094,-5.487804878048781,13.78048780487805,-13.414634146341465,46.230000000000004
4.31247581200023,0.2645592834472656,9.187748870849608,2.474407415771484,9.695121951219512,11.341463414634147,-14.634146341463415,46.24176470588235
4.327742794000187,-2.020706201171875,5.1140147460937495,-1.3551181396484375,51.82926829268293,1.0975609756097562,-7.500000000000001,46.24176470588235
4.34305157100016,-1.2342109558105467,5.6191912963867185,1.66636435546875,77.5609756097561,-1.3414634146341464,2.439024390243903,46.25941176470588
4.357511997000074,-2.883815899658203,19.61270144958496,0.3758896606445312,-46.951219512195124,40.73170731707317,43.78048780487805,46.26529411764706
4.3712562380001145,-7.918821990966796,11.214440576171874,1.4041992736816404,-56.03658536585366,-15.731707317073171,-17.439024390243905,46.2535294117647
4.385009405000346,4.3263223999023435,2.941276739501953,-0.63206923828125,-57.01219512195122,5.121951219512195,6.7682926829268295,46.24764705882353
4.398764645000028,4.023455889892578,10.88523784790039,-0.7745242370605468,-46.707317073170735,2.1341463414634148,-14.756097560975611,46.230000000000004
4.412517164000292,1.838746875,3.9037458068847655,-2.644395733642578,-2.1951219512195124,22.743902439024392,-8.902439024390244,46.24764705882353
4.426254886000152,0.6093243225097655,3.8295255554199215,0.06823474731445311,14.085365853658537,18.658536585365855,-15.121951219512196,46.24764705882353
4.439992923000318,-0.8631096984863281,7.429207751464843,0.11252747802734374,13.902439024390246,3.780487804878049,-9.207317073170733,46.26529411764706
4.453773275000003,-1.0702081420898437,4.034229797363281,0.9313444458007812,67.8658536585366,-4.573170731707317,-8.414634146341465,46.27117647058824
4.467515849000392,-0.6727706665039062,5.652710119628906,-0.1879448303222656,98.84146341463415,-5.487804878048781,55.79268292682927,46.25941176470588
4.481257219000327,-1.0127473022460938,19.61270144958496,-11.748347546386718,-31.76829268292683,10.426829268292684,25.121951219512198,46.25941176470588
4.494985868000185,1.9800047729492187,10.982203015136719,-1.7262193969726563,-47.6829268292683,-8.048780487804878,-1.1585365853658538,46.277058823529416
4.508883923000212,2.8407202697753906,5.097255334472656,-0.033518823242187495,-48.170731707317074,5.853658536585367,-0.30487804878048785,46.2535294117647
4.522636349000095,3.909731311035156,6.317101080322265,-5.404910247802734,-37.6219512195122,13.902439024390246,-4.146341463414634,46.235882352941175
4.536377849000019,1.467645617675781,5.895721588134765,0.38307226562499996,-2.5,18.04878048780488,-10.792682926829269,46.24764705882353
4.550159775000338,-0.5398924743652344,6.382941625976562,2.4444798950195312,18.29268292682927,11.890243902439025,-11.341463414634147,46.235882352941175
4.563906738000242,-1.1575965026855468,7.563283044433593,-2.118868469238281,17.5,2.439024390243903,-9.695121951219512,46.235882352941175
4.577662886000326,0.1149216796875,1.887828009033203,-0.689530078125,91.89024390243904,-0.426829268292683,-8.963414634146343,46.2535294117647
4.591410312000335,0.1975216369628906,19.61270144958496,-1.744175909423828,40.97560975609756,17.865853658536587,58.71951219512196,46.25941176470588
4.605191127000126,-16.334440826416014,19.602526092529295,-9.564835632324218,-32.743902439024396,-12.317073170731708,-6.52439024390244,46.235882352941175
4.618941793000431,2.8622680847167965,8.723273748779297,-1.3060370056152344,-58.17073170731708,-4.085365853658537,-0.853658536585366,46.26529411764706
4.632683090000228,3.5601778686523438,9.36013139038086,0.74699091796875,-60.54878048780488,6.402439024390245,-5.060975609756098,46.2535294117647
4.646480978999989,4.158728283691406,8.125920434570313,-1.0534487304687499,-28.353658536585368,13.414634146341465,-8.292682926829269,46.24176470588235
4.660234738000327,0.6607996582031249,2.7617116149902343,1.9309236389160156,23.78048780487805,13.902439024390246,-13.658536585365855,46.24176470588235
4.673998034000306,-0.8786720092773437,3.968389251708984,0.8295908752441405,19.02439024390244,3.231707317073171,-5.670731707317073,46.24176470588235
4.687747090000357,-1.0785878479003905,3.4668040039062498,-0.09816226806640624,60.85365853658537,-2.1951219512195124,-3.2926829268292686,46.26529411764706
4.701480664000428,-0.8607154968261719,3.7385458923339843,0.17118541870117188,86.28048780487805,-6.2804878048780495,-3.8414634146341466,46.2535294117647
4.715234034000332,2.943670941162109,16.39489441833496,-5.849034655761718,73.96341463414635,30.792682926829272,82.5609756097561,46.25941176470588
4.729035738000221,-5.698199951171874,14.10903038330078,-1.2701239807128906,-48.29268292682927,-30.121951219512198,-3.2926829268292686,46.2535294117647
4.742785090000325,1.0295067138671874,-0.47644613037109373,-1.1863269226074218,-37.19512195121951,-24.573170731707318,6.036585365853659,46.235882352941175
4.757042942000226,2.114080065917969,13.50210026245117,-1.0330980163574217,-63.65853658536586,-7.500000000000001,-4.085365853658537,46.24176470588235
4.772339052999996,5.190629199218749,5.382165332031249,-2.625242120361328,-0.06097560975609757,23.231707317073173,-3.780487804878049,46.224117647058826
4.787631738000073,1.7573440185546874,1.6735469604492186,-1.5753846923828123,22.682926829268293,22.80487804878049,-6.890243902439025,46.2535294117647
4.803949256000124,1.1791443176269532,14.585476513671875,1.0223241088867188,19.451219512195124,16.34146341463415,-6.951219512195123,46.24176470588235
4.819272071000341,-1.2126631408691406,-1.8507178833007811,-3.421314172363281,79.51219512195122,11.28048780487805,-17.621951219512198,46.2535294117647
4.834568849000334,7.900865478515625,19.61270144958496,-2.1883003173828124,9.878048780487806,37.80487804878049,87.01219512195122,46.26529411764706
4.849906645000374,-4.280832568359375,6.141127258300781,-1.8064251525878905,-17.134146341463417,-23.719512195121954,-9.634146341463415,46.2535294117647
4.8653735900002175,2.5378537597656248,3.2836475769042965,-0.5386953735351562,-46.15853658536586,-10.121951219512196,6.707317073170732,46.25941176470588
4.880792681999992,5.201403106689453,4.835090252685546,-3.883395092773437,-53.78048780487806,11.76829268292683,-9.878048780487806,46.24176470588235
4.896114793000379,2.4672248107910155,9.835380419921874,-2.3235727111816407,-20.670731707317074,19.939024390243905,-13.414634146341465,46.27117647058824
4.911410090000118,-0.14963760375976562,8.560468035888672,0.1197100830078125,15.060975609756099,10.975609756097562,-12.80487804878049,46.24764705882353
4.926706515000205,-1.197100830078125,4.571728070068359,0.17836802368164062,19.02439024390244,-2.7439024390243905,-12.195121951219512,46.26529411764706
4.942143293000299,0.3172317199707031,10.64821188354492,2.5725696838378904,66.28048780487805,-7.378048780487806,-12.74390243902439,46.26529411764706
4.957513478000237,7.419630944824219,19.61270144958496,-0.8822633117675781,-20.48780487804878,44.207317073170735,96.95121951219512,46.24176470588235
4.972835756000222,-8.813056311035156,7.542932330322265,-1.7525556152343749,-38.78048780487805,-20.975609756097562,-18.353658536585368,46.24764705882353
4.9881324970001515,3.573345977783203,8.085219006347655,-1.301248602294922,-62.01219512195122,-4.695121951219512,-4.573170731707317,46.24764705882353
5.003671738000321,4.790797521972656,4.455609289550781,-6.259640240478515,-26.646341463414636,3.9024390243902443,-11.28048780487805,46.24764705882353
