0.035347315999842976,-4.944026428222656,-4.165910888671875,-4.259284753417968,25.914634146341466,-93.65853658536587,-83.71951219512196,44.03
0.055279733000134,-3.8953661010742184,4.267664459228516,-3.1459809814453124,10.30487804878049,-4.573170731707317,47.86585365853659,44.03
0.07532511099998374,-1.0175357055664063,-1.8447323791503905,-0.5494692810058593,-14.939024390243905,-0.06097560975609757,-1.829268292682927,43.98882352941177
0.0914398350000738,0.7876923461914062,0.8942343200683593,-0.11252747802734374,15.060975609756099,6.951219512195123,-22.073170731707318,43.994705882352946
0.11157091599989144,0.8475473876953125,1.838746875,-11.416750616455078,9.634146341463415,19.634146341463417,15.853658536585368,44.00058823529412
0.13164640500008318,2.0278888061523435,19.61270144958496,8.86812294921875,-60.304878048780495,32.926829268292686,-15.121951219512196,43.994705882352946
0.15166078399988692,-10.108319409179687,10.261548315429687,-4.294000677490234,42.804878048780495,-19.26829268292683,-30.0609756097561,43.98882352941177
0.17174121800007924,-2.389413256835937,0.594959112548828,0.9157821350097656,41.40243902439025,-34.57317073170732,40.73170731707317,43.994705882352946
0.18704565600000933,-0.36152445068359373,19.61270144958496,9.627084875488281,93.78048780487806,-7.926829268292684,-21.158536585365855,44.006470588235295
0.20693894299984095,-1.1228805786132812,19.61270144958496,-16.50323204345703,-22.500000000000004,-16.219512195121954,-12.560975609756099,44.012352941176474
0.22685645299998214,0.6416460449218749,3.5697546752929687,3.9636008483886718,-1.2195121951219514,25.243902439024392,12.073170731707318,44.006470588235295
0.24700921900011963,2.0446482177734375,4.024652990722656,-8.553285430908202,-145.609756097561,5.670731707317073,5.487804878048781,44.00058823529412
0.26691720999997415,-3.0238766967773434,4.574122271728515,1.0115502014160156,-5.0,-9.756097560975611,-3.5975609756097566,43.994705882352946
0.2870757539999431,3.725377783203125,10.210072979736328,-18.471265808105468,-79.32926829268294,10.487804878048781,26.158536585365855,44.018235294117645
0.30703413299988824,0.9325415466308593,7.15028325805664,4.770446807861328,85.48780487804879,40.0,-29.87804878048781,44.006470588235295
0.32690992100015137,-2.9939491760253905,9.758765966796874,-5.457582684326171,-81.03658536585367,7.8048780487804885,-5.2439024390243905,44.018235294117645
0.3469053740000163,1.4903905334472656,8.528146313476562,4.641159918212891,70.1829268292683,-34.69512195121951,13.536585365853659,44.006470588235295
0.36686010499988697,-10.685322009277343,19.61270144958496,-10.398017810058594,113.41463414634147,-49.146341463414636,-44.08536585365854,44.012352941176474
0.38685518800002683,0.7422025146484375,2.931699932861328,-8.267178332519531,-37.987804878048784,41.707317073170735,7.073170731707318,44.006470588235295
0.40689273299994966,-0.4908113403320312,1.9213468322753906,-0.32920272827148434,-17.5,-5.975609756097562,-16.28048780487805,43.98882352941177
0.4268668350000553,3.1842882080078123,-0.4129997863769531,-14.063540551757812,-52.50000000000001,27.378048780487806,18.475609756097562,44.006470588235295
0.44689256499987096,1.3215993164062498,5.172672686767577,3.1747114013671873,46.646341463414636,-0.426829268292683,-6.158536585365854,44.012352941176474
0.4668546299999434,-2.574963885498047,5.166687182617188,-0.43454760131835934,1.829268292682927,-14.26829268292683,15.000000000000002,44.00058823529412
0.4868673790001594,0.9337386474609375,7.8338278320312495,-0.16639701538085935,5.975609756097562,-1.1585365853658538,-11.036585365853659,44.03
0.5069077389998711,-0.14125789794921875,4.260481854248047,-5.088875628662109,-8.536585365853659,24.634146341463417,34.207317073170735,43.994705882352946
0.5268584330001431,-0.03950432739257812,7.4591352722167965,2.528276953125,108.84146341463416,22.073170731707318,3.048780487804878,44.012352941176474
0.5469186820000687,8.167818963623047,19.61270144958496,-1.351526837158203,52.86585365853659,7.500000000000001,0.9146341463414634,44.006470588235295
0.5669112649998169,2.3247698120117186,3.404554760742187,5.907692596435546,20.853658536585368,-53.41463414634147,-4.573170731707317,44.00058823529412
0.5868931439999869,9.306261853027344,17.227478045654294,-5.427655163574219,-94.81707317073172,-28.414634146341466,41.707317073170735,43.994705882352946
0.6068662640000184,-0.36391865234375,3.189076611328125,0.3746925598144531,-10.731707317073171,42.6829268292683,-20.60975609756098,43.98294117647059
0.6268949939999402,-5.646724615478515,19.61270144958496,5.579686968994141,-12.378048780487806,45.73170731707317,-1.7682926829268295,43.994705882352946
0.6468622620000133,0.13168109130859373,5.863399865722656,4.370615130615234,72.8658536585366,-21.402439024390247,-0.24390243902439027,43.98882352941177
0.6669066780000321,1.0175357055664063,6.432022760009765,1.054645831298828,-70.2439024390244,-24.512195121951223,-8.048780487804878,44.00058823529412
0.6868752979999044,2.8012159423828122,5.428852264404297,-0.7745242370605468,73.47560975609757,1.707317073170732,41.09756097560976,43.97705882352941
0.7068781399998443,5.415684155273437,6.734889270019531,-2.308010400390625,32.43902439024391,48.170731707317074,-17.012195121951223,43.98882352941177
0.7268859079999856,-0.6452373474121094,11.166556542968749,-16.150087298583983,-75.2439024390244,-2.7439024390243905,11.829268292682928,44.018235294117645
0.7468681569998807,0.37229835815429685,9.720458740234374,5.850231756591796,0.6707317073170732,-13.719512195121952,-3.780487804878049,44.00058823529412
0.7668904060001296,-1.0534487304687499,8.482656481933594,-6.193799694824218,-39.57317073170732,-11.707317073170733,0.3658536585365854,44.006470588235295
0.7869233030000942,-1.209071838378906,2.4863784240722655,-5.328295794677734,-31.402439024390247,-10.670731707317074,-20.365853658536587,43.994705882352946
0.8068713309999112,0.00718260498046875,19.61270144958496,11.692083807373047,-8.902439024390244,-37.37804878048781,12.134146341463415,44.012352941176474
0.8268702099999246,-1.073799444580078,6.151901165771484,3.4105402648925778,19.573170731707318,33.170731707317074,-35.1829268292683,44.018235294117645
0.8468881999997393,2.655169641113281,-4.135983367919922,-8.368931903076172,-71.76829268292684,21.097560975609756,-11.52439024390244,43.97705882352941
0.8668758750000052,1.6735469604492186,14.733917016601561,1.3455413330078123,95.97560975609757,-59.57317073170732,-13.902439024390246,44.00058823529412
0.8869139939997694,13.43266841430664,19.61270144958496,4.826710546875,46.21951219512196,-20.853658536585368,109.45121951219514,43.98882352941177
0.9069127439997828,-3.3638533325195312,18.03073270263672,5.616797094726562,-59.93902439024391,48.963414634146346,-8.78048780487805,43.98294117647059
0.9269285300001684,-1.9500772521972656,6.282385156249999,-3.3638533325195312,-24.573170731707318,-14.573170731707318,-17.439024390243905,43.994705882352946
0.9469108530001904,1.3024457031249999,0.105344873046875,-4.709394665527343,-26.219512195121954,-4.085365853658537,-10.548780487804878,43.97705882352941
0.9669494730001134,0.43454760131835934,6.399701037597656,1.8662801940917968,-13.841463414634148,-6.646341463414635,-12.073170731707318,43.97705882352941
0.986913407999964,-2.185906115722656,-3.5051112304687497,-6.478709692382812,-19.81707317073171,9.939024390243903,-1.6463414634146343,44.00058823529412
1.0069560819997605,-0.2597708801269531,19.61270144958496,8.080430603027343,-5.609756097560976,14.817073170731708,-9.939024390243903,43.98882352941177
1.0269170540000232,-4.071339923095703,5.934028814697265,-3.478775012207031,23.170731707317074,-31.34146341463415,-46.89024390243903,43.97705882352941
1.0469156369999837,1.43652099609375,5.103240838623047,1.1935095275878906,87.13414634146342,-60.304878048780495,36.524390243902445,43.97117647058823
1.066918423000061,-3.6355952209472653,19.61270144958496,-0.08499415893554688,12.987804878048781,75.1829268292683,-9.51219512195122,43.98294117647059
1.0869032470000093,3.0071172851562498,19.46485949707031,7.6231380859375,-10.24390243902439,15.914634146341465,13.29268292682927,43.994705882352946
1.1069242919998032,-1.0175357055664063,2.4875755249023435,-6.587645867919922,-19.146341463414636,-18.963414634146343,-26.52439024390244,43.97117647058823
1.1269571150000957,2.032677209472656,7.249642626953125,-0.5363011718749999,-21.402439024390247,10.853658536585368,6.951219512195123,43.98294117647059
1.1469486979999601,1.5586252807617187,7.949946612548827,-9.069235888671875,-53.35365853658537,-10.426829268292684,4.146341463414634,43.98294117647059
1.1669301699998869,6.045359191894531,14.516044665527343,5.683834741210937,39.451219512195124,28.04878048780488,-16.28048780487805,43.98882352941177
1.1870112139999947,-7.20774409790039,6.472724188232421,-15.346832641601562,-3.536585365853659,5.426829268292684,-19.573170731707318,43.98882352941177
1.2069907229997625,6.8402341430664055,9.690531219482422,-5.512649322509765,34.146341463414636,-63.41463414634147,30.487804878048784,44.012352941176474
1.2269355099997483,-0.18435352783203124,-2.5917232971191404,-1.5957354064941405,104.26829268292684,29.75609756097561,38.10975609756098,43.98882352941177
1.2469282600000042,-0.076614453125,2.242169854736328,-4.627991809082031,-135.97560975609758,43.65853658536586,6.463414634146342,44.012352941176474
1.2669344900000397,-2.6862942626953124,2.2457611572265623,-4.542997650146484,-56.463414634146346,-16.097560975609756,-10.853658536585368,43.98882352941177
1.2869366099998842,4.69263525390625,15.974113476562499,-1.0115502014160156,-48.10975609756098,4.024390243902439,4.939024390243903,43.98882352941177
1.3069366929998978,0.47165772705078124,9.035717065429687,3.2716765686035156,22.682926829268293,-3.353658536585366,-0.5487804878048781,43.994705882352946
1.3270974399997613,2.910152117919922,-0.718260498046875,-4.480748406982421,0.426829268292683,-9.817073170731708,12.378048780487806,43.98294117647059
1.3469746350001515,-1.6148890197753905,0.5901707092285156,-4.429273071289062,17.682926829268293,17.25609756097561,4.75609756097561,43.98882352941177
1.3669471260000137,-5.856217260742187,19.61270144958496,-4.751293194580078,7.500000000000001,26.03658536585366,-15.975609756097562,43.97705882352941
1.3869445420000375,-2.0973206542968748,-3.9240965209960934,-3.0071172851562498,47.50000000000001,-25.54878048780488,13.841463414634148,44.006470588235295
1.4069729940001707,5.503072515869141,19.61270144958496,-2.2445640563964844,125.60975609756099,-6.585365853658537,35.609756097560975,43.98882352941177
1.4269505769998432,-2.592920397949219,9.70968483276367,-16.9701013671875,-34.69512195121951,58.29268292682927,16.463414634146343,43.994705882352946
1.4469456229999196,3.0789433349609374,15.665261462402343,9.490615380859374,37.19512195121951,-5.670731707317073,-12.74390243902439,44.012352941176474
1.466944483000134,-4.253299249267578,2.280477081298828,-8.068459594726562,-22.743902439024392,-11.341463414634147,-33.59756097560976,44.006470588235295
1.4869511030001377,0.8080430603027343,0.28730419921875,0.3076549133300781,-28.292682926829272,-19.573170731707318,5.426829268292684,44.012352941176474
1.5069498889997703,3.1316157714843746,-0.00718260498046875,-9.85094273071289,-82.98780487804879,7.439024390243903,4.329268292682928,44.012352941176474
1.526944249999815,2.9891607727050777,0.9636661682128905,1.5322890624999999,21.890243902439025,23.963414634146343,-37.43902439024391,43.994705882352946
1.5469490179998502,-4.4196962646484375,-3.056198419189453,-11.98417640991211,-13.841463414634148,-20.182926829268293,-39.146341463414636,43.994705882352946
1.5669466929998634,0.1867477294921875,9.281122735595703,2.165555401611328,85.42682926829269,-62.43902439024391,26.52439024390244,44.00058823529412
1.586964905000059,-1.7741034301757812,19.50436382446289,-8.364143499755858,3.1707317073170733,64.26829268292684,14.26829268292683,44.00058823529412
1.6069516359998488,-11.298237634277344,12.384008087158202,-13.111845391845703,-34.75609756097561,84.69512195121952,-33.47560975609756,43.994705882352946
1.6269563669998206,5.278017559814453,1.9069816223144531,-3.6284126159667967,-70.67073170731707,-34.024390243902445,3.963414634146342,43.98294117647059
1.6469510420001825,3.7385458923339843,15.224728356933593,5.1331683593749995,45.85365853658537,15.121951219512196,-6.951219512195123,44.00058823529412
1.666955180000059,-1.1959037292480468,5.412092852783203,-2.7186159851074216,-9.756097560975611,-2.987804878048781,-7.073170731707318,44.006470588235295
1.686961169999904,-0.8032546569824218,19.61270144958496,15.11818638305664,-17.804878048780488,-26.89024390243903,-5.365853658536586,44.00058823529412
1.7069621790001293,0.5734112976074218,7.22689771118164,1.1959037292480468,61.15853658536586,-11.463414634146343,-38.35365853658537,44.012352941176474
1.7269590209998569,1.2078747375488281,-5.505466717529297,-7.807491613769531,-49.63414634146342,1.829268292682927,4.024390243902439,44.00058823529412
1.7469574000001558,-0.3076549133300781,-0.2214636535644531,0.7757213378906249,55.243902439024396,28.902439024390247,16.463414634146343,44.006470588235295
1.7669564269999682,3.1316157714843746,17.839196569824217,-8.520963708496094,-56.524390243902445,40.1219512195122,6.036585365853659,43.98882352941177
1.7869598429997495,0.5793968017578125,-0.6380547424316406,-1.0893617553710937,-18.78048780487805,-23.53658536585366,-4.573170731707317,44.018235294117645
1.806960054999763,5.807136126708984,11.504138977050781,-2.887407202148437,-43.963414634146346,-5.121951219512195,-17.621951219512198,44.00058823529412
1.8269579709999562,1.2150573425292968,13.406332196044922,5.966350537109375,10.548780487804878,-22.865853658536587,11.646341463414634,44.012352941176474
1.8469663309997486,0.4321533996582031,19.61270144958496,6.980294940185546,-27.926829268292686,-12.317073170731708,0.7926829268292683,43.98882352941177
1.8669676179997623,0.4800374328613281,-0.5686228942871093,0.48123453369140623,79.45121951219512,-14.634146341463415,-14.329268292682928,44.018235294117645
1.8869786810000733,6.396109735107421,19.61270144958496,-4.14316597290039,-18.597560975609756,-15.121951219512196,-3.231707317073171,43.98882352941177
1.9069990789998883,1.3766659545898436,-1.7262193969726563,-2.9568390502929685,53.17073170731708,26.707317073170735,16.890243902439025,44.006470588235295
1.9269756059998144,0.6596025573730468,19.61270144958496,-12.237961785888672,-39.51219512195122,3.780487804878049,7.743902439024391,43.994705882352946
1.9469768180001665,0.3902548706054687,16.595408807373047,7.45075556640625,21.585365853658537,-12.256097560975611,-12.560975609756099,44.02411764705882
1.9669768079997993,-0.11013327636718749,2.9939491760253905,-4.2497079467773435,-47.6829268292683,-20.975609756097562,11.341463414634147,43.98882352941177
1.986977872999887,0.7685387329101562,3.8582559753417964,-2.479195819091797,-15.000000000000002,-7.743902439024391,-6.2804878048780495,44.012352941176474
2.006976788999964,1.2617442749023438,10.825382806396483,-1.4772224243164063,-38.71951219512196,30.121951219512198,-1.1585365853658538,43.994705882352946
2.0269779079999353,-1.0809820495605469,10.66856259765625,3.537432952880859,9.26829268292683,-6.7682926829268295,26.76829268292683,43.97705882352941
2.046978195000065,7.061697796630859,19.61270144958496,-2.346317626953125,28.902439024390247,-8.536585365853659,13.658536585365855,44.012352941176474
2.0669793510001,-0.39743747558593745,-0.49320554199218747,-0.04548983154296875,68.17073170731707,9.451219512195122,6.219512195121951,44.006470588235295
2.08698595199985,-5.058948107910156,19.61270144958496,-5.044582897949218,102.98780487804879,10.792682926829269,-63.35365853658537,43.98882352941177
2.106966738999745,-7.049726788330077,0.06105214233398437,-3.4907460205078125,-52.5609756097561,-25.121951219512198,-20.975609756097562,44.03
2.1269837099998767,2.940079638671875,4.917690209960937,-1.4317325927734375,-58.41463414634147,-9.695121951219512,23.963414634146343,44.012352941176474
2.146981162999964,-5.571307263183593,9.589974749755859,-12.739547033691405,-51.40243902439025,32.6219512195122,-4.75609756097561,44.006470588235295
2.1669809310001256,0.8870517150878906,8.963891015625,1.9237410339355467,56.21951219512196,-11.463414634146343,11.707317073170733,44.006470588235295
2.1869837919998645,0.06105214233398437,0.6392518432617187,-12.003330023193358,-27.682926829268297,-5.731707317073171,-1.2195121951219514,44.00058823529412
2.20699402199989,-0.4560954162597656,16.168043811035155,7.11197603149414,-15.000000000000002,11.52439024390244,-9.390243902439025,44.006470588235295
2.227021605000118,1.8698714965820311,3.005920184326172,-8.172607366943359,45.426829268292686,-18.719512195121954,6.463414634146342,43.98294117647059
2.2469890580000538,-0.051475335693359374,19.15840168457031,4.873397479248046,22.012195121951223,14.146341463414636,5.182926829268293,44.006470588235295
2.266988695999771,-3.414131567382812,19.61270144958496,2.2852654846191407,47.37804878048781,30.914634146341466,20.121951219512198,43.97705882352941
2.28740918099993,0.35194764404296874,-1.005564697265625,-1.6998831787109374,-6.097560975609756,-5.548780487804878,-5.731707317073171,44.012352941176474
2.307085989999905,-2.3247698120117186,19.61270144958496,6.011840368652344,-73.90243902439025,-9.146341463414634,3.963414634146342,43.98294117647059
2.3270096289998037,0.16160861206054686,4.065354418945312,0.2214636535644531,-21.219512195121954,-3.9024390243902443,-1.0365853658536586,44.018235294117645
2.347392133000085,-1.3072341064453123,2.910152117919922,-8.231265307617187,-18.902439024390244,13.902439024390246,-5.7926829268292686,44.006470588235295
2.367436603999977,2.8730419921875,0.9145850341796874,-11.623849060058593,-82.19512195121952,-10.121951219512196,4.2682926829268295,43.98294117647059
2.3874254460001794,0.5111620544433594,17.16044039916992,6.430825659179687,54.81707317073171,21.463414634146343,-2.25609756097561,43.98882352941177
2.4075227680000353,-0.5422866760253906,-0.39863457641601563,-4.717774371337891,-3.048780487804878,-33.90243902439025,-16.890243902439025,44.00058823529412
2.4274419439998383,0.6763619689941406,-2.9795839660644527,-1.3778630554199218,88.47560975609757,-17.195121951219512,12.073170731707318,44.006470588235295
2.4474493970001276,9.637858782958984,13.318943835449218,-13.101071484375,-114.75609756097562,9.390243902439025,5.609756097560976,43.994705882352946
2.467446034999739,-3.398569256591797,5.5449710449218745,-7.523778717041015,-62.25609756097562,32.6219512195122,-21.76829268292683,43.98294117647059
2.4874553029999333,1.7741034301757812,19.61270144958496,1.3096283081054687,-45.85365853658537,-29.81707317073171,8.536585365853659,43.98294117647059
2.5074661819999164,-2.877830395507812,1.7477672119140624,-3.2716765686035156,7.317073170731708,30.54878048780488,-10.975609756097562,44.018235294117645
2.5274497830000655,1.2330138549804688,5.985504150390625,-3.058592620849609,-46.768292682926834,1.7682926829268295,2.5,43.98294117647059
2.5474812910001674,-0.46806642456054687,6.733692169189453,1.6675614562988281,34.63414634146342,3.8414634146341466,22.134146341463417,44.012352941176474
2.5674527450000824,-1.426944189453125,5.706579656982422,-6.546944439697265,-5.426829268292684,-30.30487804878049,-35.487804878048784,44.006470588235295
2.587452568000117,0.3459621398925781,-7.334636785888671,-4.100070343017578,48.65853658536586,14.878048780487806,-1.7682926829268295,43.994705882352946
2.607446446999802,-9.888052856445311,18.467674505615232,-1.4712369201660156,0.06097560975609757,-6.7682926829268295,11.585365853658537,43.98882352941177
2.6275104549999924,3.9049429077148434,14.000094207763672,1.408987677001953,-40.54878048780488,-0.48780487804878053,-14.085365853658537,44.012352941176474
2.6474617049998415,-2.0661960327148434,18.59097589111328,4.691438153076172,-23.414634146341466,17.865853658536587,5.670731707317073,44.00058823529412
2.667498119999891,-0.027533319091796873,14.656105462646483,4.782417816162109,-13.353658536585368,-15.609756097560977,6.341463414634147,44.006470588235295
2.6874585179998576,-0.38786066894531246,2.935291235351562,-0.42975919799804685,3.5975609756097566,14.085365853658537,5.121951219512195,44.00058823529412
2.70751750799991,-2.057816326904297,-1.8279729675292968,-9.6917283203125,-75.91463414634147,-3.7195121951219514,-6.951219512195123,43.994705882352946
2.727463942999748,-0.02154781494140625,19.61270144958496,9.855731134033203,40.0609756097561,-27.073170731707318,17.073170731707318,44.006470588235295
2.7474587289998453,0.9253589416503906,-4.396951348876953,-4.206612316894531,32.13414634146342,15.975609756097562,4.451219512195122,43.994705882352946
2.767493292999916,-0.4704606262207031,16.92461153564453,4.806359832763672,54.451219512195124,7.195121951219513,44.08536585365854,44.012352941176474
2.787469764999969,6.695384942626953,14.125789794921873,-19.6133,-24.939024390243905,-27.134146341463417,-28.231707317073173,44.006470588235295
2.8075068289999763,1.9788076721191405,-0.3136404174804687,-1.6328455322265625,-25.48780487804878,28.719512195121954,8.658536585365855,44.006470588235295
2.827508392999789,-0.003591302490234375,7.003039855957031,-5.418078356933593,-101.15853658536587,46.768292682926834,-12.073170731707318,44.00058823529412
2.8475270859999,1.1252747802734375,1.016338604736328,-2.090138049316406,-2.25609756097561,-8.414634146341465,20.54878048780488,44.00058823529412
2.867514632000166,0.9516951599121093,-0.3591302490234375,-5.066130712890625,-99.14634146341464,-14.634146341463415,4.573170731707317,44.006470588235295
2.887624749999759,-0.023942016601562498,13.182474340820312,3.7696705139160156,26.158536585365855,-13.04878048780488,6.890243902439025,44.006470588235295
2.9075276119997397,-2.8203695556640622,12.510900775146483,-11.871648931884765,-23.902439024390247,-24.878048780487806,-17.134146341463417,43.97705882352941
2.927518417000101,1.2222399475097656,0.852335791015625,0.3280056274414062,77.19512195121952,-11.951219512195124,-7.195121951219513,44.006470588235295
2.947517851000157,-1.9321207397460936,9.587580548095703,0.00239420166015625,51.585365853658544,-29.512195121951223,81.40243902439025,44.006470588235295
2.9675176559999272,8.814253411865234,19.61270144958496,-3.0214824951171875,-3.7195121951219514,13.29268292682927,-61.646341463414636,43.98882352941177
2.9875480350001453,0.16998831787109375,5.548562347412109,-3.0741549316406247,-41.768292682926834,22.25609756097561,18.475609756097562,43.994705882352946
3.007522025000071,-3.3315316101074215,9.323021264648437,-7.170633972167968,-87.8048780487805,4.695121951219512,-2.073170731707317,43.994705882352946
3.0275642000001426,1.3778630554199218,8.640673791503906,1.140837091064453,-18.353658536585368,-11.402439024390246,29.75609756097561,43.97705882352941
3.0475241159997495,-3.5601778686523438,19.61270144958496,-2.0350714111328125,-41.34146341463415,30.365853658536587,-7.439024390243903,44.006470588235295
3.0676245680001557,-0.10773907470703124,17.55668077392578,8.939948999023438,69.51219512195122,-21.585365853658537,35.1829268292683,44.00058823529412
3.0875620399997388,2.5043349365234375,19.61270144958496,7.437587457275391,27.5609756097561,30.60975609756098,4.51219512195122,44.012352941176474
3.107521660999737,0.22864625854492185,0.5530605834960938,-0.9265560424804687,84.14634146341464,10.182926829268293,0.6097560975609757,43.994705882352946
3.127580982999916,3.017891192626953,19.61270144958496,-11.65736788330078,56.524390243902445,-15.79268292682927,-32.5,43.994705882352946
3.1475194929998906,-0.5231330627441406,17.329231616210937,-3.6427778259277344,18.04878048780488,-41.463414634146346,-46.524390243902445,43.98294117647059
3.1675826860000598,-0.9876081848144531,0.8655039001464844,-3.0214824951171875,-7.865853658536586,29.81707317073171,17.5609756097561,44.00058823529412
3.187544138999783,-1.1959037292480468,3.871424084472656,-2.4289175842285156,-31.707317073170735,-12.195121951219512,-9.756097560975611,44.006470588235295
3.2075874060001297,2.996343377685547,13.895946435546874,1.3287819213867187,-6.463414634146342,42.6829268292683,10.30487804878049,43.98882352941177
3.227543545000117,0.7386112121582031,2.586934893798828,1.659181750488281,2.3170731707317076,-3.8414634146341466,13.170731707317074,44.00058823529412
3.2475858869997865,0.5015852478027344,-3.7672763122558592,-7.26520493774414,26.58536585365854,13.719512195121952,12.378048780487806,44.006470588235295
3.2675454509999327,-0.8403647827148437,4.696226556396484,-2.318784307861328,-5.2439024390243905,0.9146341463414634,-6.7682926829268295,43.98294117647059
3.287560459999895,0.181959326171875,-4.772841009521484,-3.6643256408691403,-20.0,17.5,18.719512195121954,43.994705882352946
3.307557172000088,-6.455964776611328,8.443152154541016,-15.31570802001953,-72.6219512195122,-5.060975609756098,-85.85365853658537,43.994705882352946
3.3275738649999766,7.319074475097656,19.61270144958496,12.689268798828124,24.695121951219516,-103.78048780487806,16.402439024390244,43.97705882352941
3.347615465999752,-0.17357962036132812,3.1830911071777344,2.243366955566406,-17.98780487804878,37.926829268292686,22.621951219512198,43.98882352941177
3.3675560679998853,-3.0418332092285154,19.61270144958496,7.850587243652344,17.621951219512198,14.02439024390244,13.170731707317074,44.00058823529412
3.387827555000058,-2.0554221252441405,19.61270144958496,-3.323151904296875,-17.195121951219512,1.9512195121951221,-3.658536585365854,43.98882352941177
3.4076284729999315,0.07541735229492187,-0.7481880187988281,-1.9500772521972656,40.1219512195122,13.841463414634148,20.670731707317074,44.012352941176474
3.4275534270000207,3.0502129150390624,4.614823699951172,-0.9169792358398436,-18.963414634146343,22.073170731707318,17.073170731707318,43.98294117647059
3.4475473990000864,0.040701428222656245,0.6955155822753906,0.1975216369628906,84.69512195121952,12.865853658536587,16.82926829268293,44.012352941176474
3.467566055000134,-13.324929339599608,19.61270144958496,-9.849745629882811,-11.158536585365855,36.40243902439025,-46.768292682926834,44.006470588235295
3.487551564000114,4.205415216064453,5.143942266845703,-3.1974563171386716,23.78048780487805,-85.00000000000001,-21.28048780487805,43.994705882352946
3.5075889790000474,5.238513232421875,10.073603485107421,-3.8857892944335934,-62.31707317073171,32.19512195121951,19.634146341463417,43.994705882352946
3.5275534329998663,-0.36631285400390623,4.091690637207031,-0.5147533569335937,-6.158536585365854,-5.365853658536586,3.5975609756097566,44.00058823529412
3.547591051999916,-1.6172832214355468,13.882778326416014,2.663549346923828,-35.73170731707317,19.634146341463417,22.378048780487806,43.98882352941177
3.5675507460000517,0.38666356811523434,2.091335150146484,0.31004911499023435,4.085365853658537,34.51219512195122,-21.34146341463415,44.006470588235295
3.5875521809998645,-0.59376201171875,19.61270144958496,8.99501563720703,2.25609756097561,33.47560975609756,-1.524390243902439,44.012352941176474
3.6075460409997504,4.799177227783203,17.57104598388672,-1.3275848205566405,12.621951219512196,-58.59756097560976,7.134146341463415,44.006470588235295
3.627563642000041,3.142389678955078,7.050923889160156,1.1875240234375,67.6219512195122,11.951219512195124,31.03658536585366,44.00058823529412
3.6475811320001412,-11.857283721923828,19.61270144958496,-1.7944541442871094,90.2439024390244,5.426829268292684,-44.57317073170732,43.98882352941177
3.6675583999999617,5.0385973937988275,19.61270144958496,-4.030638494873046,51.03658536585366,-25.000000000000004,-5.548780487804878,44.00058823529412
3.6875965190001807,-2.807201446533203,3.0334535034179684,-2.6240450195312497,-14.390243902439027,16.82926829268293,22.5609756097561,44.012352941176474
3.7076715640000657,-0.9995791931152344,7.882908966064453,2.31758720703125,8.719512195121952,2.3170731707317076,-2.8658536585365857,44.012352941176474
3.727607369999987,4.444835382080078,13.53442198486328,1.0007762939453124,12.378048780487806,7.926829268292684,10.731707317073171,43.994705882352946
3.74759995300019,1.0043675964355467,5.050568402099609,-0.5027823486328125,1.707317073170732,-4.939024390243903,3.7195121951219514,43.98882352941177
3.767619941999783,-0.16879121704101563,-0.6081272216796875,-1.1168950744628905,3.231707317073171,29.451219512195124,-1.3414634146341464,44.012352941176474
3.7876086549999854,-1.4963760375976562,1.8040309509277344,-3.7696705139160156,23.170731707317074,-34.390243902439025,1.3414634146341464,43.98882352941177
3.807638162999865,1.9225439331054686,-5.595249279785156,-1.4425065002441406,4.51219512195122,15.731707317073171,55.1219512195122,43.98882352941177
3.827610856999854,-0.6404489440917969,19.61270144958496,0.3890577697753906,-8.658536585365855,12.378048780487806,-136.76829268292684,44.02411764705882
3.8476484389998404,-5.064933612060546,-3.9827544616699218,-14.188039038085936,-115.60975609756099,-84.26829268292684,15.243902439024392,44.018235294117645
3.8676073560000077,-3.1950621154785153,8.735244757080078,-6.32667788696289,-52.01219512195122,19.75609756097561,17.804878048780488,44.006470588235295
3.8876517339999737,0.13287819213867186,6.433219860839843,3.930082025146484,20.60975609756098,2.3170731707317076,13.414634146341465,43.994705882352946
3.907618168999761,2.2972364929199216,12.052411157226562,-2.896984008789062,24.939024390243905,-1.0975609756097562,3.9024390243902443,44.006470588235295
3.927613158999975,1.3826514587402343,-0.9157821350097656,-1.4700398193359374,23.414634146341466,25.670731707317074,16.158536585365855,43.994705882352946
3.9476202969999576,-5.9208607055664055,19.61270144958496,-2.1152771667480468,7.926829268292684,-6.951219512195123,-19.939024390243905,44.012352941176474
3.9676105839998854,1.227028350830078,-5.682637640380859,-1.5550339782714844,65.60975609756098,-18.475609756097562,-7.560975609756098,44.012352941176474
3.987631350999891,3.190273712158203,7.4411787597656245,-3.2740707702636715,54.63414634146342,-18.84146341463415,78.90243902439025,44.03
4.007644933999927,7.256825231933593,19.61270144958496,-3.896563201904297,-14.451219512195124,-30.365853658536587,-37.5609756097561,43.994705882352946
4.027602610000031,-2.3439234252929686,9.683348614501952,-11.615469354248047,-33.53658536585366,39.207317073170735,13.841463414634148,43.994705882352946
4.047617543999877,-0.45489831542968745,11.669338891601562,2.7844565307617186,-40.1829268292683,8.048780487804878,4.207317073170732,43.98294117647059
4.067609292999805,2.461239306640625,3.9983167724609374,-7.0832456115722655,-28.353658536585368,3.2926829268292686,13.109756097560977,43.994705882352946
4.087620504999904,-3.1268273681640624,19.05784521484375,-1.2593500732421874,-56.707317073170735,28.780487804878053,-4.146341463414634,44.012352941176474
4.107626070000151,1.1133037719726562,8.683769421386717,4.369418029785156,30.30487804878049,-23.53658536585366,17.865853658536587,43.994705882352946
4.127650484999776,2.849099975585937,-0.1197100830078125,-14.642937353515624,-58.23170731707317,3.8414634146341466,9.26829268292683,44.012352941176474
4.147618124000019,0.7936778503417968,1.678335363769531,0.7864952453613281,93.35365853658537,24.26829268292683,4.451219512195122,43.994705882352946
4.16765885399991,-3.744531396484375,12.258312499999999,-12.301408129882812,-23.658536585365855,-21.646341463414636,-18.231707317073173,44.00058823529412
4.187661455000125,6.396109735107421,14.25627378540039,-4.8314989501953125,-62.37804878048781,-31.646341463414636,-4.2682926829268295,44.00058823529412
4.207660853000107,-0.6703764648437499,5.069722015380859,0.737414111328125,-13.963414634146343,31.03658536585366,6.829268292682928,44.018235294117645
4.227663398000004,-2.5067291381835934,16.211139440917968,3.1663316955566403,-27.500000000000004,-14.939024390243905,0.9756097560975611,44.006470588235295
4.247674610000104,-0.6763619689941406,15.332467431640625,3.83072265625,9.573170731707318,9.085365853658537,0.6707317073170732,43.98882352941177
4.26766274900001,3.0418332092285154,6.262034442138671,-9.587580548095703,-57.804878048780495,3.048780487804878,9.390243902439025,44.006470588235295
4.2876818310001,4.878185882568359,19.61270144958496,10.978611712646483,89.81707317073172,21.463414634146343,-11.585365853658537,44.018235294117645
4.307675709999785,-5.837063647460937,7.68658442993164,-6.279990954589843,17.378048780487806,6.463414634146342,-13.658536585365855,44.006470588235295
4.327699514999949,-2.1619640991210938,4.734533782958984,-4.697423657226563,7.378048780487806,-35.670731707317074,43.35365853658537,43.98882352941177
4.347716855999806,5.875370874023437,19.61270144958496,9.715670336914062,103.78048780487806,-47.37804878048781,-58.04878048780488,44.012352941176474
4.367722568999852,-4.187458703613281,17.44295619506836,-6.5218053222656245,-39.75609756097561,16.70731707317073,3.1097560975609757,44.012352941176474
4.387664892999965,0.7685387329101562,16.37514225463867,9.030928662109375,10.0,5.609756097560976,7.439024390243903,43.98882352941177
4.407751993000147,0.16998831787109375,11.21683477783203,-3.545812658691406,-18.04878048780488,2.25609756097561,0.5487804878048781,44.00058823529412
4.427713206000135,-1.5634136840820312,5.764040496826172,0.6248866333007812,13.841463414634148,21.219512195121954,13.04878048780488,44.02411764705882
4.448061098999915,1.7214309936523438,-0.9804255798339843,-7.238868719482421,-10.853658536585368,-9.878048780487806,-10.0,44.012352941176474
4.467655908999859,0.22744915771484372,17.290924389648435,3.1364041748046874,19.878048780487806,17.31707317073171,-5.121951219512195,43.98294117647059
4.488134652000099,-0.74699091796875,0.058657940673828124,-1.388636962890625,74.69512195121952,-19.146341463414636,5.2439024390243905,44.006470588235295
4.507688648000112,1.9201497314453124,19.26614075927734,5.767631799316406,-9.02439024390244,36.21951219512196,8.963414634146343,44.02411764705882
4.5276750080001875,-9.860519537353515,19.61270144958496,-11.92551846923828,-32.43902439024391,-15.670731707317074,-65.0609756097561,43.994705882352946
4.547670980000021,-0.9409212524414062,14.306552020263672,4.116829754638672,-0.853658536585366,-8.658536585365855,6.341463414634147,43.994705882352946
4.567793487000017,0.9600748657226562,5.950788226318359,-1.467645617675781,-0.853658536585366,26.707317073170735,12.682926829268293,44.00058823529412
4.587731737000013,-2.1320365783691404,2.7545290100097652,-6.606799481201172,-28.04878048780488,-14.329268292682928,-15.487804878048783,44.012352941176474
4.607681430999946,-0.3172317199707031,19.38944214477539,4.957194537353515,-13.109756097560977,-1.0365853658536586,11.829268292682928,43.98294117647059
4.627693346999877,0.6727706665039062,2.7808652282714843,-5.377376928710937,-7.621951219512196,19.207317073170735,-6.707317073170732,44.006470588235295
4.6476809860000685,-8.427589843749999,8.072050897216796,-15.860388897705077,-62.6219512195122,15.000000000000002,-16.52439024390244,44.018235294117645
4.667679678999775,1.8100164550781248,6.794744311523437,-4.313154290771484,-20.243902439024392,-3.8414634146341466,36.21951219512196,43.98882352941177
4.687684613999863,-0.18914193115234373,-2.7341782958984373,0.020350714111328123,97.7439024390244,40.73170731707317,41.34146341463415,43.98882352941177
4.707854398000109,-3.736151690673828,18.580201983642578,-9.018957653808593,-4.390243902439025,18.902439024390244,-69.45121951219512,43.98882352941177
4.727687520000018,-0.0526724365234375,2.1547814941406247,1.5885528015136718,-14.390243902439027,-47.50000000000001,29.75609756097561,44.00058823529412
4.747678935999829,6.871358764648437,10.328585961914062,-7.720103253173828,-105.73170731707317,5.548780487804878,8.231707317073171,44.00058823529412
4.767690165999738,0.19512743530273435,-1.0666168395996094,-1.8758570007324218,20.670731707317074,1.7682926829268295,-13.353658536585368,44.012352941176474
4.787684157000058,-0.6368576416015624,7.211335400390625,-3.4572271972656248,-30.792682926829272,-5.548780487804878,4.207317073170732,43.98294117647059
4.807680127999902,2.876633294677734,2.9376854370117185,-8.060079888916015,-55.365853658536594,22.073170731707318,24.390243902439025,43.994705882352946
4.827681414999915,-5.2073886108398435,19.61270144958496,-3.1842882080078123,20.60975609756098,15.609756097560977,-29.146341463414636,43.98882352941177
4.8476910159997715,-0.70868369140625,-2.895786907958984,-4.359841223144531,48.71951219512196,-30.487804878048784,1.402439024390244,44.018235294117645
4.867695431999891,-2.129642376708984,9.973047015380859,1.7202338928222656,82.37804878048782,-23.29268292682927,38.35365853658537,44.012352941176474
4.8877016810001805,-3.872621185302734,-1.2677297790527342,-19.6133,-93.29268292682927,56.34146341463415,14.146341463414636,44.018235294117645
4.907696652000141,-1.2018892333984375,-0.44532150878906246,-0.1975216369628906,-18.170731707317074,0.1829268292682927,12.682926829268293,44.006470588235295
4.927692476000175,4.732139581298828,11.811793890380859,1.7609353210449217,-90.3658536585366,29.75609756097561,-6.097560975609756,44.012352941176474
4.9476873359999445,1.8028338500976562,12.43668052368164,2.3535002319335936,8.109756097560977,-37.86585365853659,10.731707317073171,44.012352941176474
4.967690586000117,3.0035259826660154,19.61270144958496,-0.14963760375976562,-14.329268292682928,-15.609756097560977,11.28048780487805,44.006470588235295
4.987691686999824,0.27892449340820313,-0.9648632690429687,-2.7042507751464844,36.707317073170735,23.29268292682927,-24.573170731707318,43.98882352941177
5.0076972510000815,-6.7839704040527335,-4.886565588378906,-18.753781604003905,-50.243902439024396,37.01219512195122,-30.670731707317074,44.018235294117645
