0.03546759299979385,0.8894459167480468,16.596605908203124,4.560954162597656,13.353658536585368,13.963414634146343,-6.951219512195123,42.87705882352941
0.05246439800021108,1.3874398620605468,15.744270117187499,5.414487054443359,31.158536585365855,17.378048780487806,-8.109756097560977,42.85941176470588
0.07156078900015928,2.6431986328124997,12.939462872314452,2.1918916198730467,77.7439024390244,30.0609756097561,25.30487804878049,42.88294117647059
0.09167401800004882,2.6599580444335937,19.61270144958496,-5.000290167236328,-33.04878048780488,21.158536585365855,-20.54878048780488,42.86529411764706
0.11175930299987158,-1.1575965026855468,4.311957189941406,-4.155136981201172,-16.097560975609756,19.878048780487806,5.670731707317073,42.853529411764704
0.13155242599987105,2.076969940185547,2.961627453613281,-2.2194249389648437,-29.08536585365854,8.719512195121952,-4.634146341463415,42.84764705882353
0.15081733199986047,-2.2780828796386716,17.021576702880857,2.3355437194824216,-26.09756097560976,27.134146341463417,-6.585365853658537,42.841764705882355
0.1706092690001242,-0.8080430603027343,10.94868419189453,0.9935936889648437,4.207317073170732,20.975609756097562,-6.890243902439025,42.85941176470588
0.19056168599990997,1.1372457885742187,11.427524523925781,3.7624879089355465,31.463414634146343,18.231707317073173,-5.121951219512195,42.86529411764706
0.21055971299983867,0.3711012573242187,4.6064439941406246,0.5434837768554687,71.40243902439025,20.975609756097562,-10.0,42.87117647058824
0.2305935919998774,-14.650119958496093,16.86236229248047,-10.36210478515625,-28.53658536585366,21.34146341463415,-7.439024390243903,42.841764705882355
0.25009829200007516,4.6064439941406246,4.02824429321289,-3.641580725097656,-74.32926829268294,20.182926829268293,22.926829268292686,42.87117647058824
0.2698532479998903,2.080561242675781,6.461950280761719,-2.6396073303222654,-47.43902439024391,0.7317073170731708,-3.536585365853659,42.88294117647059
0.2898427569998603,-0.6440402465820312,13.500903161621093,0.958877764892578,-12.621951219512196,3.048780487804878,-7.317073170731708,42.894705882352945
0.3098441540000749,0.8643067993164062,7.696161236572265,0.39145197143554683,45.91463414634147,-1.0365853658536586,7.25609756097561,42.85941176470588
0.32985755199979394,0.15442600708007811,-4.551377355957031,-4.313154290771484,25.121951219512198,-9.26829268292683,2.439024390243903,42.84764705882353
0.34828106099985234,-0.2825157958984375,13.913902947998046,1.4520833068847656,104.63414634146342,-2.0121951219512195,-14.51219512195122,42.86529411764706
0.36694427200018254,-0.46208092041015625,2.7820623291015623,-3.831919757080078,-87.19512195121952,-8.414634146341465,-25.54878048780488,42.85941176470588
0.38690611399988484,3.0729578308105467,2.194285821533203,-0.7493851196289062,-57.43902439024391,13.658536585365855,23.719512195121954,42.87117647058824
0.40694477099987125,0.7900865478515624,-4.940435125732422,-5.702988354492187,-87.5609756097561,1.7682926829268295,-2.9268292682926833,42.86529411764706
0.42690864999985934,-0.42018239135742186,-3.7146038757324216,-6.738480572509765,-63.71951219512196,-0.9146341463414634,-1.524390243902439,42.86529411764706
0.4469549539999207,0.9504980590820312,15.058331341552734,4.340687609863281,14.695121951219514,-2.5609756097560976,6.52439024390244,42.86529411764706
0.46691048200000296,0.7888894470214843,9.12310542602539,2.452859600830078,68.35365853658537,-8.414634146341465,-0.30487804878048785,42.87705882352941
0.4869108610000694,1.5478513732910155,4.7381250854492185,-1.1061211669921875,71.28048780487805,11.52439024390244,-0.6097560975609757,42.85941176470588
0.5069272949999686,-0.5159504577636719,0.20709844360351562,-1.426944189453125,-99.14634146341464,-8.658536585365855,1.829268292682927,42.87117647058824
0.5269315820000884,0.9876081848144531,19.61270144958496,2.3630770385742186,9.26829268292683,11.52439024390244,14.573170731707318,42.85941176470588
0.5469808859998011,-0.4477157104492187,9.859322436523437,0.239420166015625,-5.975609756097562,33.71951219512196,-3.1097560975609757,42.87117647058824
0.5669305430001259,0.834379278564453,6.804321118164062,-0.8714894042968749,-32.5609756097561,17.621951219512198,-6.097560975609756,42.853529411764704
0.586924867000107,1.678335363769531,8.305485559082031,0.5662286926269531,32.37804878048781,10.060975609756099,2.1951219512195124,42.87117647058824
0.6069235049999406,0.031124621582031248,0.5458779785156249,0.28969840087890625,37.37804878048781,2.682926829268293,-15.365853658536587,42.86529411764706
0.6269268470000497,-1.5538368774414062,1.5131354492187499,-5.425260961914062,7.25609756097561,3.658536585365854,-2.1951219512195124,42.87705882352941
0.6469276520001586,9.014169250488282,10.319009155273436,-4.954800335693359,-121.70731707317074,23.10975609756098,-7.865853658536586,42.85941176470588
0.6669288090001828,0.8224082702636718,0.5758054992675781,-2.300827795410156,-25.853658536585368,36.09756097560976,-5.182926829268293,42.853529411764704
0.6869298920000801,-8.869320050048827,9.198522778320312,-5.003881469726562,-57.6219512195122,4.695121951219512,-4.146341463414634,42.86529411764706
0.7069244190001882,-0.4836287353515625,16.916231829833983,1.678335363769531,-3.7195121951219514,-19.573170731707318,5.548780487804878,42.853529411764704
0.7269328719999066,1.6903063720703124,4.910507604980468,1.0666168395996094,-7.073170731707318,15.853658536585368,-1.8902439024390245,42.86529411764706
0.7469443989998581,0.07302315063476562,12.087127081298828,3.355473626708984,24.02439024390244,9.634146341463415,-4.390243902439025,42.85941176470588
0.7669324809999125,-0.16041151123046873,0.0,-3.438073583984375,23.53658536585366,21.463414634146343,-0.9756097560975611,42.853529411764704
0.7869313790001797,-0.04908113403320312,17.247828759765625,-8.890867864990234,30.914634146341466,19.451219512195124,7.134146341463415,42.853529411764704
0.8069602020000275,-2.900575311279297,-0.13646949462890623,-2.7581203125,-90.48780487804879,0.06097560975609757,-11.646341463414634,42.88294117647059
0.8269343040001331,1.0283096130371092,17.252617163085937,-2.142810485839844,-17.195121951219512,5.121951219512195,5.182926829268293,42.84764705882353
0.8469411639998725,1.1228805786132812,-0.7829039428710937,-5.358223315429687,-27.012195121951223,-6.097560975609756,2.073170731707317,42.87117647058824
0.8669350800000757,0.8355763793945312,5.519831927490234,-3.0813375366210938,-7.25609756097561,0.1829268292682927,-4.207317073170732,42.853529411764704
0.8869365330001528,0.05027823486328125,2.9640216552734375,-1.3347674255371094,-7.926829268292684,3.8414634146341466,-5.426829268292684,42.85941176470588
0.9069347640001979,0.13766659545898435,0.8678981018066406,-1.6136919189453125,29.512195121951223,-0.9756097560975611,0.30487804878048785,42.83
0.927082437000081,0.7709329345703124,16.90665502319336,-2.0374656127929685,79.20731707317074,-1.402439024390244,17.98780487804878,42.841764705882355
0.947085965000042,-2.664746447753906,-1.4975731384277342,1.6675614562988281,-64.08536585365854,-6.2804878048780495,12.01219512195122,42.841764705882355
0.9670537140000306,0.8188169677734375,11.435904229736327,-4.126406561279297,-40.73170731707317,-4.390243902439025,10.792682926829269,42.85941176470588
0.9880703769999855,0.4213794921875,1.5418658691406248,-0.719457598876953,-23.10975609756098,10.609756097560977,-6.219512195121951,42.841764705882355
1.0069542139999612,-1.274912384033203,-0.9241618408203125,-5.108029241943359,-48.170731707317074,19.32926829268293,-2.682926829268293,42.853529411764704
1.0273291260000406,1.6938976745605467,9.364919793701171,0.6236895324707031,8.353658536585366,29.634146341463417,-3.658536585365854,42.841764705882355
1.0469413430000714,0.3651157531738281,-3.944447235107422,-4.6351744140625,110.1219512195122,26.158536585365855,-6.2804878048780495,42.85941176470588
1.0669539250002344,3.199850518798828,19.61270144958496,2.2876596862792966,136.21951219512195,49.57317073170732,23.963414634146343,42.84764705882353
1.0869746739999755,-1.9093758239746093,2.560598675537109,-7.924807495117187,-99.39024390243904,18.414634146341466,-26.09756097560976,42.85941176470588
1.106967516000168,1.3335703247070312,1.2880804931640624,-7.599196069335937,-102.43902439024392,16.76829268292683,-2.8658536585365857,42.853529411764704
1.1272480590000669,1.1444283935546875,15.00326470336914,1.9800047729492187,-24.390243902439025,9.146341463414634,0.3658536585365854,42.853529411764704
1.1470647920000374,0.33039982910156246,15.624560034179687,2.057816326904297,-29.451219512195124,32.43902439024391,-11.951219512195124,42.86529411764706
1.1669375800001944,-1.189918225097656,16.136919189453124,4.6076410949707025,12.378048780487806,16.34146341463415,1.0975609756097562,42.85941176470588
1.1870487539999885,-0.5398924743652344,9.889249957275391,2.788047833251953,37.5609756097561,25.914634146341466,-4.75609756097561,42.83588235294118
1.206984132999878,-0.16759411621093748,1.7657237243652342,-0.6979097839355468,55.00000000000001,28.10975609756098,-2.7439024390243905,42.853529411764704
1.2269220130001486,-8.213308795166014,13.684059588623047,0.11731588134765625,-72.19512195121952,1.402439024390244,-25.182926829268293,42.86529411764706
1.246920670000236,6.868964562988281,1.465251416015625,-1.868674395751953,-37.5609756097561,14.390243902439027,-7.743902439024391,42.83
1.2669376039998497,0.5530605834960938,19.61270144958496,2.0566192260742184,4.695121951219512,15.853658536585368,53.78048780487806,42.853529411764704
1.2869417980000435,-0.1975216369628906,6.240486627197265,1.6460136413574218,22.865853658536587,-13.231707317073171,2.8658536585365857,42.83588235294118
1.3069678800002293,0.7900865478515624,5.72693037109375,-1.20667763671875,0.1829268292682927,0.7926829268292683,2.5609756097560976,42.84764705882353
1.32697385199981,-0.09337386474609374,3.0418332092285154,-1.4305354919433593,32.43902439024391,-6.036585365853659,6.2804878048780495,42.87117647058824
1.346936972000094,0.4860229370117187,6.831854437255859,-0.17238251953125,71.09756097560977,9.878048780487806,7.134146341463415,42.84764705882353
1.366976164999869,4.515464331054687,19.61270144958496,1.5155296508789062,64.14634146341464,11.890243902439025,-17.926829268292686,42.86529411764706
1.3870743769998626,-0.06344634399414062,1.5885528015136718,-1.6891092712402342,-55.91463414634147,39.32926829268293,15.670731707317074,42.853529411764704
1.4070167929999116,0.8259995727539062,19.61270144958496,-0.8415618835449218,0.30487804878048785,15.243902439024392,-17.31707317073171,42.86529411764706
1.4269839869998577,-2.0925322509765625,15.747861419677733,1.5789759948730469,-16.52439024390244,0.9146341463414634,12.621951219512196,42.83588235294118
1.446978663000209,0.6368576416015624,7.631517791748046,0.13168109130859373,25.000000000000004,-1.7682926829268295,22.865853658536587,42.841764705882355
1.466983134000202,-0.8092401611328125,1.9105729248046874,-2.105700360107422,8.658536585365855,-12.865853658536587,8.292682926829269,42.86529411764706
1.4869804210002258,0.24779987182617186,4.049792108154296,-1.3108254089355469,73.90243902439025,-21.158536585365855,19.146341463414636,42.85941176470588
1.5069793739999113,5.704185455322265,-3.049015814208984,-8.16542476196289,-47.37804878048781,-81.34146341463415,-84.14634146341464,42.853529411764704
1.5270431220001228,-4.368220928955078,4.568136767578125,-0.29927520751953124,-58.04878048780488,-8.536585365853659,4.2682926829268295,42.84764705882353
1.5470270760001767,0.5985504150390625,7.720103253173828,-2.923320227050781,-60.060975609756106,-11.707317073170733,13.231707317073171,42.841764705882355
1.5669847509998363,0.5518634826660156,11.688492504882811,3.1088708557128903,-1.6463414634146343,-1.9512195121951221,6.7682926829268295,42.853529411764704
1.5870225190001293,2.0458453186035155,1.3180080139160155,-2.7533319091796873,-23.78048780487805,-6.829268292682928,9.085365853658537,42.86529411764706
1.607186284999898,0.08858546142578125,14.171279626464843,3.1304186706542967,29.207317073170735,10.0,6.2804878048780495,42.83
1.6269895370000995,0.8379705810546875,14.140155004882812,2.7928362365722657,62.560975609756106,18.963414634146343,5.609756097560976,42.853529411764704
1.6469876010000917,0.5422866760253906,19.61270144958496,-0.9923965881347656,95.0609756097561,24.451219512195124,6.219512195121951,42.86529411764706
1.6669853130001684,0.08738836059570312,-2.901772412109375,-1.3527239379882812,-85.91463414634147,25.365853658536587,5.731707317073171,42.841764705882355
1.6869921550000981,-5.279214660644531,19.61270144958496,-0.1292868896484375,14.756097560975611,19.085365853658537,-19.81707317073171,42.84764705882353
1.707017199999882,-1.7453730102539062,18.139668878173826,3.612850305175781,-13.353658536585368,0.12195121951219513,1.1585365853658538,42.83
1.7269942460002312,1.0666168395996094,6.822277630615234,-0.03950432739257812,-11.585365853658537,12.500000000000002,10.0,42.86529411764706
1.7470402359999753,-0.00239420166015625,12.422315313720702,0.43454760131835934,13.902439024390246,27.500000000000004,3.536585365853659,42.853529411764704
1.7716987049998352,1.476025323486328,14.115015887451172,2.479195819091797,54.57317073170732,34.268292682926834,1.9512195121951221,42.87117647058824
1.7915691960001823,0.32441432495117184,2.8993782104492185,-1.782483135986328,82.37804878048782,30.365853658536587,-20.48780487804878,42.841764705882355
1.8116045749998193,-3.5290532470703124,0.5710170959472656,-3.42849677734375,-105.60975609756099,35.487804878048784,-14.51219512195122,42.85941176470588
1.8315832690000207,2.616862414550781,9.97184991455078,0.7733271362304687,-14.51219512195122,32.13414634146342,22.195121951219512,42.86529411764706
1.851594648000173,1.0678139404296874,6.203376501464843,-2.2026655273437497,-24.695121951219516,17.195121951219512,9.02439024390244,42.86529411764706
1.8707116300001871,0.40222587890625,19.61270144958496,2.8730419921875,-1.829268292682927,27.865853658536587,1.402439024390244,42.853529411764704
1.8907069719998617,0.5243301635742187,15.042769030761718,0.3076549133300781,11.76829268292683,19.878048780487806,4.329268292682928,42.83588235294118
1.910703537000245,0.4477157104492187,6.570886456298828,0.5602431884765625,60.426829268292686,9.085365853658537,12.74390243902439,42.87117647058824
1.9307222120000915,0.8092401611328125,3.6918589599609373,-0.21428104858398436,95.48780487804879,-8.414634146341465,-29.207317073170735,42.85941176470588
1.9506842949999736,2.0350714111328125,0.3136404174804687,-2.086546746826172,-73.59756097560977,7.987804878048781,8.353658536585366,42.853529411764704
1.9699609049998799,-0.9349357482910156,19.61270144958496,-6.892906579589844,-21.707317073170735,3.8414634146341466,6.402439024390245,42.82411764705883
1.9899671910002326,-0.8547299926757812,11.968614099121092,2.1906945190429687,-23.902439024390247,-11.097560975609756,10.914634146341465,42.83588235294118
2.0099659040001825,1.448492004394531,9.216479290771483,1.0630255371093749,18.658536585365855,-1.5853658536585367,22.98780487804878,42.86529411764706
2.0299738379999326,0.9169792358398436,17.803283544921875,2.8107927490234372,47.25609756097561,-2.0121951219512195,9.02439024390244,42.853529411764704
2.04997127300021,0.7793126403808593,5.82868394165039,-0.27174188842773433,34.146341463414636,-10.914634146341465,3.2926829268292686,42.84764705882353
2.0670278369998414,0.33518823242187495,19.61270144958496,-6.209362005615234,72.6219512195122,-11.341463414634147,19.634146341463417,42.83588235294118
2.087022901000182,11.550825909423827,19.61270144958496,3.038241906738281,44.024390243902445,-12.195121951219512,7.8048780487804885,42.85941176470588
2.1070579279999038,0.7637503295898437,13.710395806884765,-3.5889082885742187,-23.353658536585368,7.865853658536586,3.1097560975609757,42.853529411764704
2.127244118999897,-0.2501940734863281,13.810952276611328,2.2290017456054687,-27.621951219512198,-2.9268292682926833,10.426829268292684,42.853529411764704
2.147016519999852,0.5925649108886718,7.988253839111327,-0.5183446594238281,-11.28048780487805,10.853658536585368,5.914634146341464,42.87705882352941
2.1670277869998245,-0.51714755859375,5.961562133789062,-0.015562310791015624,-1.0975609756097562,1.2804878048780488,6.097560975609756,42.86529411764706
2.187028111000018,0.5482721801757812,6.697779144287109,-0.411802685546875,33.71951219512196,6.7682926829268295,5.121951219512195,42.86529411764706
2.207032712,0.05985504150390625,6.065709906005859,1.3192051147460937,68.78048780487805,1.524390243902439,7.073170731707318,42.841764705882355
2.2270624610000596,5.9579708312988275,19.61270144958496,-8.09479581298828,26.89024390243903,-50.1219512195122,-56.21951219512196,42.853529411764704
2.247156430999894,-1.571793389892578,-3.440467785644531,-4.331110803222656,-54.085365853658544,-20.60975609756098,-0.426829268292683,42.853529411764704
2.2670388299998194,-4.1383775695800775,8.048108880615233,0.9265560424804687,-51.768292682926834,-24.207317073170735,20.0609756097561,42.83588235294118
2.2873602979998395,0.29089550170898437,10.09395419921875,-0.037110125732421874,-19.207317073170735,-11.52439024390244,0.12195121951219513,42.84764705882353
2.307050254999922,-0.6967126831054687,14.520833068847656,0.9217676391601562,38.65853658536586,2.25609756097561,0.06097560975609757,42.87117647058824
2.327045671000178,0.5662286926269531,3.4680011047363277,-1.8902222106933593,29.512195121951223,-2.682926829268293,2.6219512195121952,42.85941176470588
2.347044291000202,1.9105729248046874,1.2198457458496093,-4.1946413085937495,42.6829268292683,16.463414634146343,2.5,42.87117647058824
2.367042076999951,-6.367379315185547,19.61270144958496,-0.44053310546874996,-22.195121951219512,9.390243902439025,-8.536585365853659,42.888823529411766
2.3870412340002076,1.9895815795898437,-0.6524199523925781,-4.135983367919922,-67.31707317073172,6.52439024390244,-19.634146341463417,42.87117647058824
2.4070396870001787,1.0797849487304687,5.474342095947265,2.142810485839844,-24.451219512195124,10.121951219512196,57.13414634146342,42.85941176470588
2.427073195000048,0.93852705078125,8.327033374023436,2.062604730224609,5.548780487804878,-20.48780487804878,-9.573170731707318,42.87117647058824
2.4470478339999318,-0.1771709228515625,19.499575421142577,0.9564835632324218,-22.5609756097561,-23.353658536585368,5.2439024390243905,42.87705882352941
2.467067489999863,1.7764976318359373,14.022839123535155,0.5159504577636719,22.073170731707318,11.951219512195124,-2.1341463414634148,42.88294117647059
2.487052462000065,-0.10295067138671875,10.351330877685546,0.5590460876464843,47.6219512195122,22.5609756097561,-1.0365853658536586,42.88294117647059
2.507052303999899,-17.391480859374997,19.480421807861326,-2.2301988464355467,-62.926829268292686,2.073170731707317,-18.414634146341466,42.894705882352945
2.5270594230000825,-0.26815058593749996,-1.2389993591308592,-3.372233038330078,-47.804878048780495,-16.76829268292683,-38.84146341463415,42.87117647058824
2.547056727999916,-3.0430303100585934,1.5191209533691405,-0.22266075439453123,-1.524390243902439,-1.8902439024390245,51.09756097560976,42.87117647058824
2.5670557560001726,3.0741549316406247,0.24061726684570311,-4.1766847961425775,8.597560975609756,-5.487804878048781,-0.24390243902439027,42.87117647058824
2.5870545050001965,1.4401122985839843,-0.44532150878906246,-5.493495709228515,-14.26829268292683,9.146341463414634,3.2926829268292686,42.88294117647059
2.6070535690000725,0.4800374328613281,1.3634978454589843,4.709394665527343,58.47560975609757,15.853658536585368,-1.2195121951219514,42.85941176470588
2.6270541330000015,1.608903515625,3.6667198425292966,-0.051475335693359374,55.97560975609757,13.109756097560977,13.170731707317074,42.87117647058824
2.6470565680001528,0.2932897033691406,19.61270144958496,-5.248090039062499,53.41463414634147,7.621951219512196,-25.243902439024392,42.87117647058824
2.667060428000241,-0.354341845703125,-0.24899697265624998,-4.959588739013672,-75.91463414634147,29.81707317073171,-0.3658536585365854,42.888823529411766
2.68706462199998,-1.456871710205078,19.518729034423828,-6.19260259399414,-64.32926829268293,11.341463414634147,7.560975609756098,42.87705882352941
2.707060057000035,-1.3850456604003905,17.979257366943358,-4.642357019042969,-70.0609756097561,1.3414634146341464,-2.3170731707317076,42.88294117647059
2.727065806000155,-0.28490999755859375,5.634753607177734,0.7793126403808593,13.597560975609758,1.829268292682927,3.4756097560975614,42.85941176470588
2.7470857590001287,-0.30406361083984373,16.129736584472656,0.9133879333496093,14.390243902439027,-0.9756097560975611,11.463414634146343,42.86529411764706
2.7700299530001757,-0.31004911499023435,11.74715044555664,3.902548706054687,64.26829268292684,8.597560975609756,4.75609756097561,42.87705882352941
2.7900188690000505,-8.245630517578125,19.61270144958496,2.1440075866699217,55.00000000000001,-15.853658536585368,-91.34146341463415,42.88294117647059
2.810054173000026,-6.270414147949219,5.653907220458984,-1.6053122131347655,-40.487804878048784,26.951219512195124,-12.865853658536587,42.894705882352945
2.8300209789999826,-4.410119458007812,8.930372192382812,0.7254431030273437,-54.268292682926834,12.865853658536587,5.487804878048781,42.87117647058824
2.8500264499998593,0.9516951599121093,6.2009822998046875,-1.5011644409179687,-38.78048780487805,-0.9756097560975611,5.7926829268292686,42.87705882352941
2.8673536960000092,1.6244658264160154,4.294000677490234,-0.4513070129394531,-0.6097560975609757,7.621951219512196,1.7682926829268295,42.88294117647059
2.8870712269999785,0.19153613281249998,8.33182177734375,2.2948422912597657,26.89024390243903,5.914634146341464,9.939024390243903,42.86529411764706
2.907072734999929,-1.964442462158203,12.100295190429687,0.05027823486328125,43.90243902439025,13.04878048780488,11.402439024390246,42.87117647058824
2.9270747619998474,0.16041151123046873,6.28178660583496,-9.586383447265625,69.93902439024392,10.0,6.707317073170732,42.87705882352941
2.9470842890000313,1.2246341491699217,14.188039038085936,2.1248539733886718,-46.524390243902445,2.682926829268293,27.621951219512198,42.888823529411766
2.9670794829999068,1.4975731384277342,12.71740066833496,-3.4249054748535155,-34.63414634146342,-11.646341463414634,-3.353658536585366,42.888823529411766
2.9870909729997948,-1.1360486877441405,14.079102862548828,-3.853467572021484,-53.29268292682927,-12.987804878048781,4.024390243902439,42.86529411764706
3.0070837409998603,-1.734599102783203,9.36013139038086,4.377797735595703,6.52439024390244,-9.634146341463415,6.951219512195123,42.86529411764706
3.0271225080000477,2.7269956909179687,6.458358978271484,2.583343591308594,34.207317073170735,-11.036585365853659,4.695121951219512,42.87705882352941
3.0470851660002154,0.3280056274414062,5.085284326171875,-2.2098481323242187,57.987804878048784,0.06097560975609757,2.7439024390243905,42.87705882352941
3.0670854340000915,0.11372457885742186,0.6123170745849609,-5.530605834960937,83.96341463414635,4.817073170731708,14.939024390243905,42.87117647058824
3.087083535000147,0.7565677246093749,7.398083129882812,0.07302315063476562,-82.43902439024392,8.109756097560977,29.81707317073171,42.88294117647059
3.1070875989998967,-0.25737667846679685,-1.226429800415039,-5.779602807617187,2.7439024390243905,-7.987804878048781,-16.76829268292683,42.88294117647059
3.127092032999826,-0.9038111267089843,2.133233679199219,4.3993455505371095,-14.573170731707318,-19.451219512195124,17.31707317073171,42.894705882352945
3.1471014680000735,-1.0857704528808594,11.250353601074218,-2.835931866455078,-11.890243902439025,-3.7195121951219514,10.792682926829269,42.88294117647059
3.1670904769998742,2.5103204406738278,10.702081420898438,-4.180276098632812,-22.743902439024392,5.7926829268292686,8.963414634146343,42.87705882352941
3.187089763000131,1.5921441040039062,7.1586629638671875,0.4129997863769531,41.890243902439025,2.5,1.8902439024390245,42.87705882352941
3.207095456999923,-0.8511386901855468,2.507926239013672,0.4429273071289062,90.91463414634147,1.0975609756097562,6.707317073170732,42.894705882352945
3.2270932430001267,0.13287819213867186,12.458228338623046,2.2481553588867187,-73.17073170731707,13.78048780487805,19.146341463414636,42.894705882352945
3.247126825000123,-0.2753331909179687,3.447650390625,1.8938135131835936,-37.987804878048784,-6.036585365853659,-38.35365853658537,42.87705882352941
3.267274703000112,-0.8798691101074219,10.172962854003906,-0.9097966308593749,-32.86585365853659,-22.012195121951223,5.7926829268292686,42.87117647058824
3.2872282299999824,-2.005143890380859,7.682993127441406,-3.6727053466796873,-17.134146341463417,-21.097560975609756,6.52439024390244,42.900588235294116
3.307245015999797,-0.15562310791015624,12.860454217529297,0.7338228088378905,3.048780487804878,-23.170731707317074,5.426829268292684,42.900588235294116
3.32714611900019,0.46806642456054687,7.838616235351562,2.421734979248047,59.085365853658544,-10.487804878048781,15.79268292682927,42.88294117647059
3.347121017000063,0.6356605407714844,1.3784616058349608,-3.8235400512695312,101.95121951219512,-0.12195121951219513,17.621951219512198,42.888823529411766
3.3671135810000123,-1.8602946899414061,9.133879333496093,2.483984222412109,-36.890243902439025,-12.682926829268293,18.658536585365855,42.888823529411766
3.387206922000132,-3.8690298828125,19.47802760620117,-3.9037458068847655,-74.81707317073172,-12.80487804878049,2.8658536585365857,42.888823529411766
3.407121431000178,-0.7326257080078125,11.161768139648437,2.0925322509765625,-38.53658536585366,-11.341463414634147,2.804878048780488,42.888823529411766
3.427124959000139,-0.4955997436523437,12.083535778808592,-2.0877438476562498,-23.902439024390247,-7.378048780487806,-4.146341463414634,42.87117647058824
3.4471427630001017,-0.8942343200683593,9.617508068847656,-1.0845733520507812,6.951219512195123,-15.426829268292684,-2.0121951219512195,42.906470588235294
3.467109439000069,0.4213794921875,6.829460235595703,0.35314474487304687,36.28048780487805,0.30487804878048785,3.2926829268292686,42.88294117647059
3.487111670000104,-0.08499415893554688,0.843956085205078,0.18435352783203124,117.6829268292683,6.52439024390244,-4.573170731707317,42.888823529411766
3.507114549000107,1.3060370056152344,11.621454858398437,-5.2073886108398435,-109.14634146341464,12.439024390243903,-28.231707317073173,42.900588235294116
3.5271122240001205,1.2689268798828124,9.163806854248046,0.5267243652343749,-43.29268292682927,27.5609756097561,16.158536585365855,42.888823529411766
3.547120750999966,-0.031124621582031248,19.46126819458008,0.8295908752441405,-103.84146341463415,-4.75609756097561,5.0,42.888823529411766
3.567114314999799,0.7026981872558593,14.302960717773436,1.4341267944335936,-3.4756097560975614,9.51219512195122,-0.6707317073170732,42.906470588235294
3.587114713000119,1.7130512878417967,4.508281726074219,0.4896142395019531,26.28048780487805,21.28048780487805,-0.9756097560975611,42.900588235294116
3.607117313999879,-1.3347674255371094,10.887632049560546,-0.4848258361816406,30.000000000000004,27.926829268292686,-5.548780487804878,42.88294117647059
3.6271197109999775,-1.0031704956054688,12.542025396728516,-2.402581365966797,47.43902439024391,18.84146341463415,-4.2682926829268295,42.894705882352945
3.6471204610002133,-6.054935998535156,19.571401470947265,-7.644685900878906,-90.00000000000001,-17.98780487804878,-13.78048780487805,42.894705882352945
3.6671211550001317,1.2533645690917967,-0.14604630126953125,-0.8583212951660156,-41.15853658536586,-15.609756097560977,-9.573170731707318,42.87705882352941
3.687122367000029,-4.817133740234374,19.61270144958496,-0.38307226562499996,-27.378048780487806,-3.048780487804878,2.1951219512195124,42.87705882352941
3.7071206159998837,-0.11252747802734374,1.225232699584961,4.045003704833984,37.31707317073171,10.670731707317074,-9.878048780487806,42.88294117647059
3.7271213469998656,-0.18435352783203124,5.659892724609374,2.9987375793457027,26.34146341463415,9.02439024390244,7.01219512195122,42.906470588235294
3.74714685500021,0.7266402038574218,9.721655841064452,0.07541735229492187,38.78048780487805,4.51219512195122,-0.12195121951219513,42.906470588235294
3.767124956999851,1.686715069580078,-0.21906945190429686,-0.258573779296875,86.21951219512196,6.097560975609756,1.0365853658536586,42.88294117647059
3.787139502000173,-7.036558679199218,19.545065252685546,-7.333439685058593,-93.35365853658537,-15.365853658536587,-26.402439024390247,42.91235294117647
3.807162658999914,4.557362860107421,5.625176800537109,0.9337386474609375,-34.51219512195122,2.378048780487805,7.865853658536586,42.91235294117647
3.827131482999903,-2.987963671875,19.518729034423828,-2.767697119140625,-60.487804878048784,-15.121951219512196,4.939024390243903,42.906470588235294
3.8471304539998528,1.5825672973632812,17.00781004333496,2.583343591308594,-1.6463414634146343,-14.939024390243905,8.719512195121952,42.87705882352941
3.8671305369998663,0.6368576416015624,2.825157958984375,3.679887951660156,35.36585365853659,-10.914634146341465,8.292682926829269,42.91235294117647
3.887130601000081,1.6232687255859375,0.4740519287109375,1.8519149841308593,56.21951219512196,-7.743902439024391,8.292682926829269,42.91823529411765
3.907130868999957,0.5913678100585937,5.6407391113281244,0.22864625854492185,69.69512195121952,-1.1585365853658538,0.0,42.91235294117647
3.9271354520001296,-2.224213342285156,19.481618908691406,-0.8607154968261719,-115.54878048780489,-9.756097560975611,-24.02439024390244,42.894705882352945
3.9471624970001358,6.341043096923828,4.205415216064453,0.09217676391601562,-27.134146341463417,10.30487804878049,8.475609756097562,42.906470588235294
3.967160857000181,3.2261867370605466,19.61210289916992,-1.7357962036132812,-65.60975609756098,-7.865853658536586,-9.817073170731708,42.906470588235294
3.987142922000203,-1.697488977050781,8.680178118896483,-1.4963760375976562,-6.890243902439025,-17.98780487804878,8.414634146341465,42.906470588235294
4.007142023000142,-0.3651157531738281,5.088875628662109,9.982623822021484,57.743902439024396,-29.87804878048781,15.243902439024392,42.906470588235294
4.027153976000136,0.7829039428710937,3.345896820068359,-0.5374982727050781,46.40243902439025,-28.353658536585368,2.378048780487805,42.91235294117647
4.0471487620002335,0.3842693664550781,6.106411334228516,-3.787627026367187,53.65853658536586,-2.5609756097560976,7.926829268292684,42.91823529411765
4.067170752000038,-1.4101847778320311,19.488801513671874,-0.5542576843261718,-119.87804878048782,-13.719512195121952,-18.78048780487805,42.91235294117647
4.087149686999965,1.0139444030761717,-0.7565677246093749,-4.407725256347656,-42.86585365853659,-9.451219512195122,-13.78048780487805,42.92411764705882
4.107146898999872,-4.581304876708984,19.61270144958496,5.493495709228515,-10.914634146341465,0.9146341463414634,12.256097560975611,42.900588235294116
4.1271541300002355,-2.0661960327148434,3.5877111877441403,7.231686114501953,39.81707317073171,-3.536585365853659,9.085365853658537,42.888823529411766
4.147166824000124,0.15083470458984374,5.6958057495117185,-0.2813186950683594,24.451219512195124,-13.963414634146343,7.560975609756098,42.93
4.16715425800021,-0.44412440795898434,13.328520642089844,-0.35314474487304687,17.743902439024392,-6.829268292682928,9.939024390243903,42.906470588235294
4.187157303999811,1.16837041015625,2.0566192260742184,-2.7736826232910157,77.8048780487805,4.75609756097561,1.1585365853658538,42.906470588235294
4.207154961000015,5.80354482421875,19.61270144958496,-3.27526787109375,-110.3048780487805,25.60975609756098,7.926829268292684,42.91235294117647
4.227157525000166,-3.400963458251953,3.986345764160156,-0.6919242797851562,-25.670731707317074,26.402439024390247,-7.682926829268293,42.906470588235294
4.247156477999852,-1.4113818786621093,-2.883815899658203,4.406528155517578,7.378048780487806,-4.329268292682928,8.963414634146343,42.900588235294116
4.267155579000246,-0.0430956298828125,15.42464419555664,1.6555904479980468,-23.59756097560976,1.9512195121951221,4.939024390243903,42.92411764705882
4.287157365999974,-0.6943184814453125,19.61270144958496,2.912546319580078,-8.536585365853659,1.3414634146341464,1.0975609756097562,42.894705882352945
4.30715824500021,-0.258573779296875,13.456610430908203,-2.3391350219726563,15.487804878048783,-2.804878048780488,3.4756097560975614,42.91235294117647
4.327336196000033,-1.4257470886230468,3.3123779968261715,-0.19153613281249998,67.07317073170732,-8.475609756097562,-5.487804878048781,42.900588235294116
4.34720716899983,-0.34835634155273437,19.61270144958496,-2.577358087158203,-12.439024390243903,-6.158536585365854,5.060975609756098,42.93588235294118
4.367172307000146,1.2425906616210938,1.6364368347167968,-1.3946224670410154,-55.97560975609757,-7.682926829268293,-23.658536585365855,42.93588235294118
4.387170741999853,-2.062604730224609,3.84987626953125,-0.8583212951660156,-5.853658536585367,-11.890243902439025,67.6219512195122,42.894705882352945
4.407166195000173,0.29568390502929687,-4.010287780761718,2.464830609130859,23.475609756097562,-10.548780487804878,10.182926829268293,42.900588235294116
4.427200648000053,0.7900865478515624,-0.7577648254394531,-2.618059515380859,-4.085365853658537,-10.24390243902439,2.804878048780488,42.900588235294116
4.447178693999831,0.93852705078125,6.669048724365234,0.565031591796875,39.146341463414636,-3.2926829268292686,-0.7926829268292683,42.91235294117647
4.4671696469999915,0.9121908325195311,2.598905902099609,-0.928950244140625,74.75609756097562,5.365853658536586,7.621951219512196,42.894705882352945
4.487246895000226,-5.049371301269531,19.61270144958496,2.053027923583984,-84.81707317073172,-7.25609756097561,-26.89024390243903,42.93
4.507181737999872,2.882618798828125,0.14724340209960937,0.013168109130859374,-42.31707317073171,3.780487804878049,-1.2195121951219514,42.91823529411765
4.5271734869998,-1.0881646545410155,4.182670300292968,3.9887399658203124,15.914634146341465,1.2804878048780488,29.146341463414636,42.941764705882356
4.547183013999984,0.63206923828125,2.0075380920410155,2.6204537170410154,25.792682926829272,0.7926829268292683,-6.036585365853659,42.888823529411766
4.567259837000165,-0.316034619140625,14.484920043945312,3.496731524658203,18.04878048780488,-8.658536585365855,3.048780487804878,42.906470588235294
4.587188605999927,-0.719457598876953,18.256984759521483,-0.14006079711914063,28.292682926829272,-6.829268292682928,-0.48780487804878053,42.91235294117647
4.607179576999897,1.0558429321289062,5.887341882324218,-0.3016694091796875,65.3048780487805,-4.451219512195122,-2.9268292682926833,42.91235294117647
4.627204234000146,-9.63307037963867,19.61270144958496,-1.772906329345703,-72.43902439024392,-19.390243902439025,-15.426829268292684,42.906470588235294
4.647190261000105,3.5434184570312497,-4.1946413085937495,-3.4572271972656248,-57.13414634146342,-15.121951219512196,-15.670731707317074,42.93
4.667180565999843,-0.0526724365234375,1.5885528015136718,-5.785588311767578,-10.060975609756099,4.634146341463415,48.65853658536586,42.93
4.687183760000153,0.19512743530273435,-6.9348051086425775,-0.7278373046875,22.073170731707318,3.4756097560975614,5.060975609756098,42.91823529411765
4.707181193999986,1.0139444030761717,5.02423218383789,-1.839943975830078,5.487804878048781,12.865853658536587,-4.146341463414634,42.93
4.727182259000074,0.2657563842773437,10.769119067382812,-1.4425065002441406,34.146341463414636,17.439024390243905,-3.2926829268292686,42.92411764705882
4.747208915000101,0.8403647827148437,2.060210528564453,-16.934188342285154,98.78048780487806,22.865853658536587,-7.378048780487806,42.91235294117647
4.767189756999869,9.427169036865234,19.176358197021482,-1.7357962036132812,-56.585365853658544,36.58536585365854,-12.256097560975611,42.91235294117647
4.787189210000179,0.24181436767578124,13.220781567382812,-0.17836802368164062,-5.487804878048781,31.03658536585366,-3.5975609756097566,42.93
4.807217569999921,1.2593500732421874,4.056974713134766,-2.088940948486328,-31.707317073170735,11.890243902439025,-0.7926829268292683,42.91235294117647
4.827195301999836,1.24498486328125,8.729259252929687,-3.900154504394531,-30.000000000000004,4.51219512195122,-7.25609756097561,42.906470588235294
4.847195273000125,0.7015010864257812,2.767697119140625,0.2597708801269531,45.1219512195122,21.03658536585366,-7.195121951219513,42.91823529411765
4.867192188999979,-0.9085995300292968,4.740519287109374,-2.1906945190429687,22.25609756097561,5.182926829268293,0.06097560975609757,42.92411764705882
4.88719210499994,1.4532804077148436,5.984307049560546,-2.442085693359375,108.23170731707317,8.719512195121952,17.682926829268293,42.91823529411765
4.9071956510001655,-1.8950106140136718,0.9612719665527343,0.009576806640625,-73.59756097560977,-25.670731707317074,-25.000000000000004,42.91823529411765
4.927195381999809,4.811148236083984,4.035426898193359,-3.134009973144531,3.231707317073171,-16.219512195121954,20.914634146341466,42.92411764705882
4.94720848299994,5.529408734130859,19.61270144958496,-1.1168950744628905,-64.32926829268293,-15.121951219512196,9.02439024390244,42.93588235294118
4.967199676999826,1.6998831787109374,6.368576416015625,-0.7996633544921875,-6.2804878048780495,10.975609756097562,-10.365853658536587,42.91235294117647
4.987200685000062,0.18076222534179687,5.689820245361328,1.9752163696289062,39.69512195121951,21.097560975609756,-4.817073170731708,42.91823529411765
5.007198490000064,0.03950432739257812,8.334215979003906,-0.143652099609375,40.1219512195122,13.841463414634148,-1.5853658536585367,42.906470588235294
