0.015319128999976783,0.8571241943359375,12.928688964843749,-0.09576806640624999,36.34146341463415,-29.26829268292683,-2.1341463414634148,40.33588235294118
0.030694852000010542,-0.15322890625,-7.329848382568359,-6.885723974609375,89.87804878048782,-29.451219512195124,-3.658536585365854,40.33588235294118
0.04601401799999394,-0.2561795776367187,3.8474820678710935,-0.3016694091796875,113.17073170731709,-28.414634146341466,64.20731707317074,40.31823529411765
0.06130414799997652,-12.69884560546875,19.61270144958496,-6.062118603515625,-84.20731707317074,-27.012195121951223,-20.60975609756098,40.33
0.07661046300000862,1.8471265808105468,0.4991910461425781,-2.3451205261230466,-54.451219512195124,-17.31707317073171,27.743902439024392,40.32411764705883
0.09191392600001791,1.0187328063964842,14.788983654785156,2.874239093017578,-37.07317073170732,3.231707317073171,-5.0,40.31823529411765
0.10724159199997985,2.431311785888672,0.9457096557617187,-1.1156979736328125,9.51219512195122,26.34146341463415,-4.2682926829268295,40.33588235294118
0.12254677700002503,-2.053027923583984,17.779341528320312,1.0678139404296874,-18.475609756097562,7.987804878048781,-2.0121951219512195,40.341764705882355
0.13785335199997917,0.5374982727050781,7.475894683837891,1.495178936767578,22.621951219512198,2.5,-9.085365853658537,40.341764705882355
0.1531585179999979,0.97683427734375,8.384494213867187,0.29568390502929687,60.243902439024396,5.975609756097562,-7.682926829268293,40.32411764705883
0.16846286999998483,-0.5363011718749999,-0.4800374328613281,-0.2609679809570312,118.59756097560977,15.243902439024392,24.939024390243905,40.353529411764704
0.18381049999999277,-19.6133,11.071985577392578,-4.204218115234375,-135.4268292682927,-30.182926829268297,-49.085365853658544,40.353529411764704
0.19957379599998148,-0.001197100830078125,0.9744400756835937,-1.7549498168945312,-76.21951219512196,-23.84146341463415,-43.41463414634147,40.33588235294118
0.21502068500001315,5.127182855224609,-5.728127471923828,-5.949591125488281,-6.646341463414635,3.1707317073170733,45.00000000000001,40.34764705882353
0.23048240700001088,-1.4185644836425781,19.61270144958496,11.781866369628906,7.987804878048781,-5.365853658536586,-9.146341463414634,40.33
0.24619570300001214,0.8499415893554687,3.825934252929687,-3.863044378662109,25.975609756097562,-13.414634146341465,-5.2439024390243905,40.353529411764704
0.2617036660000167,0.5793968017578125,9.688137017822266,3.1376012756347653,19.512195121951223,-17.926829268292686,-2.682926829268293,40.32411764705883
0.2774647219999906,2.5713725830078125,7.999027746582031,-1.131260284423828,35.30487804878049,-12.317073170731708,-0.48780487804878053,40.32411764705883
0.2859820369999966,-1.1623849060058593,0.9265560424804687,-2.398990063476562,131.95121951219514,-0.6097560975609757,23.170731707317074,40.34764705882353
0.2930491110000162,8.360552197265624,19.61270144958496,-6.284779357910156,7.621951219512196,18.10975609756098,55.54878048780488,40.353529411764704
0.30059492599997384,2.3127988037109373,13.437456817626952,-9.534908111572266,-106.09756097560977,-21.951219512195124,-4.817073170731708,40.32411764705883
0.3076896480000073,1.5969325073242187,1.7717092285156248,-2.27927998046875,-85.3658536585366,-18.84146341463415,-3.7195121951219514,40.32411764705883
0.31471979600001987,-0.4608838195800781,-0.04548983154296875,0.04548983154296875,-81.82926829268294,-19.695121951219512,-2.682926829268293,40.33
0.32198357400000077,0.430956298828125,-2.1416133850097654,-3.4859576171874997,-40.54878048780488,-18.04878048780488,-1.7682926829268295,40.34764705882353
0.3290331110000011,2.6767174560546874,9.28351693725586,0.5913678100585937,1.2804878048780488,-16.402439024390244,26.707317073170735,40.341764705882355
0.33605387000000064,2.541445062255859,11.40837091064453,2.480392919921875,-21.158536585365855,-14.878048780487806,49.57317073170732,40.353529411764704
0.34320331399999304,-0.97683427734375,19.61270144958496,7.709329345703124,-10.182926829268293,-16.70731707317073,3.048780487804878,40.34764705882353
0.3503892030000202,3.563769171142578,-5.372588525390625,-6.8976949829101555,19.451219512195124,-8.170731707317074,-8.475609756097562,40.33588235294118
0.3572921850000057,1.3311761230468748,1.092953057861328,6.956352923583984,36.15853658536586,-11.097560975609756,-12.256097560975611,40.33
0.3641418139999928,0.9193734375,1.7776947326660155,-1.734599102783203,1.8902439024390245,-11.097560975609756,7.926829268292684,40.33588235294118
0.3709695370000077,0.3699041564941406,4.402936853027343,-1.8243816650390623,39.75609756097561,-14.451219512195124,26.34146341463415,40.341764705882355
0.3777957959999867,-1.9776105712890624,16.582240698242188,6.88213267211914,42.743902439024396,-12.073170731707318,10.731707317073171,40.34764705882353
0.3846140179999793,-0.1388636962890625,13.485340850830077,-0.10414777221679687,15.853658536585368,-17.682926829268293,5.670731707317073,40.33588235294118
0.3915115739999919,-0.3124433166503906,-1.1168950744628905,-5.007472772216796,42.804878048780495,-16.158536585365855,8.231707317073171,40.33588235294118
0.39833531400000766,0.0909796630859375,3.324349005126953,1.3455413330078123,99.57317073170732,-14.329268292682928,11.52439024390244,40.353529411764704
0.4051514070000053,0.13766659545898435,11.921927166748047,6.186617089843749,98.04878048780489,7.01219512195122,-10.975609756097562,40.34764705882353
0.41201355499998726,17.1724114074707,19.61270144958496,-14.557943194580078,8.231707317073171,45.426829268292686,52.13414634146342,40.34764705882353
0.41898205500001495,-0.9181763366699218,16.34401763305664,-3.019088293457031,-68.47560975609757,12.195121951219512,-35.36585365853659,40.34764705882353
0.42595429599998624,1.1839327209472656,2.96881005859375,-1.2928688964843749,-68.04878048780489,-2.1341463414634148,-28.658536585365855,40.34764705882353
0.4328100920000111,-0.22505495605468748,6.834248638916015,1.3072341064453123,-65.73170731707317,-5.731707317073171,-23.414634146341466,40.34764705882353
0.4396328700000254,1.8183961608886718,-5.31153638305664,-1.284489190673828,-81.89024390243902,-2.1951219512195124,7.743902439024391,40.34764705882353
0.4464717399999927,0.8104372619628906,0.3507505432128906,-3.614047406005859,-16.890243902439025,-3.4756097560975614,23.170731707317074,40.36529411764706
0.4532979439999849,-0.5961562133789062,2.2756886779785157,0.9828197814941406,-24.207317073170735,-7.560975609756098,37.25609756097561,40.353529411764704
0.46013053699999773,-0.30406361083984373,19.45887399291992,1.2593500732421874,10.731707317073171,-11.036585365853659,-11.890243902439025,40.341764705882355
0.46696901799998614,3.1268273681640624,13.259088793945311,-2.5151088439941405,-24.878048780487806,-10.853658536585368,3.658536585365854,40.34764705882353
0.4738065739999797,0.9708487731933593,2.935291235351562,-0.9864110839843749,-1.9512195121951221,-10.182926829268293,-0.06097560975609757,40.34764705882353
0.48064253699999426,0.07422025146484375,1.0857704528808594,-1.9572598571777342,39.57317073170732,-8.353658536585366,-7.378048780487806,40.33588235294118
0.4874777960000074,2.27927998046875,11.520898388671874,2.6192566162109374,-8.170731707317074,-15.060975609756099,1.8902439024390245,40.34764705882353
0.49431375900002195,0.9097966308593749,-7.841010437011718,-7.364564306640625,-19.390243902439025,-8.78048780487805,-5.731707317073171,40.35941176470588
0.5011360920000243,-0.16160861206054686,2.6982652709960937,0.4800374328613281,71.09756097560977,-12.073170731707318,2.0121951219512195,40.36529411764706
0.5079886109999734,0.1975216369628906,12.263100903320312,3.873818286132812,67.5609756097561,-13.902439024390246,3.536585365853659,40.37117647058824
0.5148265550000133,-0.6871358764648438,10.375272894287109,1.4149731811523436,47.07317073170732,-16.158536585365855,-2.1341463414634148,40.341764705882355
0.5216648329999884,-1.5586252807617187,1.3623007446289062,-2.941276739501953,68.41463414634147,-18.475609756097562,-2.1341463414634148,40.34764705882353
0.5284995179999896,14.44062731323242,19.61270144958496,-18.435352783203125,85.85365853658537,-15.121951219512196,5.060975609756098,40.33
0.5355317030000037,-13.657723370361328,19.61270144958496,-15.595829614257811,-34.93902439024391,-12.560975609756099,11.890243902439025,40.341764705882355
0.5425191479999967,0.22026655273437498,8.558073834228516,1.9045874206542968,-89.39024390243904,-33.170731707317074,-13.658536585365855,40.353529411764704
0.5493541110000137,2.404975567626953,1.1420341918945311,-0.5925649108886718,-101.03658536585367,-45.97560975609756,-8.231707317073171,40.32411764705883
0.5561742959999947,0.3699041564941406,-2.5713725830078125,-0.4070142822265625,-58.35365853658537,-30.000000000000004,-5.609756097560976,40.32411764705883
0.5629960360000155,-0.9816226806640624,-2.012326495361328,-2.962824554443359,-33.53658536585366,-30.000000000000004,-7.8048780487804885,40.341764705882355
0.5698272770000017,2.551021868896484,12.982558502197264,-4.2880151733398435,-11.219512195121952,-25.426829268292686,34.69512195121951,40.33588235294118
0.576666036000006,3.0214824951171875,7.657854010009765,-1.2797007873535156,-10.792682926829269,-18.475609756097562,41.34146341463415,40.341764705882355
0.5835019809999835,-0.5542576843261718,12.548010900878905,3.0226795959472654,-30.121951219512198,-34.451219512195124,12.621951219512196,40.32411764705883
0.5903402590000155,0.8822633117675781,-2.032677209472656,-6.095637426757812,-11.158536585365855,-38.41463414634147,1.7682926829268295,40.353529411764704
0.597176850999972,-0.2825157958984375,-2.299630694580078,3.6583401367187496,16.34146341463415,-37.926829268292686,-0.12195121951219513,40.35941176470588
0.6040130360000262,3.871424084472656,19.412187060546874,1.0558429321289062,22.439024390243905,-25.30487804878049,-1.0975609756097562,40.33588235294118
0.6108477770000036,5.5653217590332025,18.625691815185547,5.19661470336914,-39.51219512195122,-15.182926829268293,1.0975609756097562,40.33
0.6182443330000069,4.37300933227539,-0.32920272827148434,-3.659537237548828,27.25609756097561,-2.5609756097560976,-7.8048780487804885,40.341764705882355
0.6251165179999703,1.3455413330078123,0.15682020874023436,-0.6811503723144531,52.13414634146342,5.060975609756098,-4.634146341463415,40.33
0.6319576110000185,-0.27293898925781246,-1.1875240234375,3.124433166503906,90.73170731707317,5.731707317073171,-10.182926829268293,40.33588235294118
0.6387935550000066,0.4513070129394531,13.019668627929686,-1.39821376953125,101.28048780487806,12.439024390243903,-37.6829268292683,40.33588235294118
0.6456267589999811,1.1145008728027344,19.61270144958496,5.913678100585937,40.670731707317074,18.10975609756098,17.012195121951223,40.33588235294118
0.6524628139999891,-1.8411410766601561,13.358448162841796,-4.73094248046875,-39.51219512195122,42.01219512195122,80.2439024390244,40.34764705882353
0.659299610000005,-1.0857704528808594,-3.4332851806640625,-3.853467572021484,-28.475609756097562,54.085365853658544,55.60975609756098,40.35941176470588
0.6661357219999786,-14.682441680908202,19.61270144958496,-10.753556756591797,26.402439024390247,-4.878048780487806,-26.158536585365855,40.34764705882353
0.6729709809999918,6.279990954589843,7.587225061035156,1.4820108276367188,-22.195121951219512,-7.01219512195122,-12.80487804878049,40.33
0.679805851000026,-0.6859387756347656,0.19632453613281248,-0.86191259765625,-58.17073170731708,-3.414634146341464,0.5487804878048781,40.33588235294118
0.6866412589999982,2.0087351928710935,1.218648645019531,1.246181964111328,-56.28048780487806,-3.1707317073170733,-7.439024390243903,40.33588235294118
0.6934782960000234,4.0066964782714845,15.774197637939452,-1.6160861206054686,-67.13414634146342,-1.9512195121951221,-13.475609756097562,40.353529411764704
0.7003984070000229,2.959233251953125,2.978386865234375,2.0159177978515626,-55.304878048780495,15.670731707317074,-18.353658536585368,40.36529411764706
0.707338295999989,-0.229843359375,-0.8116343627929687,1.7968483459472655,-16.097560975609756,18.53658536585366,-14.573170731707318,40.36529411764706
0.7141981099999839,-0.9804255798339843,6.149506964111327,-2.962824554443359,-16.70731707317073,17.682926829268293,-16.52439024390244,40.35941176470588
0.7210729990000004,-0.3950432739257812,3.4452561889648434,-1.5275006591796874,17.621951219512198,19.085365853658537,-21.28048780487805,40.36529411764706
0.7279735729999857,1.5574281799316405,12.198457458496094,1.7262193969726563,18.78048780487805,22.98780487804878,-19.390243902439025,40.36529411764706
0.7351445549999767,1.0342951171875,7.193378887939453,1.43652099609375,1.2804878048780488,27.500000000000004,-21.52439024390244,40.353529411764704
0.7419882589999816,0.8104372619628906,1.656787548828125,-0.9552864624023437,34.32926829268293,30.487804878048784,-16.28048780487805,40.34764705882353
0.7488147400000003,0.719457598876953,3.24294614868164,-0.40581718139648437,50.85365853658537,32.25609756097561,-38.59756097560976,40.33
0.7556374619999815,0.6380547424316406,0.1005564697265625,-2.038662713623047,97.5609756097561,38.10975609756098,-43.963414634146346,40.34764705882353
0.7624554440000111,0.6943184814453125,19.61270144958496,0.699106884765625,111.09756097560977,47.37804878048781,5.731707317073171,40.353529411764704
0.7692867960000171,-11.81059678955078,19.61270144958496,3.3207577026367185,-15.243902439024392,79.81707317073172,50.73170731707317,40.33588235294118
0.7761291099999994,-2.291250988769531,-6.902483386230468,-12.275071911621094,-5.2439024390243905,80.79268292682927,53.17073170731708,40.341764705882355
0.7829684989999919,-0.8200140686035156,7.182604980468749,7.256825231933593,50.79268292682927,79.69512195121952,54.268292682926834,40.37117647058824
0.7898126659999889,-6.995857250976562,19.336769708251953,-1.341950030517578,19.939024390243905,39.57317073170732,18.658536585365855,40.34764705882353
0.7966580359999966,1.3587094421386718,19.61270144958496,-4.1766847961425775,-104.39024390243904,7.378048780487806,-21.34146341463415,40.341764705882355
0.8035003329999881,-2.0302830078125,-4.950011932373046,-9.023746057128905,-100.48780487804879,5.060975609756098,-21.28048780487805,40.353529411764704
0.8103416659999993,-0.18914193115234373,1.5634136840820312,1.005564697265625,-20.30487804878049,-0.48780487804878053,-19.573170731707318,40.353529411764704
0.8171806290000063,1.4413093994140624,2.6491841369628903,0.13646949462890623,-30.54878048780488,-0.12195121951219513,-14.451219512195124,40.353529411764704
0.8240022399999702,-0.23104046020507812,13.826514587402343,-6.054935998535156,-28.902439024390247,-0.6707317073170732,-11.951219512195124,40.341764705882355
0.830833183999971,5.297171173095703,15.965733770751951,4.847061260986328,-30.670731707317074,0.853658536585366,-18.597560975609756,40.33588235294118
0.8376694250000014,3.745728497314453,1.9680337646484374,-0.33758243408203126,3.414634146341464,7.682926829268293,-17.621951219512198,40.353529411764704
0.844505388000016,1.9716250671386717,-0.044292730712890624,-2.730586993408203,18.53658536585366,11.463414634146343,-27.621951219512198,40.353529411764704
0.8513400730000171,1.5466542724609373,5.382165332031249,3.9528269409179684,32.5609756097561,17.5609756097561,-28.475609756097562,40.341764705882355
0.858174259000009,2.5629928771972654,12.949039678955078,-0.7410054138183594,15.487804878048783,16.70731707317073,-13.78048780487805,40.341764705882355
0.8650102770000103,-0.5889736083984375,7.606378674316406,-0.5674257934570313,0.3658536585365854,11.463414634146343,-21.951219512195124,40.33588235294118
0.8718454990000168,0.38786066894531246,0.1197100830078125,-2.7928362365722657,53.23170731707317,11.341463414634147,-18.902439024390244,40.353529411764704
0.8786808329999758,0.6512228515624999,2.938882537841797,-2.7138275817871094,102.7439024390244,17.378048780487806,-4.451219512195122,40.35941176470588
0.8855161289999955,8.251616021728514,19.61270144958496,1.7645266235351562,-3.963414634146342,71.03658536585367,67.01219512195122,40.33588235294118
0.8923518139999942,-9.270348828125,19.592949285888672,-3.7134067749023436,-67.8658536585366,78.71951219512196,52.6219512195122,40.353529411764704
0.8991882400000009,-2.050633721923828,-1.599326708984375,-2.770091320800781,-6.890243902439025,74.93902439024392,54.39024390243903,40.34764705882353
0.9060215729999754,0.6081272216796875,3.842693664550781,2.300827795410156,12.317073170731708,72.25609756097562,61.34146341463415,40.34764705882353
0.9128563510000163,-6.143521459960938,19.61270144958496,-3.3770214416503905,-9.207317073170733,37.13414634146342,12.439024390243903,40.341764705882355
0.9199572210000042,3.4524387939453125,12.367248675537109,-5.342661004638671,-94.14634146341464,12.621951219512196,-4.390243902439025,40.35941176470588
0.926880777000008,-0.7697358337402344,-1.9117700256347656,-4.1383775695800775,-84.63414634146342,9.451219512195122,-4.634146341463415,40.36529411764706
0.9338842399999976,0.5243301635742187,-3.6296097167968746,-1.006761798095703,-30.792682926829272,7.743902439024391,-3.1707317073170733,40.35941176470588
0.9407187030000159,1.16837041015625,4.996698864746094,0.7984662536621093,-17.865853658536587,12.621951219512196,-8.048780487804878,40.35941176470588
0.9475441839999803,2.730586993408203,13.154941021728515,-0.14125789794921875,10.365853658536587,19.634146341463417,-39.268292682926834,40.37117647058824
0.9543602030000216,6.291961962890625,16.436194396972656,2.7473464050292966,22.621951219512198,27.621951219512198,-18.414634146341466,40.35941176470588
0.961177666000026,0.37828386230468747,8.455123162841796,1.675941162109375,-15.54878048780488,31.58536585365854,-17.682926829268293,40.38294117647059
0.9680044620000103,0.7936778503417968,2.1643583007812497,-4.435258575439453,-9.939024390243903,33.47560975609756,-22.98780487804878,40.35941176470588
0.9748286469999812,-0.48243163452148435,14.355633154296875,2.402581365966797,35.670731707317074,19.512195121951223,-24.26829268292683,40.35941176470588
0.9817133139999896,1.0390835205078124,14.107833282470702,-2.834734765625,-7.439024390243903,17.926829268292686,-30.914634146341466,40.35941176470588
0.9946868700000095,0.8271966735839843,0.7996633544921875,-0.7996633544921875,68.84146341463415,18.414634146341466,-30.182926829268297,40.35941176470588
1.0100036100000125,-0.05985504150390625,19.61270144958496,-13.883975427246092,-11.219512195121952,55.85365853658537,60.54878048780488,40.36529411764706
1.0252927209999712,1.964442462158203,-2.4384943908691405,-1.2988544006347655,34.390243902439025,72.43902439024392,71.64634146341464,40.38294117647059
1.041613128999984,1.4999673400878906,19.61270144958496,-15.575478900146484,-20.0609756097561,12.682926829268293,-15.182926829268293,40.37117647058824
1.0586865180000018,0.8774749084472656,-7.116764434814453,3.6667198425292966,-19.81707317073171,0.426829268292683,-11.28048780487805,40.353529411764704
1.0745016660000033,-0.18555062866210936,13.991714501953124,1.2713210815429687,9.451219512195122,7.073170731707318,-49.085365853658544,40.35941176470588
1.0898529809999786,5.066130712890625,19.61270144958496,1.0917559570312498,-32.5,5.853658536585367,-15.670731707317074,40.353529411764704
1.1050952769999753,-1.073799444580078,0.5662286926269531,-1.7717092285156248,82.01219512195122,5.3048780487804885,-32.37804878048781,40.34764705882353
1.1203328319999741,-0.26336218261718747,19.61270144958496,8.301894256591796,-17.134146341463417,-4.695121951219512,-16.70731707317073,40.37117647058824
1.1356310360000066,2.6491841369628903,19.61270144958496,-0.7242460021972655,-33.35365853658537,31.158536585365855,110.73170731707319,40.35941176470588
1.1508966659999942,-1.6639701538085936,6.3147068786621094,2.835931866455078,45.73170731707317,27.31707317073171,-48.10975609756098,40.37117647058824
1.166139831999999,12.489352960205077,18.394651354980468,-11.447875238037108,-56.82926829268293,-13.841463414634148,4.085365853658537,40.353529411764704
1.1814007950000018,0.07781155395507812,-5.066130712890625,-4.001908074951172,-40.60975609756098,-11.28048780487805,-33.65853658536586,40.35941176470588
1.1967113690000133,0.9062053283691406,-1.8758570007324218,-4.732139581298828,46.58536585365854,-22.926829268292686,-11.829268292682928,40.38294117647059
1.2119926469999882,1.1791443176269532,-11.049240661621093,-1.5574281799316405,58.65853658536586,-21.52439024390244,-22.926829268292686,40.36529411764706
1.227257480999981,0.3890577697753906,19.61270144958496,0.5219359619140624,11.707317073170733,-33.41463414634146,-25.54878048780488,40.36529411764706
1.2425174989999732,-0.020350714111328123,2.3139959045410157,0.7266402038574218,71.64634146341464,17.378048780487806,62.6829268292683,40.35941176470588
1.2577800729999922,-6.194996795654297,5.287594366455078,-2.422932080078125,-41.28048780487805,2.25609756097561,51.89024390243903,40.353529411764704
1.2730169619999856,0.3136404174804687,6.566098052978515,-3.883395092773437,-8.536585365853659,-2.1341463414634148,83.59756097560977,40.37705882352941
1.2882674800000018,3.755305303955078,19.547459454345702,-3.901351605224609,-95.97560975609757,-39.81707317073171,-7.621951219512196,40.37705882352941
1.303525535999995,1.0761936462402344,1.9405004455566406,2.789244934082031,-21.76829268292683,-30.731707317073173,-24.207317073170735,40.34764705882353
1.3187804620000065,1.4544775085449217,-0.8990227233886718,-1.68551796875,12.500000000000002,-9.817073170731708,-15.853658536585368,40.36529411764706
1.3340244620000021,3.6667198425292966,-11.611878051757811,-6.512228515625,-30.000000000000004,-3.1707317073170733,-22.98780487804878,40.353529411764704
1.3492876290000027,-0.08379705810546874,13.159729425048827,0.70868369140625,19.207317073170735,6.097560975609756,-63.90243902439025,40.34764705882353
1.3650179989999742,4.107252947998047,19.61270144958496,12.427103717041016,-53.47560975609757,78.41463414634147,40.79268292682927,40.341764705882355
1.3815859989999808,0.8068459594726562,-0.229843359375,0.5243301635742187,16.52439024390244,106.34146341463416,53.90243902439025,40.36529411764706
1.3960450550000019,1.0187328063964842,4.368220928955078,-0.16041151123046873,-15.121951219512196,84.20731707317074,46.89024390243903,40.37117647058824
1.4099138880000055,1.4317325927734375,19.61270144958496,-6.8976949829101555,-80.0609756097561,-17.682926829268293,-16.097560975609756,40.36529411764706
1.423665017000019,-1.0043675964355467,2.412158172607422,2.108094561767578,-32.926829268292686,-27.743902439024392,-25.30487804878049,40.36529411764706
1.4373904429999698,1.3060370056152344,4.749497543334961,6.044162091064453,-0.48780487804878053,-13.78048780487805,-43.71951219512196,40.37705882352941
1.4511104250000244,5.7508723876953125,15.861585998535155,-4.672284539794922,-12.500000000000002,17.743902439024392,-25.426829268292686,40.37117647058824
1.4648292769999784,-0.958877764892578,4.106055847167968,0.7709329345703124,43.41463414634147,39.32926829268293,-51.15853658536586,40.353529411764704
1.478543832000014,-0.4010287780761719,0.3447650390625,-1.7968483459472655,83.10975609756099,36.82926829268293,-67.5609756097561,40.35941176470588
1.493059962000018,-13.844471099853514,19.603723193359375,-8.386888415527343,-112.6829268292683,63.59756097560976,60.54878048780488,40.37117647058824
1.5083255910000162,0.30885201416015623,1.9943699829101562,0.39264907226562495,11.341463414634147,62.07317073170732,68.47560975609757,40.37117647058824
1.5236389429999804,-1.0223241088867188,8.66341870727539,2.942473840332031,19.939024390243905,52.5609756097561,51.03658536585366,40.37705882352941
1.5389643689999843,-15.184026928710937,19.61270144958496,-1.1192892761230469,-36.82926829268293,-19.451219512195124,-44.93902439024391,40.37705882352941
1.5542897770000081,-0.6883329772949218,0.6727706665039062,-2.6479870361328124,-29.75609756097561,-26.219512195121954,-48.78048780487805,40.353529411764704
1.5696259989999817,3.450044592285156,19.61270144958496,5.79037671508789,-6.036585365853659,-29.146341463414636,-4.817073170731708,40.35941176470588
1.5849404989999698,0.6835445739746093,-7.548917834472656,-5.541379742431641,87.8048780487805,-41.707317073170735,-49.63414634146342,40.35941176470588
1.6002517950000197,2.098517755126953,15.528791967773437,-0.63206923828125,19.146341463414636,-33.35365853658537,-41.15853658536586,40.353529411764704
1.6155593880000083,0.6284779357910156,4.708197564697265,-0.07900865478515624,-50.1829268292683,39.268292682926834,57.865853658536594,40.353529411764704
1.630863980000015,0.09935936889648436,2.886210101318359,1.0905588562011719,11.951219512195124,39.87804878048781,58.59756097560976,40.36529411764706
1.6461725359999946,-3.1830911071777344,6.5397618347167965,-3.6679169433593746,9.146341463414634,35.0609756097561,57.987804878048784,40.36529411764706
1.6614818880000257,5.048174200439453,19.61270144958496,5.366603021240234,-93.65853658536587,-13.414634146341465,-32.5,40.341764705882355
1.677051887999994,2.024297503662109,10.887632049560546,7.72489165649414,-34.268292682926834,-6.52439024390244,-44.024390243902445,40.37117647058824
1.6924104990000046,9.32182416381836,12.497732666015624,-5.595249279785156,-15.060975609756099,23.658536585365855,-36.58536585365854,40.38294117647059
1.707715276999977,-0.6859387756347656,7.4411787597656245,-1.8722656982421875,20.365853658536587,22.743902439024392,-57.926829268292686,40.353529411764704
1.7230136649999963,0.5339069702148437,14.915876342773437,-11.58673893432617,34.390243902439025,52.743902439024396,23.53658536585366,40.37117647058824
1.7385754059999954,-0.4381389038085937,-3.4332851806640625,-2.1978771240234374,-43.59756097560976,69.87804878048782,45.243902439024396,40.35941176470588
1.7542110730000218,-1.600523809814453,19.61270144958496,0.737414111328125,9.695121951219512,52.25609756097561,43.59756097560976,40.35941176470588
1.7695172580000076,-1.3383587280273437,2.0350714111328125,0.35673604736328124,54.51219512195122,29.81707317073171,51.34146341463415,40.36529411764706
1.7848188510000114,-1.9405004455566406,19.61270144958496,-3.925293621826172,-71.03658536585367,-9.817073170731708,-28.719512195121954,40.37705882352941
1.8001588689999721,4.971559747314453,4.53940634765625,1.380257257080078,-24.695121951219516,-0.9756097560975611,-34.268292682926834,40.35941176470588
1.815469295000014,-0.39743747558593745,-10.650606085205078,-4.563348364257812,79.45121951219512,2.987804878048781,-57.31707317073171,40.388823529411766
1.8307776099999842,5.503072515869141,6.296750366210937,-2.548627667236328,-20.243902439024392,4.207317073170732,-37.25609756097561,40.388823529411766
1.8460828689999857,-2.3451205261230466,13.694833496093748,2.3427263244628906,30.914634146341466,10.365853658536587,62.6829268292683,40.38294117647059
1.8613907210000207,-1.0749965454101562,-5.108029241943359,-4.764461303710937,-11.951219512195124,13.475609756097562,66.58536585365854,40.35941176470588
1.876701980000007,-0.0383072265625,14.386757775878905,4.622006304931641,-16.219512195121954,7.8048780487804885,23.53658536585366,40.36529411764706
1.8915711650000162,-0.3950432739257812,11.573570825195311,0.719457598876953,35.1219512195122,10.975609756097562,59.085365853658544,40.36529411764706
1.9053383319999853,3.3710359375,19.61270144958496,3.5817256835937497,-74.93902439024392,-40.79268292682927,-34.69512195121951,40.36529411764706
1.9191270360000203,2.6815058593749996,0.9445125549316405,-0.1292868896484375,16.097560975609756,-24.02439024390244,-39.32926829268293,40.388823529411766
1.9328738880000174,3.8103719421386715,-3.2728736694335936,-3.737348791503906,-37.926829268292686,-15.000000000000002,-50.487804878048784,40.36529411764706
1.946864201999972,-1.9117700256347656,19.61270144958496,-2.129642376708984,-2.1951219512195124,-16.70731707317073,-69.26829268292684,40.388823529411766
1.9606496470000252,-1.083376251220703,19.61270144958496,-5.614402893066406,62.6829268292683,4.390243902439025,53.35365853658537,40.394705882352945
1.9744233870000016,-9.212887988281249,-1.3060370056152344,-4.57771357421875,-70.3048780487805,21.707317073170735,59.57317073170732,40.394705882352945
1.9883126469999866,0.14245499877929688,1.4245499877929686,1.0761936462402344,-4.146341463414634,23.53658536585366,51.40243902439025,40.388823529411766
2.0021035909999796,-0.594959112548828,-1.8291700683593748,-3.4524387939453125,35.609756097560975,26.402439024390247,-6.402439024390245,40.38294117647059
2.0158485360000213,3.9336733276367184,19.61270144958496,6.801926916503906,-4.329268292682928,9.939024390243903,51.89024390243903,40.353529411764704
2.029587536000008,-8.14028564453125,19.61270144958496,7.247248425292969,-55.60975609756098,-39.81707317073171,-71.09756097560977,40.35941176470588
2.043327684000019,1.1767501159667968,-6.922834100341796,-8.097190014648437,-10.182926829268293,-36.82926829268293,-43.963414634146346,40.36529411764706
2.0570649059999937,0.843956085205078,6.436811163330078,-7.127538342285156,2.25609756097561,-46.03658536585366,-49.51219512195122,40.35941176470588
2.07083197999998,6.554127044677734,18.118121063232422,-3.308786694335937,10.609756097560977,-20.670731707317074,31.82926829268293,40.36529411764706
2.0846009620000245,-2.3965958618164063,-3.9600095458984375,-6.770802294921874,-48.29268292682927,9.02439024390244,37.926829268292686,40.388823529411766
2.098374127999989,-0.5039794494628906,17.793706738281248,0.8403647827148437,-29.939024390243905,5.121951219512195,37.6219512195122,40.35941176470588
2.1121115359999862,-0.8128314636230468,2.1871032165527344,-2.4492682983398435,4.878048780487806,-5.060975609756098,55.00000000000001,40.353529411764704
2.1258507019999797,0.4896142395019531,1.43652099609375,1.599326708984375,67.31707317073172,-9.634146341463415,60.1219512195122,40.400588235294116
2.1400529430000006,0.6979097839355468,7.344213592529297,-0.033518823242187495,-10.609756097560977,9.451219512195122,35.1219512195122,40.35941176470588
2.1538008320000017,10.29865844116211,-4.525041137695312,-7.736862664794922,-13.170731707317074,-29.634146341463417,-55.85365853658537,40.37705882352941
2.167538386999979,1.0845733520507812,1.1468225952148436,-1.121683477783203,-0.06097560975609757,-33.35365853658537,-62.13414634146342,40.35941176470588
2.1812987019999923,-0.14006079711914063,-0.19871873779296872,-4.994304663085937,36.40243902439025,-21.28048780487805,-51.585365853658544,40.37117647058824
2.1950518689999967,-1.6316484313964843,19.61270144958496,8.482656481933594,-109.57317073170732,8.841463414634147,46.09756097560976,40.37705882352941
2.208792035999977,0.8104372619628906,0.14963760375976562,1.5897499023437498,12.01219512195122,24.26829268292683,53.65853658536586,40.37705882352941
2.2225389980000045,-3.707421270751953,7.899668377685546,-0.3363853332519531,-1.2195121951219514,19.634146341463417,28.780487804878053,40.388823529411766
2.2362817759999984,-1.3742717529296875,6.460753179931641,2.3487118286132813,26.89024390243903,24.451219512195124,44.390243902439025,40.406470588235294
2.250049720999982,-1.5705962890624998,7.520187414550781,0.2885013000488281,33.53658536585366,12.500000000000002,35.79268292682927,40.388823529411766
2.2638099430000125,-7.132326745605468,19.61270144958496,0.011971008300781249,-76.64634146341464,-39.57317073170732,-40.0609756097561,40.37117647058824
2.2775701840000124,-0.35314474487304687,-3.0131027893066404,1.9045874206542968,12.926829268292684,-38.90243902439025,-47.25609756097561,40.394705882352945
2.2914540909999914,0.8810662109374999,4.837484454345703,-1.0797849487304687,9.695121951219512,-38.53658536585366,-82.19512195121952,40.394705882352945
2.305247109999982,5.280411761474609,19.61270144958496,-2.2098481323242187,-9.573170731707318,-12.01219512195122,0.12195121951219513,40.35941176470588
2.318998091000026,-0.34237083740234375,-3.7600937072753906,-3.968389251708984,-49.51219512195122,-14.207317073170733,23.353658536585368,40.394705882352945
2.3327296840000145,1.0319009155273438,0.2705447875976562,1.7501614135742187,9.085365853658537,-14.939024390243905,60.67073170731708,40.388823529411766
2.346665368999993,-5.3953334411621094,5.249287139892578,3.1687258972167966,34.93902439024391,-30.975609756097565,31.646341463414636,40.37117647058824
2.360414906000017,1.131260284423828,0.18555062866210936,-3.2800562744140622,26.951219512195124,-35.73170731707317,45.36585365853659,40.37705882352941
2.3741414799999916,-0.03591302490234375,5.661089825439452,1.2904746948242187,51.15853658536586,-51.585365853658544,34.69512195121951,40.400588235294116
2.3879043499999852,4.784812017822265,19.602526092529295,-6.104017132568359,-73.96341463414635,-92.37804878048782,-48.71951219512196,40.37117647058824
2.401653591000013,0.5566518859863281,2.3870190551757813,5.491101507568359,20.60975609756098,-83.90243902439025,-64.9390243902439,40.41235294117647
2.415398109000023,8.458714465332031,15.023615417480467,-6.974309436035155,25.365853658536587,-34.63414634146342,22.439024390243905,40.37705882352941
2.429138258000023,-2.357091534423828,2.2768857788085937,1.2174515441894531,-49.81707317073171,15.914634146341465,19.207317073170735,40.388823529411766
2.4428897760000154,0.17597382202148437,0.6500257507324219,-0.9708487731933593,-34.390243902439025,15.670731707317074,29.75609756097561,40.37705882352941
2.456899980000003,-13.41950030517578,19.61270144958496,-5.710170959472656,-60.426829268292686,-11.219512195121952,17.621951219512198,40.400588235294116
2.4706683499999826,0.316034619140625,5.718550665283203,2.7078420776367187,8.719512195121952,-36.82926829268293,43.23170731707317,40.394705882352945
2.4844154799999956,1.2126631408691406,19.61270144958496,3.9145197143554684,44.57317073170732,-20.243902439024392,32.6219512195122,40.38294117647059
2.498171534999983,2.971204260253906,-6.105214233398437,-4.620809204101562,5.7926829268292686,-4.939024390243903,9.573170731707318,40.400588235294116
2.5119142759999704,8.585607153320312,19.61270144958496,-0.6356605407714844,-46.21951219512196,-40.36585365853659,-88.65853658536587,40.394705882352945
2.5265161649999754,2.085349645996094,1.4101847778320311,-0.051475335693359374,-1.1585365853658538,-18.231707317073173,22.5609756097561,40.37705882352941
2.540342183000007,-13.379995977783203,7.976282830810546,-10.735600244140624,-30.0609756097561,-12.256097560975611,-4.451219512195122,40.406470588235294
2.5540876649999973,0.737414111328125,2.8095956481933593,3.3506852233886715,-55.79268292682927,-19.451219512195124,24.939024390243905,40.394705882352945
2.5678992759999915,-0.8319850769042968,7.649474304199218,-1.025915411376953,7.560975609756098,-19.878048780487806,21.03658536585366,40.37705882352941
2.5816995540000107,1.533486163330078,6.636727001953124,-6.815095025634765,-42.926829268292686,-27.25609756097561,17.134146341463417,40.38294117647059
2.595489294999993,1.9129671264648436,4.993107562255859,0.603338818359375,56.28048780487806,-6.402439024390245,19.75609756097561,40.38294117647059
2.609234387000015,-1.3946224670410154,14.669273571777342,2.3163901062011716,25.60975609756098,4.695121951219512,11.097560975609756,40.394705882352945
2.6229844239999807,0.21188684692382811,1.7681179260253905,3.408146063232422,91.70731707317074,-0.24390243902439027,-17.682926829268293,40.394705882352945
2.6367552950000004,5.968744738769531,19.52232033691406,-8.12113203125,-26.646341463414636,-52.19512195121952,-74.14634146341464,40.38294117647059
2.650511628000004,1.7082628845214842,19.61270144958496,0.27174188842773433,-82.8048780487805,15.609756097560977,30.792682926829272,40.37705882352941
2.6642584240000247,-3.456030096435547,0.5051765502929687,-0.9373299499511718,-91.95121951219512,-2.1951219512195124,0.7926829268292683,40.37117647058824
2.6779985539999984,-0.14006079711914063,-6.742670425415039,6.964732629394531,27.80487804878049,-1.5853658536585367,17.5609756097561,40.41235294117647
2.6918209980000256,-0.3447650390625,-3.915716815185547,-0.5853823059082031,22.865853658536587,1.8902439024390245,2.378048780487805,40.394705882352945
2.7071019979999846,-0.047884033203124995,2.6036943054199218,0.4417302062988281,42.50000000000001,-14.02439024390244,25.182926829268293,40.388823529411766
2.7224059979999993,-2.310404602050781,-2.0254946044921875,-5.087678527832031,23.658536585365855,-3.658536585365854,-6.890243902439025,40.400588235294116
2.7377151829999775,0.2705447875976562,13.76426534423828,-6.95874712524414,17.31707317073171,-18.597560975609756,38.23170731707317,40.406470588235294
2.7530021279999914,-12.897564343261719,19.61270144958496,-11.294646331787108,49.024390243902445,-5.853658536585367,38.29268292682927,40.400588235294116
2.768277850000004,-1.8746598999023436,1.7573440185546874,-1.2042834350585936,-98.23170731707317,-8.536585365853659,20.0609756097561,40.406470588235294
2.783577756999989,0.9947907897949219,-2.450465399169922,-0.229843359375,-21.76829268292683,-4.2682926829268295,19.878048780487806,40.38294117647059
2.7983121830000073,2.1930887207031247,19.462465295410155,-1.8543091857910154,-26.76829268292683,13.475609756097562,-23.29268292682927,40.37117647058824
2.812053516999981,0.9720458740234375,16.097414862060546,-6.313509777832031,-36.03658536585366,19.085365853658537,1.5853658536585367,40.388823529411766
2.825825275999989,-0.7134720947265625,8.380902911376953,4.620809204101562,35.97560975609756,40.304878048780495,-12.134146341463415,40.37705882352941
2.8395656280000026,2.0254946044921875,10.405200415039062,4.285620971679688,-26.52439024390244,22.865853658536587,-25.182926829268293,40.37705882352941
2.8533006829999863,-0.9085995300292968,4.015076184082031,-2.139219183349609,108.78048780487806,15.000000000000002,-7.865853658536586,40.38294117647059
2.8670558869999923,-0.2442085693359375,1.1552023010253905,-8.611943371582031,117.56097560975611,18.475609756097562,43.29268292682927,40.38294117647059
2.8807990909999717,-0.06943184814453125,8.166621862792969,-9.039308367919922,-129.39024390243904,-20.121951219512198,-45.00000000000001,40.400588235294116
2.894554405000008,-0.3902548706054687,3.6200329101562496,0.22266075439453123,-83.96341463414635,-22.80487804878049,-31.402439024390247,40.38294117647059
2.9082961650000243,2.0542250244140625,-2.261323468017578,-3.9408559326171875,-64.63414634146342,-20.914634146341466,35.670731707317074,40.394705882352945
2.9220732200000157,0.48243163452148435,-2.6946739685058594,5.796362219238281,71.52439024390245,-17.98780487804878,30.731707317073173,40.394705882352945
2.935836757000004,0.296881005859375,11.942277880859374,-0.9205705383300781,-63.78048780487806,-19.26829268292683,2.073170731707317,40.38294117647059
2.949581517000013,1.4041992736816404,3.2561142578125,2.2768857788085937,34.08536585365854,-7.500000000000001,-0.6097560975609757,40.394705882352945
2.96329536799999,0.9074024291992187,10.563217724609375,2.2361843505859373,22.073170731707318,-10.487804878048781,4.573170731707317,40.38294117647059
2.977056516999994,1.0390835205078124,-0.5805939025878906,-5.895721588134765,67.98780487804879,-10.731707317073171,-3.963414634146342,40.38294117647059
2.9908696460000215,9.890447058105469,19.61270144958496,-8.708908538818358,43.53658536585366,22.31707317073171,59.207317073170735,40.388823529411766
3.004621794000002,-6.823474731445312,13.214796063232422,2.578555187988281,-83.96341463414635,-60.67073170731708,-25.914634146341466,40.38294117647059
3.0183889979999776,1.8100164550781248,-0.4429273071289062,-2.521094348144531,-67.5,-46.15853658536586,11.646341463414634,40.37705882352941
3.032149387000004,0.8571241943359375,19.42894647216797,-7.22689771118164,-61.585365853658544,-31.402439024390247,-5.182926829268293,40.388823529411766
3.0458968870000263,0.0,7.364564306640625,1.1552023010253905,31.09756097560976,-24.451219512195124,-1.4634146341463417,40.394705882352945
3.0596145160000106,1.7836802368164062,3.494337322998047,1.399410870361328,-25.0609756097561,-23.231707317073173,-10.182926829268293,40.388823529411766
3.0733625159999747,0.9421183532714843,7.319074475097656,1.8148048583984373,11.158536585365855,-30.487804878048784,-3.7195121951219514,40.400588235294116
3.087141960999986,-0.5638344909667968,1.6603788513183593,-3.1794998046874996,43.29268292682927,-35.1219512195122,-10.0,40.400588235294116
3.1008795719999966,0.6775590698242188,19.61270144958496,8.573636145019531,25.0609756097561,-35.426829268292686,16.34146341463415,40.400588235294116
3.1146316460000207,7.321468676757812,19.61270144958496,-0.2861070983886719,-18.658536585365855,35.243902439024396,72.19512195121952,40.406470588235294
3.128371534999985,0.7864952453613281,3.9372646301269527,0.9564835632324218,11.463414634146343,26.646341463414636,58.41463414634147,40.38294117647059
3.142361978999986,3.8079777404785156,19.61270144958496,-10.274716424560546,-125.85365853658537,-12.560975609756099,2.1341463414634148,40.394705882352945
3.1561024239999824,0.29927520751953124,2.0254946044921875,0.1352723937988281,-17.804878048780488,-8.475609756097562,-17.621951219512198,40.41235294117647
3.1698273679999716,-0.6368576416015624,5.1714755859374995,-5.4515971801757805,13.04878048780488,-8.963414634146343,-13.536585365853659,40.388823529411766
3.183548535,0.4572925170898437,-5.070919116210937,-4.880580084228515,-57.31707317073171,0.426829268292683,-18.658536585365855,40.394705882352945
3.1975351090000004,0.6607996582031249,19.61270144958496,1.4640543151855467,-3.536585365853659,7.317073170731708,-18.414634146341466,40.388823529411766
3.2127987759999996,1.0211270080566406,0.028730419921875,0.17238251953125,43.963414634146346,15.243902439024392,-32.31707317073171,40.400588235294116
3.2283122019999837,0.22385785522460935,-3.1280244689941403,-13.198036651611327,122.07317073170732,69.02439024390245,68.59756097560977,40.41235294117647
3.2435619610000117,-0.430956298828125,3.7505169006347656,-2.574963885498047,-35.1219512195122,86.21951219512196,75.2439024390244,40.41235294117647
3.258822720000012,-3.877409588623047,12.25771394958496,-5.276820458984375,46.28048780487805,12.01219512195122,-17.073170731707318,40.388823529411766
3.2740793500000223,-0.5470750793457031,-5.064933612060546,-4.244919543457031,-59.024390243902445,2.1951219512195124,-12.256097560975611,40.400588235294116
3.2893740160000107,-0.7649474304199219,-0.824802471923828,-2.3882161560058592,-15.975609756097562,-1.8902439024390245,-38.10975609756098,40.394705882352945
3.3049037760000033,1.954865655517578,-0.32082302246093747,-3.6391865234374996,22.621951219512198,-3.2926829268292686,-35.79268292682927,40.406470588235294
3.3204730530000006,1.0917559570312498,15.240290667724608,2.9376854370117185,39.390243902439025,-5.548780487804878,-26.09756097560976,40.394705882352945
3.335814701000004,0.08738836059570312,-1.8507178833007811,-4.0222587890625,43.84146341463415,-8.902439024390244,-27.621951219512198,40.388823529411766
3.351127350000013,1.1049240661621094,19.61270144958496,4.332307904052734,-42.07317073170732,32.6829268292683,38.65853658536586,40.41235294117647
3.3664363309999885,0.3603273498535156,-1.5729904907226562,-4.490325213623047,14.390243902439027,33.47560975609756,49.51219512195122,40.400588235294116
3.381738035000012,-0.6416460449218749,9.991003527832031,2.398990063476562,3.1707317073170733,28.353658536585368,23.53658536585366,40.41823529411765
3.3970807379999997,2.8419173706054686,8.196549383544921,-3.086125939941406,-69.45121951219512,-22.926829268292686,-30.365853658536587,40.406470588235294
3.4123653309999895,0.28490999755859375,2.8754361938476563,0.9169792358398436,-29.39024390243903,-22.012195121951223,-23.59756097560976,40.41823529411765
3.4277034049999884,3.1878795104980466,19.61270144958496,-5.256469744873047,-42.13414634146342,-24.878048780487806,-25.000000000000004,40.41235294117647
3.4430081269999846,3.9336733276367184,3.1735143005371094,3.6523546325683593,41.890243902439025,27.987804878048784,-44.57317073170732,40.400588235294116
3.4583146090000128,1.139639990234375,10.04846436767578,-4.4005426513671875,48.71951219512196,35.609756097560975,-49.39024390243903,40.400588235294116
3.4736200350000104,-8.254010223388672,19.52830584106445,0.7565677246093749,-90.54878048780489,64.51219512195122,73.35365853658537,40.41235294117647
3.4889257379999776,-2.682702960205078,-8.175001568603514,-0.9301473449707031,75.3048780487805,58.53658536585366,61.40243902439025,40.406470588235294
3.5042560719999756,-1.2713210815429687,-4.750694644165039,-9.051279376220702,41.707317073170735,5.0,-7.01219512195122,40.406470588235294
3.5195586639999874,2.568978381347656,1.4963760375976562,1.9991583862304687,-50.85365853658537,-34.63414634146342,-42.13414634146342,40.394705882352945
3.5348740900000166,-0.8954314208984374,8.60595786743164,1.6771382629394531,-32.743902439024396,-36.707317073170735,-9.573170731707318,40.388823529411766
3.5501904050000235,-0.07781155395507812,19.61270144958496,-0.8044517578125,18.04878048780488,-33.71951219512196,-27.439024390243905,40.400588235294116
3.565498961000003,1.9500772521972656,1.5969325073242187,-2.012326495361328,67.19512195121952,-17.682926829268293,-28.84146341463415,40.41235294117647
3.5808012570000187,0.689530078125,3.190273712158203,2.612074011230469,45.79268292682927,5.853658536585367,-60.304878048780495,40.41235294117647
3.5961301639999874,-6.542156036376952,5.128379956054687,-4.958391638183594,-61.09756097560976,84.81707317073172,74.26829268292684,40.400588235294116
3.6114292749999777,-0.258573779296875,-0.9157821350097656,0.5973533142089843,19.32926829268293,87.6829268292683,56.768292682926834,40.406470588235294
3.6267653489999816,1.9213468322753906,2.868253588867187,-0.4560954162597656,45.54878048780488,80.42682926829269,-12.621951219512196,40.41235294117647
3.6420674049999775,4.356249920654297,-0.8295908752441405,-9.19971987915039,-54.81707317073171,3.2926829268292686,-30.182926829268297,40.41235294117647
3.657366201000002,2.50912333984375,3.3542765258789062,0.6165069274902344,-10.914634146341465,-14.390243902439027,-34.51219512195122,40.400588235294116
3.6726662940000097,5.7843912109375,19.61270144958496,-1.4820108276367188,-28.84146341463415,10.731707317073171,-19.634146341463417,40.41823529411765
3.6879680160000134,1.1623849060058593,-0.6248866333007812,0.70868369140625,52.926829268292686,18.78048780487805,-26.89024390243903,40.41235294117647
3.7033215349999864,1.9823989746093749,11.425130322265625,-0.33518823242187495,12.80487804878049,46.34146341463415,-35.73170731707317,40.406470588235294
3.718675293999979,-1.8124106567382812,19.546262353515623,-6.373364819335937,-72.37804878048782,93.17073170731707,58.53658536585366,40.43588235294118
3.733983942000009,-2.2589292663574216,3.2609026611328122,3.104082452392578,56.707317073170735,81.70731707317074,57.6219512195122,40.394705882352945
3.749309609000022,-3.393780853271484,13.79000301208496,-14.311340423583983,-42.5609756097561,21.463414634146343,-7.8048780487804885,40.41235294117647
3.7646290530000215,1.0773907470703123,-0.9445125549316405,-5.90529839477539,-32.86585365853659,-23.414634146341466,-31.951219512195124,40.41235294117647
3.7799441270000216,-0.19153613281249998,-2.749740606689453,-0.12090718383789062,33.84146341463415,-20.48780487804878,-40.60975609756098,40.406470588235294
3.7952855159999785,2.2014684265136717,11.291055029296874,0.9516951599121093,-53.17073170731708,-16.585365853658537,-30.0609756097561,40.42411764705882
3.8105990899999824,-0.8942343200683593,5.9400143188476555,3.1651345947265623,39.63414634146342,-2.9268292682926833,-57.37804878048781,40.406470588235294
3.8259115719999954,0.9313444458007812,19.61270144958496,-15.427038397216796,-19.26829268292683,47.31707317073171,33.29268292682927,40.41823529411765
3.841220663999991,0.6464344482421874,-0.42018239135742186,-4.455609289550781,19.146341463414636,70.48780487804879,58.53658536585366,40.394705882352945
3.856535794000024,-0.23702596435546874,-0.13766659545898435,-0.11731588134765625,17.682926829268293,69.02439024390245,59.451219512195124,40.42411764705882
3.871847867999975,-3.180696905517578,19.61270144958496,2.987963671875,-5.121951219512195,31.76829268292683,-34.451219512195124,40.41823529411765
3.8871601829999918,-0.9720458740234375,6.537367633056641,-0.4477157104492187,-34.024390243902445,-1.707317073170732,-51.585365853658544,40.41823529411765
3.9025014599999963,1.2174515441894531,-1.3359645263671873,-1.5777788940429687,29.81707317073171,-11.829268292682928,-30.60975609756098,40.41235294117647
3.9178169969999885,1.2294225524902342,8.264784130859374,-2.0638018310546875,-12.80487804878049,-26.09756097560976,-25.853658536585368,40.42411764705882
3.9331234229999836,1.1037269653320312,0.20350714111328125,-0.5662286926269531,60.487804878048784,11.646341463414634,-59.51219512195122,40.406470588235294
3.9484382939999705,1.0115502014160156,19.61270144958496,-1.2808978881835937,-62.31707317073171,56.40243902439025,83.35365853658537,40.42411764705882
3.963747904999991,1.1085153686523437,-1.3910311645507811,0.41419688720703124,-5.2439024390243905,57.6219512195122,103.65853658536587,40.41235294117647
3.979097275000015,-1.4233528869628906,6.552929943847656,-0.5566518859863281,29.939024390243905,49.93902439024391,30.914634146341466,40.43
3.99445005299998,-4.746504791259765,19.61270144958496,10.292672937011718,19.32926829268293,4.634146341463415,-73.59756097560977,40.43
4.0097672750000015,2.953247747802734,2.2541408630371094,-1.2210428466796874,-48.53658536585366,21.890243902439025,-10.182926829268293,40.400588235294116
4.025078183000005,0.13407529296874998,14.107833282470702,0.027533319091796873,-4.939024390243903,22.500000000000004,-61.28048780487806,40.400588235294116
4.040396034000025,2.385821954345703,-1.1935095275878906,-2.7940333374023436,72.19512195121952,31.646341463414636,-84.20731707317074,40.41823529411765
4.055703164000022,0.003591302490234375,19.61270144958496,-0.8786720092773437,-15.670731707317074,76.46341463414635,35.91463414634147,40.42411764705882
4.071277367999983,-1.218648645019531,-3.21780703125,-3.2609026611328122,4.573170731707317,70.97560975609757,28.84146341463415,40.41823529411765
4.086600497000006,-1.4700398193359374,10.87206973876953,1.1228805786132812,-48.90243902439025,57.6219512195122,78.84146341463415,40.43588235294118
4.101939330999983,-3.2549171569824216,11.735179437255859,0.7733271362304687,53.84146341463415,25.426829268292686,57.25609756097561,40.41823529411765
4.117257182999992,6.2392895263671875,19.61270144958496,-0.12449848632812499,-106.40243902439025,-30.487804878048784,-34.32926829268293,40.43588235294118
4.132596701000011,-0.15203180541992187,-2.7425580017089843,-1.9883844787597655,18.597560975609756,-3.780487804878049,-16.219512195121954,40.42411764705882
4.148011090000011,0.3854664672851562,8.298302954101562,-5.070919116210937,-42.19512195121951,-10.487804878048781,-31.58536585365854,40.42411764705882
4.163323348999995,1.016338604736328,7.16943687133789,-1.6412252380371093,22.073170731707318,9.146341463414634,-67.8658536585366,40.41823529411765
4.178624145000015,2.7449522033691403,19.399018951416014,-2.8754361938476563,29.32926829268293,49.75609756097561,27.5609756097561,40.42411764705882
4.193942478999986,-3.3602620300292965,-0.8463502868652343,-4.981136553955078,-58.65853658536586,50.243902439024396,54.57317073170732,40.42411764705882
4.209258626999997,-0.6512228515624999,2.4779987182617185,-7.485471490478515,-0.6097560975609757,39.32926829268293,50.487804878048784,40.406470588235294
4.22464529399997,-0.2501940734863281,17.758990814208982,-5.756857891845703,-20.48780487804878,23.719512195121954,54.024390243902445,40.441764705882356
4.240012331000003,-12.631807958984375,19.61270144958496,-1.1552023010253905,-48.84146341463415,-35.0609756097561,-36.646341463414636,40.41823529411765
4.255315590000009,1.3120225097656248,10.139444030761718,4.158728283691406,-86.40243902439025,-17.621951219512198,-40.73170731707317,40.41823529411765
4.270647664000023,5.843049151611328,7.829039428710937,-0.2825157958984375,3.2926829268292686,24.451219512195124,-55.243902439024396,40.406470588235294
4.285972775000005,-0.0383072265625,11.294646331787108,4.2497079467773435,25.792682926829272,41.34146341463415,-91.40243902439025,40.41235294117647
4.301261070999999,5.865794067382812,19.61270144958496,1.7764976318359373,-72.6219512195122,93.53658536585367,33.53658536585366,40.406470588235294
4.316541015999974,-1.1731588134765625,4.709394665527343,1.2198457458496093,3.536585365853659,86.58536585365854,54.32926829268293,40.400588235294116
4.33185634900002,-2.133233679199219,8.152256652832031,-2.1883003173828124,-41.28048780487805,56.21951219512196,51.768292682926834,40.41235294117647
4.3473506820000125,-1.993172882080078,8.88009395751953,-1.4736311218261717,83.65853658536587,48.170731707317074,37.25609756097561,40.42411764705882
4.362727090000021,-12.586318127441405,19.61270144958496,-12.48695875854492,-13.536585365853659,4.75609756097561,-37.987804878048784,40.42411764705882
4.378039590000014,1.407790576171875,0.6500257507324219,4.996698864746094,-13.475609756097562,3.7195121951219514,-42.01219512195122,40.406470588235294
4.393387533999999,1.1516109985351561,2.5905261962890624,1.216254443359375,15.365853658536587,18.170731707317074,-82.8658536585366,40.41235294117647
4.408806181999978,2.7054478759765623,17.694347369384765,5.3199160888671875,45.54878048780488,16.463414634146343,-42.6219512195122,40.41823529411765
4.425164960000018,-6.124367846679687,19.61270144958496,-0.8846575134277344,-45.0609756097561,8.048780487804878,34.75609756097561,40.42411764705882
4.441187442,-0.9277531433105468,5.578489868164062,-0.9121908325195311,-5.670731707317073,15.182926829268293,59.51219512195122,40.41235294117647
4.456493552999973,-1.734599102783203,9.488221179199218,1.7621324218749999,9.329268292682928,22.25609756097561,48.59756097560976,40.41823529411765
4.471747404999974,0.5973533142089843,7.981071234130859,0.11252747802734374,50.1219512195122,33.47560975609756,41.21951219512196,40.43588235294118
4.487004404999993,10.63624087524414,19.61270144958496,-2.560598675537109,-96.09756097560977,-14.085365853658537,-33.963414634146346,40.42411764705882
4.501878293000004,-0.36750995483398435,-0.7493851196289062,0.7852981445312499,-34.08536585365854,-18.475609756097562,-37.07317073170732,40.41823529411765
4.514377108000019,2.389413256835937,10.380061297607421,1.1563994018554686,12.987804878048781,-8.170731707317074,-59.69512195121952,40.406470588235294
4.526845330000015,2.5821464904785154,0.16759411621093748,2.0566192260742184,94.63414634146342,14.26829268292683,-70.0,40.406470588235294
4.539319442000021,-0.4261678955078125,19.61270144958496,2.5450363647460934,-145.91463414634148,60.487804878048784,30.670731707317074,40.441764705882356
4.551795181999978,1.4006079711914061,-7.884106066894531,2.096123553466797,26.34146341463415,56.463414634146346,50.60975609756098,40.441764705882356
4.564263497000013,-6.5505357421875,19.61270144958496,5.069722015380859,-41.58536585365854,23.59756097560976,25.60975609756098,40.43588235294118
4.57672977499999,-0.7062894897460937,-6.8402341430664055,-3.2812533752441406,-10.914634146341465,1.707317073170732,48.47560975609756,40.42411764705882
4.589169589999983,-2.094926452636719,14.92665025024414,2.482787121582031,-0.48780487804878053,-0.7317073170731708,35.609756097560975,40.42411764705882
4.602224034000017,-1.4030021728515625,1.5023615417480467,4.134786267089844,75.97560975609757,-11.341463414634147,42.743902439024396,40.41235294117647
4.617447292999998,3.459621398925781,19.61270144958496,-4.879382983398437,-65.1829268292683,-83.04878048780489,-46.89024390243903,40.441764705882356
4.6327042749999805,2.01112939453125,2.0757728393554684,2.6515783386230467,17.5609756097561,-87.31707317073172,-44.08536585365854,40.41823529411765
4.647965960000022,6.056133099365234,0.7015010864257812,-2.8622680847167965,-8.719512195121952,-56.82926829268293,-49.32926829268293,40.41235294117647
4.663223071000004,11.755530151367187,19.61270144958496,-2.710236279296875,14.390243902439027,38.35365853658537,32.86585365853659,40.400588235294116
4.678488163999987,-0.25258827514648435,-3.438073583984375,-4.751293194580078,-31.82926829268293,43.170731707317074,43.47560975609756,40.43
4.69374103399997,-6.499060406494141,19.61270144958496,4.404133953857421,-10.30487804878049,20.670731707317074,25.48780487804878,40.41235294117647
4.708993385999975,-0.9157821350097656,-5.53539423828125,3.400963458251953,44.87804878048781,6.036585365853659,41.03658536585366,40.43588235294118
4.72424416399997,0.2597708801269531,0.9169792358398436,-4.950011932373046,28.780487804878053,-5.609756097560976,45.79268292682927,40.41823529411765
4.739554311999996,-11.18571015625,19.61270144958496,-2.029085906982422,-12.80487804878049,-78.10975609756099,-49.81707317073171,40.441764705882356
4.75486620099997,0.7757213378906249,-0.2442085693359375,-2.152387292480469,-28.353658536585368,-82.8048780487805,-55.487804878048784,40.42411764705882
4.770122349000019,3.9228994201660154,19.61270144958496,5.261258148193359,-23.53658536585366,-65.67073170731707,-44.451219512195124,40.43
4.785367441000005,0.9935936889648437,9.058461981201171,-0.7601590270996094,-48.23170731707317,12.134146341463415,45.1829268292683,40.41235294117647
4.80065271899997,-1.01514150390625,-2.972401361083984,-1.1552023010253905,1.2804878048780488,15.79268292682927,24.573170731707318,40.43588235294118
4.815906089999999,-6.189011291503906,15.818490368652343,1.6723498596191406,-46.15853658536586,-4.207317073170732,30.365853658536587,40.42411764705882
4.831155738000007,-1.0845733520507812,2.3127988037109373,1.5059528442382812,27.500000000000004,-8.170731707317074,38.10975609756098,40.43
4.8464078299999755,-1.0785878479003905,8.221688500976562,-2.6001030029296874,66.52439024390245,-10.182926829268293,30.853658536585368,40.441764705882356
4.861661497,6.210559106445312,19.61270144958496,5.671863732910156,-66.28048780487805,-47.86585365853659,-65.85365853658537,40.43588235294118
4.8769109410000056,1.9823989746093749,2.653972540283203,0.47644613037109373,13.658536585365855,-35.79268292682927,-58.59756097560976,40.42411764705882
4.892154923000021,13.200430853271484,13.187262744140623,-9.439140045166015,39.32926829268293,7.926829268292684,11.158536585365855,40.43
4.907731237999997,-1.216254443359375,-0.6284779357910156,-6.506243011474609,-41.707317073170735,30.0609756097561,19.085365853658537,40.42411764705882
4.923002940999993,-3.825934252929687,12.142193719482421,-1.9321207397460936,-26.52439024390244,-11.829268292682928,52.37804878048781,40.43
4.938253348999979,0.6488286499023437,12.60188043823242,-1.0319009155273438,0.30487804878048785,5.060975609756098,25.365853658536587,40.441764705882356
4.953518848999977,-0.8834604125976562,12.746729638671875,-0.7709329345703124,19.207317073170735,0.1829268292682927,24.207317073170735,40.441764705882356
4.9689237750000075,0.6428431457519531,4.225765930175781,-4.556165759277343,60.1219512195122,-15.365853658536587,26.28048780487805,40.406470588235294
4.984413033999999,-12.817358587646483,19.61270144958496,4.351461517333984,30.243902439024392,-69.93902439024392,-56.21951219512196,40.43
4.99978616300001,2.1260510742187497,5.774814404296874,6.4272343566894525,0.48780487804878053,-65.54878048780489,-58.53658536585366,40.43
5.015088681999998,12.702436907958983,19.61270144958496,-9.083601098632812,-71.46341463414635,-12.926829268292684,11.463414634146343,40.441764705882356
