0.015509221999764122,3.009511486816406,19.61270144958496,7.145494854736327,-54.024390243902445,60.73170731707317,-47.987804878048784,48.36529411764706
0.031034943999657116,2.9448680419921875,8.134300140380859,1.6807295654296874,17.012195121951223,42.19512195121951,-92.37804878048782,48.36529411764706
0.04655290699975012,1.4065934753417968,-2.7341782958984373,-1.0941501586914062,48.23170731707317,39.268292682926834,-86.40243902439025,48.35352941176471
0.05950894399984463,6.787561706542968,19.61270144958496,7.851784344482422,-32.43902439024391,38.10975609756098,-0.3658536585365854,48.35941176470588
0.07209675900003276,-8.577227447509765,6.451176373291015,-3.5625720703124997,-31.646341463414636,-55.79268292682927,25.853658536585368,48.35352941176471
0.0847468699998899,-0.4704606262207031,2.3247698120117186,1.6077064147949218,23.719512195121954,-61.28048780487806,45.1829268292683,48.35941176470588
0.09859277799978372,-0.14963760375976562,5.761646295166015,-0.9840168823242187,-19.878048780487806,-53.35365853658537,45.60975609756098,48.37705882352941
0.11161035199984326,3.2046389221191403,18.21388912963867,-7.6470801025390625,-74.26829268292684,43.65853658536586,13.963414634146343,48.37117647058824
0.12547957399965526,-6.087257720947266,15.665261462402343,-6.05852730102539,30.792682926829272,-2.5,-16.03658536585366,48.341764705882355
0.1385654999999133,0.18076222534179687,2.1260510742187497,-1.2389993591308592,2.378048780487805,-34.93902439024391,13.109756097560977,48.37705882352941
0.15060427799971876,4.316745593261719,13.479355346679686,-2.3822306518554686,-39.390243902439025,18.353658536585368,60.91463414634147,48.37705882352941
0.15762633299982554,-0.34715924072265625,4.1934442077636715,-0.19512743530273435,109.45121951219514,31.463414634146343,60.85365853658537,48.37705882352941
0.16462546299999303,7.406462835693359,12.93467446899414,-3.2142157287597652,114.63414634146342,64.75609756097562,39.207317073170735,48.37117647058824
0.17161985199982155,-2.8658593872070313,19.61270144958496,7.733271362304687,-51.524390243902445,73.71951219512195,-39.69512195121951,48.37117647058824
0.17866862899973057,5.272032055664062,-6.361393811035156,-7.468712078857421,-109.63414634146342,77.7439024390244,-88.23170731707317,48.36529411764706
0.18564374099969427,2.598905902099609,10.423156927490234,-0.09576806640624999,24.81707317073171,51.463414634146346,-69.57317073170732,48.36529411764706
0.19262725899989164,2.1775264099121094,3.6092590026855467,1.1037269653320312,41.58536585365854,44.268292682926834,-59.268292682926834,48.37117647058824
0.19945957399977488,-7.556100439453124,13.12621060180664,-5.729324572753906,39.57317073170732,2.5,-70.0,48.37117647058824
0.20631468500005212,-7.26520493774414,13.081917871093749,-1.5634136840820312,-56.89024390243903,-44.390243902439025,-73.65853658536587,48.388823529411766
0.21311890700008007,-0.35673604736328124,15.565902093505859,2.987963671875,25.853658536585368,-63.963414634146346,-51.15853658536586,48.37117647058824
0.2199224440000762,1.5550339782714844,19.61270144958496,7.375338214111328,28.719512195121954,-60.060975609756106,39.207317073170735,48.388823529411766
0.22678529599988906,-1.4137760803222656,14.609418530273437,1.2389993591308592,-39.63414634146342,-54.32926829268293,42.01219512195122,48.37117647058824
0.2337687780000124,-2.5139117431640625,7.748833673095703,-2.8945898071289062,-45.97560975609756,-51.03658536585366,28.963414634146343,48.37117647058824
0.2406197410000459,-1.005564697265625,-0.5662286926269531,-2.730586993408203,7.8048780487804885,-41.09756097560976,21.951219512195124,48.37117647058824
0.24742742599983103,7.5153990112304685,11.79802723083496,-13.481749548339844,-20.426829268292686,-3.4756097560975614,31.707317073170735,48.36529411764706
0.25424959199972363,2.6396073303222654,5.216965417480468,-8.640673791503906,-82.01219512195122,28.59756097560976,40.243902439024396,48.37117647058824
0.26114403699966715,-0.2765302917480469,-1.8818425048828125,-5.179855291748047,25.243902439024392,28.53658536585366,39.32926829268293,48.35941176470588
0.26797601799989934,0.11013327636718749,5.702988354492187,1.1719617126464843,62.31707317073171,32.926829268292686,36.524390243902445,48.34764705882353
0.2747961289996965,-3.1591490905761717,14.166491223144531,2.5474305664062498,50.304878048780495,-7.01219512195122,-10.0,48.37117647058824
0.2816176659998746,-2.0362685119628905,12.904746948242186,-3.0035259826660154,-50.36585365853659,-20.243902439024392,-13.170731707317074,48.36529411764706
0.2884698519997073,-1.0977414611816405,17.28254468383789,4.576516473388671,-6.219512195121951,-31.82926829268293,6.890243902439025,48.37117647058824
0.2953963519998979,-2.243366955566406,8.783128790283202,1.8614917907714843,27.134146341463417,-35.1829268292683,51.524390243902445,48.35941176470588
0.30239174100006494,-1.1851298217773436,3.912125512695312,-4.835090252685546,69.75609756097562,-30.60975609756098,60.54878048780488,48.37117647058824
0.30936642599999686,1.4353238952636718,10.94269868774414,2.492363928222656,49.81707317073171,-12.500000000000002,68.10975609756098,48.37705882352941
0.3163391849998334,0.8032546569824218,3.7517140014648436,0.5602431884765625,49.51219512195122,29.39024390243903,53.59756097560976,48.37117647058824
0.32323762899977737,1.9895815795898437,19.61270144958496,-2.4863784240722655,51.09756097560976,42.25609756097561,5.426829268292684,48.35941176470588
0.33010242599993944,5.233724829101562,18.199523919677734,0.13766659545898435,-72.8658536585366,80.79268292682927,-59.57317073170732,48.35941176470588
0.33692205499983174,3.954024041748047,3.318363500976562,-2.1894974182128903,-2.682926829268293,80.85365853658537,-60.79268292682927,48.36529411764706
0.34373835199994573,0.23702596435546874,0.6727706665039062,-0.5662286926269531,31.219512195121954,74.51219512195122,-64.26829268292684,48.37705882352941
0.35058346300002086,-0.36152445068359373,2.942473840332031,1.2413935607910156,46.09756097560976,72.07317073170732,-70.48780487804879,48.38294117647059
0.3574521289997392,-7.334636785888671,7.587225061035156,-0.8295908752441405,17.378048780487806,34.451219512195124,-82.8048780487805,48.37117647058824
0.3642730550000124,-1.2569558715820313,-0.26695348510742184,-8.039729174804688,-58.59756097560976,-16.03658536585366,-79.45121951219512,48.37117647058824
0.3710909259998516,-0.9516951599121093,11.086350787353515,5.394136340332031,55.73170731707317,-72.5,-24.695121951219516,48.35941176470588
0.37790585199991256,2.5151088439941405,19.61270144958496,5.006275671386718,-36.82926829268293,-71.52439024390245,22.98780487804878,48.35352941176471
0.38473357399971064,-2.1595698974609374,13.199233752441405,-1.9895815795898437,-68.10975609756098,-63.963414634146346,33.04878048780488,48.37117647058824
0.3916188149996742,-2.559401574707031,1.9009961181640624,-4.969165545654296,-12.500000000000002,-57.865853658536594,21.402439024390247,48.38294117647059
0.3984394069998416,1.1360486877441405,16.964115863037108,-1.3204022155761719,15.365853658536587,-52.804878048780495,1.402439024390244,48.36529411764706
0.4052732779996404,7.766790185546874,14.034810131835936,-16.488866833496093,-38.53658536585366,3.780487804878049,15.731707317073171,48.37117647058824
0.4120878519997859,3.2932243835449215,4.742913488769531,-7.62912359008789,-56.768292682926834,15.000000000000002,25.000000000000004,48.36529411764706
0.4189078519998475,0.6871358764648438,-0.2609679809570312,-1.5107412475585937,31.707317073170735,22.682926829268293,34.51219512195122,48.37705882352941
0.42578205499967225,-0.37708676147460934,3.125630267333984,3.9228994201660154,49.39024390243903,27.682926829268297,35.0609756097561,48.38294117647059
0.43259696299992356,1.1001356628417969,3.9228994201660154,-2.1033061584472654,45.85365853658537,26.82926829268293,37.31707317073171,48.37705882352941
0.43941327699985777,-3.010708587646484,19.61270144958496,8.054094384765625,57.31707317073171,11.585365853658537,5.853658536585367,48.36529411764706
0.4462277399998129,-1.867477294921875,19.61270144958496,14.718354705810546,-162.8048780487805,-36.09756097560976,9.51219512195122,48.35941176470588
0.45304259199974695,2.6096798095703124,15.595829614257811,-7.079654309082031,-26.402439024390247,-26.82926829268293,19.02439024390244,48.36529411764706
0.4600473149998834,2.7138275817871094,0.32082302246093747,-11.63222876586914,-16.76829268292683,24.939024390243905,30.60975609756098,48.35941176470588
0.4668895549998524,-0.8978256225585937,-3.612850305175781,3.134009973144531,90.85365853658537,27.865853658536587,28.475609756097562,48.35352941176471
0.4737065179997444,-0.49679684448242184,-0.8702923034667969,1.467645617675781,77.43902439024392,28.475609756097562,24.573170731707318,48.35352941176471
0.4805248699999538,0.21787235107421873,-4.920084411621094,-2.6898855651855467,116.95121951219514,27.926829268292686,26.28048780487805,48.36529411764706
0.4873406849997082,-0.24779987182617186,3.6768951995849606,12.508506573486327,103.59756097560977,27.682926829268297,26.89024390243903,48.36529411764706
0.4941973139998481,-1.5550339782714844,19.61270144958496,7.425616448974609,-19.573170731707318,15.79268292682927,-43.53658536585366,48.36529411764706
0.5010437589999128,6.930016705322266,8.05648858642578,-11.795034478759765,-53.65853658536586,-5.731707317073171,-19.878048780487806,48.36529411764706
0.5078619070000059,1.2437877624511717,4.3993455505371095,-4.217386224365234,-31.219512195121954,-3.8414634146341466,-20.0609756097561,48.37117647058824
0.5146807219998664,0.277727392578125,-0.6548141540527344,-2.2445640563964844,-6.097560975609756,4.390243902439025,-39.146341463414636,48.388823529411766
0.5214977399996314,0.4944026428222656,1.419761584472656,1.7693150268554687,29.08536585365854,6.463414634146342,-44.69512195121952,48.37117647058824
0.5283109259999037,-0.43574470214843747,1.4999673400878906,0.46686932373046874,36.28048780487805,7.134146341463415,-48.84146341463415,48.36529411764706
0.5354667219999101,0.14125789794921875,11.179724652099608,2.5522189697265625,31.89024390243903,2.0121951219512195,-77.07317073170732,48.37705882352941
0.5423787770000672,-8.12113203125,19.61270144958496,-11.692083807373047,-90.42682926829269,-38.170731707317074,-44.51219512195122,48.38294117647059
0.549274037000032,-2.221819140625,13.51526837158203,-4.497507818603515,-69.81707317073172,-34.146341463414636,22.682926829268293,48.37117647058824
0.5562252029999399,-2.9173347229003905,14.115015887451172,-4.1754876953124995,-13.658536585365855,-35.0,26.646341463414636,48.35941176470588
0.5631241659998523,-0.8176198669433593,4.752490295410156,0.2537853759765625,3.2926829268292686,-37.07317073170732,32.80487804878049,48.35941176470588
0.5699795179998546,6.64630380859375,13.997700006103514,-3.6523546325683593,-5.7926829268292686,17.195121951219512,38.963414634146346,48.35352941176471
0.5768483140000171,1.1180921752929687,4.455609289550781,-5.334281298828125,-62.6829268292683,32.13414634146342,32.80487804878049,48.35941176470588
0.583687832999658,-3.689464758300781,9.95389340209961,1.6424223388671875,7.987804878048781,32.07317073170732,20.60975609756098,48.36529411764706
0.5905181849998371,-0.852335791015625,6.864176159667968,-3.2249896362304686,21.219512195121954,7.195121951219513,-4.024390243902439,48.37705882352941
0.597341165999751,0.07302315063476562,10.011354241943359,3.1842882080078123,11.52439024390244,8.048780487804878,1.2195121951219514,48.388823529411766
0.6041901660000804,1.7286135986328124,8.200140686035155,-2.1799206115722654,-17.5609756097561,14.634146341463415,19.634146341463417,48.388823529411766
0.6110119259997191,-5.1128176452636716,18.561048370361327,-1.6148890197753905,-35.0609756097561,2.378048780487805,3.1097560975609757,48.388823529411766
0.6178486659996452,-4.329913702392578,10.828974108886719,-5.840654949951172,-63.35365853658537,-19.634146341463417,-11.646341463414634,48.37117647058824
0.6246908509997411,0.8020575561523438,1.70467158203125,-4.311957189941406,-42.37804878048781,-21.03658536585366,-23.59756097560976,48.37705882352941
0.631549110999913,-0.07781155395507812,-2.384624853515625,-2.788047833251953,47.31707317073171,-19.390243902439025,-23.78048780487805,48.37705882352941
0.6383826289998069,0.3136404174804687,3.670311145019531,3.4739866088867184,58.71951219512196,-19.573170731707318,-19.878048780487806,48.37705882352941
0.6452850549999312,3.039439007568359,15.977704779052733,-1.5071499450683592,32.6829268292683,9.451219512195122,30.426829268292686,48.37117647058824
0.652216739999858,2.3259669128417966,13.532027783203125,-8.755595471191405,-60.79268292682927,17.073170731707318,47.31707317073171,48.38294117647059
0.6590790370000832,1.5921441040039062,-6.981492041015625,0.22385785522460935,85.48780487804879,19.146341463414636,57.13414634146342,48.35941176470588
0.6659122399996704,-1.2126631408691406,7.899668377685546,3.0131027893066404,122.25609756097562,25.365853658536587,50.91463414634147,48.35352941176471
0.6727450549997229,-1.0342951171875,19.61270144958496,7.037755780029296,90.0609756097561,34.69512195121951,7.743902439024391,48.35941176470588
0.6796184249997168,4.6076410949707025,19.04467710571289,-3.190273712158203,-45.00000000000001,38.53658536585366,-128.96341463414635,48.37705882352941
0.6864528329997484,6.285976458740234,5.893327386474609,-7.474697583007812,88.47560975609757,28.963414634146343,-89.39024390243904,48.38294117647059
0.6932873880000443,1.6017209106445311,19.61270144958496,13.61702194213867,-24.02439024390244,27.926829268292686,-36.524390243902445,48.37117647058824
0.7001792399996702,-2.0973206542968748,-0.28012159423828126,-7.240065820312499,-139.75609756097563,2.439024390243903,5.426829268292684,48.34764705882353
0.7070170179999877,-10.36210478515625,-3.5517981628417967,-0.833182177734375,-10.609756097560977,-41.463414634146346,18.53658536585366,48.36529411764706
0.7138609809999252,-2.592920397949219,5.321113189697265,-1.6938976745605467,-47.13414634146342,-71.58536585365854,26.89024390243903,48.35941176470588
0.7206991289999678,-1.1755530151367186,-0.07302315063476562,0.6524199523925781,-12.987804878048781,-79.81707317073172,31.707317073170735,48.38294117647059
0.7275333509996926,10.188525164794921,11.18511160583496,-5.512649322509765,-23.04878048780488,-21.219512195121954,33.90243902439025,48.37705882352941
0.7343664810000519,3.3482910217285156,5.475539196777343,-6.218938812255859,-67.25609756097562,31.76829268292683,26.76829268292683,48.37705882352941
0.7411995919997025,-6.281188055419921,9.451111053466796,-6.713341455078124,-2.3170731707317076,25.30487804878049,7.25609756097561,48.37117647058824
0.7480345549997764,-2.8191724548339843,-2.379836450195312,0.7122749938964843,-12.134146341463415,9.207317073170733,-3.4756097560975614,48.36529411764706
0.7548676849996809,-0.7038952880859375,-0.3064578125,1.3251906188964844,18.78048780487805,4.390243902439025,-1.9512195121951221,48.37705882352941
0.7616979439999341,0.3459621398925781,7.841010437011718,2.090138049316406,7.073170731707318,1.1585365853658538,7.621951219512196,48.388823529411766
0.7685296289996586,-0.001197100830078125,13.89235513305664,4.917690209960937,22.25609756097561,-2.3170731707317076,21.097560975609756,48.37705882352941
0.7753618510000706,-6.136338854980468,19.61270144958496,1.7956512451171873,1.3414634146341464,-26.219512195121954,21.82926829268293,48.35941176470588
0.7823687769996468,3.1076737548828124,19.61270144958496,-8.693346228027343,-70.2439024390244,2.987804878048781,21.52439024390244,48.36529411764706
0.7891928139997617,-2.512714642333984,2.463633508300781,-5.813121630859374,-27.743902439024392,3.4756097560975614,2.987804878048781,48.37117647058824
0.7960114249999606,0.047884033203124995,-3.318363500976562,-3.6272155151367187,59.51219512195122,-7.317073170731708,-0.853658536585366,48.394705882352945
0.8028287219999584,0.28371289672851563,1.9812018737792967,1.370680450439453,67.5,-6.158536585365854,-1.8902439024390245,48.38294117647059
0.8096437589997549,4.155136981201172,10.79545528564453,-2.1068974609374997,57.926829268292686,-12.500000000000002,23.902439024390247,48.38294117647059
0.8164780550000614,3.096899847412109,13.631387152099608,0.507570751953125,-33.90243902439025,29.207317073170735,37.01219512195122,48.37117647058824
0.8233118699999977,2.4779987182617185,1.467645617675781,-2.094926452636719,89.02439024390245,31.09756097560976,51.89024390243903,48.37117647058824
0.8301454069996907,-3.584119885253906,19.61270144958496,10.241197601318358,159.87804878048783,31.707317073170735,-54.207317073170735,48.36529411764706
0.8371149249996961,3.5051112304687497,19.61270144958496,-4.684255548095702,-67.43902439024392,32.5609756097561,-101.03658536585367,48.38294117647059
0.843953684999633,4.809951135253906,19.61270144958496,5.524620330810547,31.158536585365855,25.121951219512198,-52.987804878048784,48.394705882352945
0.8507882769999924,2.3391350219726563,19.315221893310547,6.199785198974609,-43.04878048780488,18.597560975609756,-41.524390243902445,48.37117647058824
0.8626766479997059,1.5227122558593749,-1.7884686401367187,-1.0211270080566406,-2.7439024390243905,10.975609756097562,-27.865853658536587,48.35941176470588
0.8779817770000591,-6.945579016113281,19.421763867187497,-7.523778717041015,-85.54878048780489,-68.78048780487805,15.426829268292684,48.37705882352941
0.8933432029998585,-0.6572083557128906,6.927622503662109,-15.093047265625,-0.48780487804878053,15.000000000000002,39.81707317073171,48.37705882352941
0.9086595740000121,-1.5322890624999999,2.4684219116210935,0.15442600708007811,-39.024390243902445,18.658536585365855,12.500000000000002,48.35352941176471
0.9239542959999199,-1.7274164978027342,12.186486450195313,3.3782185424804685,-0.7926829268292683,8.048780487804878,4.207317073170732,48.35352941176471
0.9392463139997744,0.6823474731445313,5.555744952392578,-1.5358803649902344,-6.890243902439025,16.951219512195124,19.207317073170735,48.35941176470588
0.9546132219998071,-2.2876596862792966,7.714117749023437,-3.399766357421875,-18.414634146341466,-31.58536585365854,-21.34146341463415,48.35352941176471
0.9703795729997182,1.024718310546875,2.3870190551757813,0.12449848632812499,56.951219512195124,-23.658536585365855,-12.80487804878049,48.35941176470588
0.9857224620000125,4.990713360595703,9.662997900390625,-3.70263286743164,-19.451219512195124,25.000000000000004,89.57317073170732,48.35941176470588
1.0010139440000785,-1.6424223388671875,6.297947467041015,1.9943699829101562,95.67073170731709,57.865853658536594,-4.939024390243903,48.37117647058824
1.0171861849999004,5.1702784851074215,3.669114044189453,-4.00909067993164,-3.9024390243902443,55.365853658536594,-128.0487804878049,48.37705882352941
1.0325376659998255,-10.377667095947265,3.928884924316406,5.814318731689453,51.585365853658544,-44.08536585365854,-25.243902439024392,48.36529411764706
1.0478347959997336,-0.5351040710449219,2.1978771240234374,-2.9604303527832028,-27.195121951219516,-22.865853658536587,56.707317073170735,48.37117647058824
1.0632445179999195,-1.6077064147949218,19.61270144958496,-0.9062053283691406,-68.65853658536587,-20.0,3.048780487804878,48.38294117647059
1.078552424999998,-0.5805939025878906,3.2836475769042965,0.42377369384765623,-5.914634146341464,-36.82926829268293,7.01219512195122,48.37705882352941
1.0939268329998413,-0.029927520751953124,3.3411084167480465,-8.390479718017577,19.878048780487806,14.085365853658537,56.585365853658544,48.37117647058824
1.1092459619999318,-4.388571643066406,11.866860528564452,-4.3251252990722655,-20.243902439024392,-18.84146341463415,-10.792682926829269,48.35352941176471
1.124638350999703,-0.6835445739746093,8.649053497314453,3.450044592285156,12.865853658536587,-42.6219512195122,-12.865853658536587,48.36529411764706
1.1400080179996621,1.8052280517578123,-2.020706201171875,-3.3686417358398435,67.5609756097561,-6.158536585365854,39.390243902439025,48.35941176470588
1.1556162399997447,2.176329309082031,4.017470385742187,-0.9864110839843749,49.146341463414636,50.670731707317074,87.07317073170732,48.35941176470588
1.170354499000041,-0.9038111267089843,13.645752362060547,-0.23223756103515625,-33.963414634146346,49.51219512195122,-89.87804878048782,48.37117647058824
1.184404498999811,2.1715409057617188,5.394136340332031,1.8531120849609375,11.158536585365855,46.82926829268293,-112.7439024390244,48.36529411764706
1.198190109999814,-6.890512377929687,19.61270144958496,-2.6815058593749996,32.6829268292683,-42.6219512195122,12.865853658536587,48.35941176470588
1.2119224989996837,-2.8706477905273435,3.347093920898437,2.2780828796386716,-2.987804878048781,-31.82926829268293,43.71951219512196,48.35941176470588
1.2256335359998047,-0.9181763366699218,4.799177227783203,0.5027823486328125,-28.658536585365855,-27.31707317073171,11.219512195121952,48.37705882352941
1.2394421839999268,-2.488772625732422,5.94360562133789,-3.640383624267578,-18.902439024390244,-37.6829268292683,14.02439024390244,48.35941176470588
1.2531504809999205,2.779668127441406,4.256890551757812,-6.497863305664062,-27.073170731707318,29.02439024390244,35.1219512195122,48.37117647058824
1.266993444000036,-2.366668341064453,0.28490999755859375,2.041056915283203,54.39024390243903,13.475609756097562,-6.646341463414635,48.37117647058824
1.28075614699992,-0.09337386474609374,4.969165545654296,2.902969512939453,-4.634146341463415,-42.926829268292686,28.292682926829272,48.37117647058824
1.2945741290000115,0.4082113830566406,12.088324182128906,-2.3163901062011716,29.08536585365854,-1.7682926829268295,65.60975609756098,48.38294117647059
1.3082916469998054,-0.25737667846679685,2.042254016113281,-0.7338228088378905,91.28048780487806,39.51219512195122,57.01219512195122,48.37117647058824
1.322002739999789,-0.38666356811523434,19.61270144958496,-9.726444244384766,-100.42682926829269,33.53658536585366,-82.19512195121952,48.37117647058824
1.335730443999637,3.0406361083984375,10.832565411376953,3.020285394287109,41.951219512195124,30.792682926829272,-102.19512195121952,48.35941176470588
1.3494778509998469,1.5801730957031248,11.541249102783203,4.715380169677734,-14.207317073170733,12.439024390243903,-46.951219512195124,48.34764705882353
1.363997702999768,-0.8595183959960937,19.61270144958496,-5.693411547851563,-24.573170731707318,-55.365853658536594,-11.585365853658537,48.35352941176471
1.3793085550000797,-0.9983820922851562,4.53940634765625,-0.7733271362304687,-7.01219512195122,-80.48780487804879,30.365853658536587,48.37705882352941
1.3946478699999716,11.690886706542969,11.197681164550781,2.0973206542968748,-83.29268292682927,36.40243902439025,45.243902439024396,48.37705882352941
1.41012512899988,-0.9097966308593749,19.61270144958496,10.927136376953124,-36.15853658536586,51.21951219512196,3.1097560975609757,48.37117647058824
1.4258489069998177,-4.2305543334960936,5.668272430419922,-10.541669909667968,-21.03658536585366,-12.195121951219512,15.79268292682927,48.37705882352941
1.4423483880000276,1.2401964599609374,2.8479028747558592,-1.1516109985351561,11.28048780487805,10.121951219512196,8.719512195121952,48.37705882352941
1.4585599249999177,0.9935936889648437,2.6324247253417967,4.407725256347656,49.87804878048781,-4.878048780487806,43.23170731707317,48.35941176470588
1.4701548139996703,-2.5953145996093747,1.7082628845214842,0.28730419921875,76.40243902439025,-11.829268292682928,85.2439024390244,48.37117647058824
1.4817527400000472,5.370194323730469,19.61270144958496,4.112041351318359,-25.182926829268293,41.58536585365854,-31.219512195121954,48.38294117647059
1.493588054999691,2.7629087158203123,2.3535002319335936,-0.7517793212890624,15.487804878048783,35.30487804878049,-52.743902439024396,48.38294117647059
1.5067193689997112,0.9169792358398436,2.606088507080078,-0.24061726684570311,17.012195121951223,37.13414634146342,-67.25609756097562,48.36529411764706
1.5184440359998916,-7.109581829833984,12.394781994628906,-6.542156036376952,-14.146341463414636,6.585365853658537,-90.97560975609757,48.35941176470588
1.530107035999663,1.8279729675292968,4.434061474609375,-5.267243652343749,51.707317073170735,-54.51219512195122,-46.82926829268293,48.37705882352941
1.541604480999922,0.43454760131835934,3.6451720275878903,-1.8842367065429686,-51.463414634146346,-55.54878048780488,57.31707317073171,48.37117647058824
1.553066017999754,-2.3690625427246093,19.61270144958496,7.844601739501953,-63.23170731707317,-45.36585365853659,28.59756097560976,48.35941176470588
1.564528128999882,0.5758054992675781,16.122553979492185,-7.545326531982422,-75.42682926829269,6.7682926829268295,-11.036585365853659,48.35941176470588
1.5759844059998613,1.236605157470703,3.1088708557128903,0.10654197387695312,32.13414634146342,17.804878048780488,36.28048780487805,48.341764705882355
1.5874434249999467,-5.048174200439453,4.395754248046875,1.284489190673828,22.621951219512198,-18.902439024390244,28.719512195121954,48.37117647058824
1.5991187209997406,-1.1695675109863282,11.110292803955078,2.2457611572265623,-17.926829268292686,-26.707317073170735,52.5609756097561,48.388823529411766
1.6105607399999826,0.9888052856445312,15.658078857421874,-2.7916391357421872,27.439024390243905,22.500000000000004,42.743902439024396,48.37117647058824
1.6220439429998805,0.3280056274414062,2.8479028747558592,2.1452046874999997,86.52439024390245,31.951219512195124,31.76829268292683,48.37705882352941
1.6335152399997241,1.3156138122558594,19.61270144958496,7.202955694580078,-110.73170731707319,35.97560975609756,-55.243902439024396,48.35352941176471
1.6449928140000338,3.3207577026367185,12.331335650634765,-3.3411084167480465,-29.81707317073171,41.463414634146346,-19.634146341463417,48.38294117647059
1.656465831999867,1.8004396484374998,2.7916391357421872,0.2346317626953125,-19.695121951219512,64.32926829268293,-12.682926829268293,48.35941176470588
1.6715184249997037,-6.436811163330078,5.954379528808594,-4.9823336547851556,-46.15853658536586,-35.1219512195122,-46.28048780487805,48.35941176470588
1.6868336099996668,0.8858546142578124,10.022128149414062,4.7764323120117185,41.951219512195124,-38.84146341463415,-61.21951219512196,48.37117647058824
1.7021107949999532,3.9420530334472654,19.61270144958496,4.453215087890625,46.646341463414636,-16.82926829268293,22.926829268292686,48.37117647058824
1.717540887999803,-8.61792887573242,14.46097802734375,-11.811793890380859,-55.1219512195122,-20.670731707317074,1.2804878048780488,48.35941176470588
1.7331107579998388,0.967257470703125,5.858611462402344,-10.352527978515624,-17.5609756097561,-7.195121951219513,20.975609756097562,48.38294117647059
1.7484537029999956,1.2677297790527342,-5.33068999633789,-1.9656395629882812,14.817073170731708,35.1829268292683,42.804878048780495,48.37705882352941
1.7637399989998812,-7.709329345703124,19.462465295410155,1.9476830505371092,-39.207317073170735,-33.109756097560975,32.80487804878049,48.37705882352941
1.7790515540000342,3.863044378662109,13.129801904296874,-2.2936451904296873,21.28048780487805,39.32926829268293,65.48780487804879,48.37117647058824
1.7943723319999663,0.6967126831054687,2.9556419494628905,-0.5374982727050781,97.7439024390244,45.85365853658537,-6.2804878048780495,48.37705882352941
1.8099166839997451,6.846219647216796,9.437942944335937,-2.5378537597656248,-59.57317073170732,47.6829268292683,-49.87804878048781,48.35352941176471
1.8252321289996871,2.560598675537109,3.049015814208984,-3.928884924316406,13.170731707317074,17.134146341463417,-29.75609756097561,48.36529411764706
1.840517331999763,-6.496666204833984,-1.1563994018554686,-3.901351605224609,38.47560975609756,-64.20731707317074,-74.87804878048782,48.34764705882353
1.855824314000074,0.6200982299804687,19.61270144958496,4.781220715332031,36.03658536585366,-57.43902439024391,1.524390243902439,48.38294117647059
1.8711369620000369,-3.744531396484375,11.316194146728515,-2.905363714599609,-31.646341463414636,-29.451219512195124,12.073170731707318,48.35941176470588
1.8864477769998302,6.947973217773437,19.61270144958496,-11.329362255859374,-87.19512195121952,21.82926829268293,23.10975609756098,48.37705882352941
1.9017542579999827,-0.16759411621093748,-2.1487959899902345,-1.1061211669921875,45.243902439024396,5.3048780487804885,31.52439024390244,48.341764705882355
1.9170603509996909,-0.7912836486816406,3.72178648071289,0.4225765930175781,38.41463414634147,13.353658536585368,26.219512195121954,48.36529411764706
1.932356998999694,3.229778039550781,19.61270144958496,-6.72890376586914,-50.426829268292686,24.573170731707318,25.914634146341466,48.35352941176471
1.9476278509996519,0.7062894897460937,2.4205378784179685,3.508702532958984,57.31707317073171,21.76829268292683,24.81707317073171,48.35941176470588
1.9629272399997717,1.1839327209472656,-3.2800562744140622,-0.2657563842773437,107.31707317073172,21.097560975609756,-29.451219512195124,48.37117647058824
1.9782227949999651,6.890512377929687,10.785878479003905,-4.479551306152343,-76.34146341463415,33.963414634146346,-33.29268292682927,48.37705882352941
1.9935251279998738,-2.922123126220703,4.945223529052734,-2.440888592529297,12.256097560975611,-29.32926829268293,-54.57317073170732,48.37117647058824
2.008871239999735,-1.5227122558593749,-7.702146740722656,1.4999673400878906,68.96341463414635,-57.07317073170732,-71.46341463414635,48.38294117647059
2.0241805539999405,1.7549498168945312,19.489998614501953,-5.060145208740234,-79.63414634146342,-38.41463414634147,57.560975609756106,48.37117647058824
2.0394822769999337,-3.7301661865234372,19.47323920288086,-2.059013427734375,-77.8658536585366,-27.012195121951223,19.390243902439025,48.38294117647059
2.054777331999958,-0.19512743530273435,2.7437551025390623,-8.319850769042969,-60.243902439024396,20.426829268292686,26.951219512195124,48.37705882352941
2.070103738999933,0.8511386901855468,-1.5179238525390624,-0.10295067138671875,64.45121951219512,9.51219512195122,33.78048780487805,48.34764705882353
2.0853988879998724,-1.2605471740722656,13.144167114257812,2.213439434814453,-9.207317073170733,-32.19512195121951,24.26829268292683,48.37117647058824
2.1006922019996637,5.53539423828125,9.4618849609375,-6.274005450439453,26.34146341463415,32.80487804878049,36.82926829268293,48.38294117647059
2.116017090999776,0.4740519287109375,1.9321207397460936,2.440888592529297,103.59756097560977,36.09756097560976,42.6829268292683,48.37117647058824
2.131313905999832,-2.2685060729980466,19.61270144958496,4.120421057128906,-137.6219512195122,60.97560975609757,-52.31707317073171,48.37705882352941
2.1466067579999617,1.0977414611816405,6.4834980957031245,-3.5589807678222654,-1.524390243902439,38.04878048780488,-25.000000000000004,48.35352941176471
2.161934573000053,-3.841496563720703,-0.5997475158691405,-2.5761609863281247,-0.9146341463414634,-66.64634146341464,-64.57317073170732,48.35352941176471
2.177247590999741,0.9804255798339843,2.0937293518066404,0.19153613281249998,50.1829268292683,-47.01219512195122,-20.426829268292686,48.37117647058824
2.192566424999768,-5.066130712890625,18.136077575683593,-5.019443780517578,-64.63414634146342,-25.426829268292686,35.73170731707317,48.37117647058824
2.2078673319997506,1.4796166259765624,12.176909643554687,-6.683413934326172,-53.35365853658537,2.1951219512195124,19.390243902439025,48.37117647058824
2.223157499000081,0.49679684448242184,2.952050646972656,2.592920397949219,34.451219512195124,17.865853658536587,30.182926829268297,48.35352941176471
2.2384534429997984,-0.9516951599121093,19.61270144958496,5.048174200439453,-59.024390243902445,12.256097560975611,20.426829268292686,48.37117647058824
2.253749090999918,0.30047230834960936,19.322404498291014,-6.849810949707031,-47.13414634146342,-5.609756097560976,-1.0975609756097562,48.36529411764706
2.2694323689997873,0.051475335693359374,-0.7517793212890624,2.455253802490234,52.25609756097561,-0.7317073170731708,0.30487804878048785,48.37117647058824
2.28477844300005,-0.24181436767578124,15.063119744873045,6.426037255859375,66.21951219512195,-17.98780487804878,58.59756097560976,48.388823529411766
2.3000778689997787,4.332307904052734,19.61270144958496,2.6324247253417967,-58.963414634146346,34.390243902439025,3.1097560975609757,48.36529411764706
2.31538703599972,3.393780853271484,2.5163059448242184,1.9524714538574217,57.31707317073171,30.60975609756098,-63.84146341463415,48.37705882352941
2.330702962000032,0.8822633117675781,-3.4296938781738278,-2.608482708740234,52.987804878048784,38.170731707317074,-81.82926829268294,48.35941176470588
2.346035425000082,1.6579846496582031,19.61270144958496,-4.65432802734375,-143.41463414634148,3.231707317073171,14.146341463414636,48.37117647058824
2.361333442999694,-3.8654385803222655,4.46279189453125,-1.2282254516601563,34.81707317073171,-24.085365853658537,42.5609756097561,48.37117647058824
2.3751657019997765,-0.5243301635742187,4.7201685729980465,-0.2765302917480469,-2.378048780487805,-34.75609756097561,33.29268292682927,48.35941176470588
2.388930294999682,-0.0718260498046875,19.327192901611326,6.957550024414062,-58.84146341463415,-9.695121951219512,16.52439024390244,48.388823529411766
2.4026622950000274,-0.7673416320800781,14.417882397460936,-14.915876342773437,-52.13414634146342,10.792682926829269,-0.24390243902439027,48.394705882352945
2.4166761469996345,-1.66636435546875,-2.935291235351562,-2.539050860595703,45.97560975609756,-14.573170731707318,-8.475609756097562,48.35352941176471
2.4304937389997576,-0.4273649963378906,-1.1911153259277343,-2.6958710693359373,67.37804878048782,-15.54878048780488,-3.2926829268292686,48.388823529411766
2.4442429989999255,-1.361103643798828,16.15846700439453,5.2253451232910155,-25.914634146341466,-47.01219512195122,84.14634146341464,48.37117647058824
2.457987812999818,6.343437298583984,16.70135223083496,8.674192614746094,66.76829268292684,35.0609756097561,16.097560975609756,48.36529411764706
2.471764183999767,2.4384943908691405,0.45968671875,-3.6080619018554687,32.25609756097561,37.743902439024396,-65.0,48.394705882352945
2.485634127999674,-0.21308394775390624,1.1324573852539062,1.1097124694824219,16.951219512195124,46.09756097560976,-74.93902439024392,48.37705882352941
2.4994612020000204,0.4560954162597656,5.533000036621093,3.1471780822753903,19.573170731707318,48.71951219512196,-71.52439024390245,48.37117647058824
2.5132077759999447,1.0486603271484374,19.57259857177734,-4.92846411743164,-75.48780487804879,21.34146341463415,13.78048780487805,48.35941176470588
2.526928183999644,-4.444835382080078,14.009671014404296,-2.9364883361816405,-69.81707317073172,-72.43902439024392,5.609756097560976,48.37705882352941
2.5407794799998555,1.1097124694824219,3.8091748413085935,2.3415292236328122,-26.52439024390244,-73.71951219512195,14.26829268292683,48.388823529411766
2.554707924000013,4.984727856445312,17.903840014648438,-2.914940521240234,-62.865853658536594,8.475609756097562,57.6219512195122,48.37705882352941
2.568070757999976,-0.6344634399414062,-4.357447021484375,0.3902548706054687,91.64634146341464,59.024390243902445,71.34146341463415,48.37705882352941
2.5807724979999875,-1.5394716674804687,7.978677032470703,2.1260510742187497,51.463414634146346,59.63414634146342,27.195121951219516,48.37117647058824
2.5933439239997824,-3.3482910217285156,10.669759698486327,-1.2629413757324217,-61.524390243902445,-9.695121951219512,23.170731707317074,48.37117647058824
2.605841016999875,0.19991583862304688,-1.5921441040039062,-2.615665313720703,90.1829268292683,-6.585365853658537,46.707317073170735,48.36529411764706
2.618319702000008,-2.094926452636719,-0.25737667846679685,-9.988609326171874,-126.58536585365854,52.6829268292683,-20.426829268292686,48.35941176470588
2.630771221000032,-2.152387292480469,7.904456781005859,-3.1088708557128903,13.475609756097562,23.963414634146343,-57.804878048780495,48.37117647058824
2.6432482579998577,-1.9381062438964842,-10.103531005859374,-4.540603448486328,-42.19512195121951,-49.75609756097561,-58.90243902439025,48.38294117647059
2.6557665719997203,0.8978256225585937,11.08395658569336,5.10084663696289,25.792682926829272,-51.707317073170735,-69.32926829268293,48.38294117647059
2.6688537019999785,0.5422866760253906,19.61270144958496,7.023390570068359,78.96341463414635,-27.80487804878049,-15.853658536585368,48.37117647058824
2.6825920719998066,-1.8818425048828125,10.992976922607422,-7.551312036132812,-65.85365853658537,-5.609756097560976,17.743902439024392,48.36529411764706
2.6962964429999374,6.754042883300781,3.3171664001464842,-16.91024632568359,-38.78048780487805,-3.2926829268292686,8.292682926829269,48.341764705882355
2.710019869000007,3.2692823669433593,-7.472303381347656,-4.3622354248046875,51.09756097560976,30.426829268292686,26.951219512195124,48.37117647058824
2.723742664999918,-9.163806854248046,19.61270144958496,2.6599580444335937,-2.682926829268293,-22.134146341463417,41.768292682926834,48.35941176470588
2.737467553999977,0.00718260498046875,2.464830609130859,-1.3970166687011718,43.170731707317074,4.329268292682928,46.463414634146346,48.35941176470588
2.7511816460000773,0.8547299926757812,2.031480108642578,2.50912333984375,82.6219512195122,21.890243902439025,49.146341463414636,48.34764705882353
2.764925497999684,-0.1879448303222656,19.61270144958496,10.89122335205078,-30.243902439024392,18.53658536585366,9.695121951219512,48.38294117647059
2.778639720999763,5.2624552490234375,5.36241316833496,-5.336675500488281,-48.65853658536586,25.853658536585368,-0.9756097560975611,48.35941176470588
2.792365590999907,0.6452373474121094,2.5809493896484375,-0.7350199096679687,-34.146341463414636,52.01219512195122,1.9512195121951221,48.36529411764706
2.806082812999648,-0.22505495605468748,6.381744525146484,1.9704279663085937,-14.634146341463415,42.43902439024391,-28.780487804878053,48.37705882352941
2.8198142950000147,-4.067748620605468,-7.484274389648437,-3.489548919677734,57.6829268292683,-44.81707317073171,-57.19512195121952,48.36529411764706
2.833534720999978,-0.20829554443359374,1.6352397338867186,0.0718260498046875,82.6829268292683,-40.1219512195122,-73.71951219512195,48.35941176470588
2.847245868999835,9.030928662109375,19.61270144958496,9.83777462158203,-12.621951219512196,-11.219512195121952,29.87804878048781,48.37705882352941
2.860955331999776,-4.766855505371093,6.894103680419922,-7.137115148925781,-19.26829268292683,-30.426829268292686,11.646341463414634,48.37705882352941
2.874665719999939,4.46279189453125,18.541894757080076,-1.5837643981933593,-95.97560975609757,18.597560975609756,40.487804878048784,48.37117647058824
2.888374350000049,-0.2813186950683594,-13.91749425048828,-0.37229835815429685,21.585365853658537,11.585365853658537,22.134146341463417,48.388823529411766
2.902075850000074,-0.43574470214843747,0.08259995727539061,-1.4221557861328125,42.13414634146342,-9.26829268292683,14.146341463414636,48.37705882352941
2.9157863319996977,-1.0917559570312498,11.656170782470703,3.4632127014160154,36.768292682926834,-23.475609756097562,76.95121951219512,48.35941176470588
2.9294853129999865,2.902969512939453,19.61270144958496,2.663549346923828,39.390243902439025,49.268292682926834,29.695121951219516,48.37117647058824
2.9431957759998113,2.893392706298828,6.764816790771484,-3.1974563171386716,-40.73170731707317,83.29268292682927,-46.524390243902445,48.37117647058824
2.9569126829997003,0.6572083557128906,-2.8275521606445313,-2.024297503662109,17.073170731707318,70.0,-56.21951219512196,48.40058823529412
2.970630682999854,-0.39863457641601563,-5.88015927734375,-6.1638721740722655,29.451219512195124,-42.07317073170732,-77.37804878048782,48.37705882352941
2.9843345350000163,0.8834604125976562,2.5713725830078125,-0.3938461730957031,62.865853658536594,-50.00000000000001,-64.26829268292684,48.35941176470588
2.998062497999854,7.285555651855469,19.61270144958496,1.8231845642089843,-84.02439024390245,-9.939024390243903,31.463414634146343,48.37117647058824
3.0117774979999012,-3.547009759521484,8.507795599365235,-7.286752752685547,-10.853658536585368,-27.500000000000004,7.01219512195122,48.38294117647059
3.0254865719998634,-0.8870517150878906,5.875370874023437,2.1547814941406247,-35.54878048780488,-52.31707317073171,21.76829268292683,48.35941176470588
3.039183202000004,7.588422161865234,3.6487633300781246,-18.53950055541992,-53.84146341463415,17.98780487804878,41.890243902439025,48.34764705882353
3.0528621650000787,-2.8694506896972656,8.767566479492187,-0.2705447875976562,4.817073170731708,8.963414634146343,11.341463414634147,48.388823529411766
3.0665832939998836,-0.6919242797851562,5.230133526611328,0.16879121704101563,56.15853658536586,-14.329268292682928,46.82926829268293,48.37117647058824
3.0802846649999083,-0.3591302490234375,1.5035586425781249,-1.4939818359375,59.207317073170735,-28.475609756097562,82.6829268292683,48.35941176470588
3.09399133099987,-2.5917232971191404,19.61270144958496,4.017470385742187,-2.1341463414634148,44.81707317073171,-14.451219512195124,48.37705882352941
3.1076950909996413,1.983596075439453,4.2688615600585935,-1.0366893188476562,6.646341463414635,46.40243902439025,-38.78048780487805,48.38294117647059
3.1213859059998867,0.8511386901855468,0.23702596435546874,0.42018239135742186,14.878048780487806,49.87804878048781,-63.78048780487806,48.38294117647059
3.135091034999732,1.4987702392578124,5.9591679321289055,2.6611551452636717,-7.500000000000001,44.57317073170732,-90.79268292682927,48.37705882352941
3.14878990599982,-2.7665000183105466,9.803058697509766,1.1767501159667968,63.71951219512196,-77.98780487804879,-25.853658536585368,48.37117647058824
3.162790757000039,-1.8339584716796873,17.101782458496093,-5.006275671386718,-66.15853658536587,-88.90243902439025,55.79268292682927,48.388823529411766
3.176533887000005,9.749189160156249,19.61270144958496,-12.419921112060546,-69.08536585365854,-5.182926829268293,12.987804878048781,48.35941176470588
3.1902462759999253,3.831919757080078,6.404489440917969,-2.5570073730468748,41.09756097560976,48.29268292682927,28.53658536585366,48.38294117647059
3.2039750720000484,-8.536526019287109,17.725471990966795,5.026626385498046,-31.89024390243903,-16.585365853658537,-1.5853658536585367,48.38294117647059
3.2176843130000634,2.1511901916503904,9.032125762939453,-3.1376012756347653,-17.195121951219512,-3.8414634146341466,10.487804878048781,48.37705882352941
3.2315174609998394,-0.1304839904785156,2.360682836914062,1.3766659545898436,47.31707317073171,17.134146341463417,29.634146341463417,48.37705882352941
3.245311293999748,-0.2980781066894531,9.737218151855469,3.3327287109375,21.82926829268293,2.6219512195121952,63.59756097560976,48.394705882352945
3.259064441999726,-1.3575123413085937,7.814075668334961,-1.2701239807128906,64.26829268292684,41.03658536585366,10.914634146341465,48.37705882352941
3.272904534999725,3.0166940917968748,4.529829541015625,-4.0222587890625,-16.585365853658537,52.07317073170732,-49.451219512195124,48.35352941176471
3.2866512389996387,-3.333925811767578,1.6699556579589843,-3.0418332092285154,35.36585365853659,23.658536585365855,-59.87804878048781,48.37117647058824
3.3003770539999095,-0.1640028137207031,-5.322310290527343,-2.8383260681152342,7.500000000000001,-42.743902439024396,-64.26829268292684,48.37705882352941
3.314081127999998,0.9876081848144531,19.61270144958496,13.020865728759764,76.34146341463415,-32.80487804878049,2.25609756097561,48.394705882352945
3.3277972569999292,-2.290053887939453,10.339359869384765,-9.330203869628905,-40.243902439024396,-12.378048780487806,2.804878048780488,48.37705882352941
3.3415217759998086,-0.5686228942871093,-1.2114660400390624,-2.798821740722656,-20.426829268292686,-55.365853658536594,10.914634146341465,48.35352941176471
3.3552294050000455,6.355408306884765,-1.1133037719726562,-5.802347723388672,-21.52439024390244,37.37804878048781,36.34146341463415,48.35352941176471
3.3689565159997983,0.1005564697265625,0.19632453613281248,4.624400506591797,60.426829268292686,16.890243902439025,43.04878048780488,48.37117647058824
3.3826776649998465,-4.027047192382812,3.907337109375,-4.866214874267578,-2.3170731707317076,-38.41463414634147,38.41463414634147,48.38294117647059
3.3963850909999564,1.2713210815429687,1.514332550048828,-1.705868682861328,58.84146341463415,23.475609756097562,50.54878048780488,48.35352941176471
3.4101008869997713,1.2976572998046874,1.4628572143554686,0.6703764648437499,96.21951219512196,29.573170731707318,48.78048780487805,48.35941176470588
3.423822941999788,-0.729034405517578,19.525911639404296,-7.827842327880859,-115.85365853658537,14.634146341463415,-29.39024390243903,48.37705882352941
3.4375507390000166,4.235342736816406,12.587515228271483,-3.4811692138671875,-35.487804878048784,53.71951219512196,-8.841463414634147,48.38294117647059
3.451278165000076,0.26815058593749996,-0.5063736511230469,0.7553706237792969,12.80487804878049,51.585365853658544,-20.60975609756098,48.38294117647059
3.4649860159997843,-7.837419134521484,-12.348095062255858,-7.9272016967773435,11.707317073170733,-47.19512195121952,-58.47560975609757,48.388823529411766
3.4787031460000435,0.4560954162597656,6.15429536743164,-0.9696516723632812,78.04878048780489,-40.36585365853659,-71.09756097560977,48.38294117647059
3.4924219239997,3.5326445495605467,19.61270144958496,7.735665563964844,-78.84146341463415,-30.121951219512198,35.85365853658537,48.394705882352945
3.50612414599982,-4.820725042724609,10.996568225097656,-7.504625103759765,-12.987804878048781,-41.890243902439025,13.04878048780488,48.37705882352941
3.519831664999856,6.6319385986328125,-4.201823913574218,-6.396109735107421,-75.0,30.487804878048784,33.84146341463415,48.37705882352941
3.533544645999882,0.6607996582031249,-1.071405242919922,-2.281674182128906,59.81707317073171,5.487804878048781,13.658536585365855,48.37705882352941
3.547256293999908,-1.6160861206054686,0.5267243652343749,-3.921702319335937,2.378048780487805,-35.85365853658537,23.963414634146343,48.388823529411766
3.56096125699969,2.8431144714355465,4.477157104492187,-6.0716954101562495,61.524390243902445,-6.829268292682928,53.90243902439025,48.37705882352941
3.574688256999707,1.2785036865234374,4.874594580078124,-1.3060370056152344,58.65853658536586,24.81707317073171,60.79268292682927,48.37705882352941
3.588409461000083,0.12090718383789062,19.517531933593748,-2.0733786376953125,-45.91463414634147,56.34146341463415,-58.90243902439025,48.38294117647059
3.602127793999898,1.4018050720214843,2.395398760986328,0.4836287353515625,50.54878048780488,52.86585365853659,-98.71951219512196,48.38294117647059
3.615858571999979,1.120486376953125,3.7110125732421873,-13.250709088134764,-6.341463414634147,2.5,-95.3048780487805,48.388823529411766
3.629598015999818,0.373495458984375,17.99721387939453,0.1771709228515625,-18.353658536585368,-60.00000000000001,44.87804878048781,48.37705882352941
3.6432939789997363,-1.2808978881835937,12.655749975585938,3.7720647155761715,-28.414634146341466,-54.024390243902445,37.6219512195122,48.388823529411766
3.657020256999658,7.024587670898437,14.270638995361328,-14.270638995361328,-61.82926829268293,-15.243902439024392,6.52439024390244,48.38294117647059
3.670942701000058,4.065354418945312,1.2126631408691406,-3.6355952209472653,35.487804878048784,24.146341463414636,22.865853658536587,48.36529411764706
3.6862064609999834,1.0139444030761717,3.0334535034179684,2.416946575927734,38.29268292682927,33.41463414634146,0.7926829268292683,48.37705882352941
3.701465739000014,-2.7066449768066403,9.093177905273437,-10.900800158691405,-58.53658536585366,-21.463414634146343,-4.573170731707317,48.36529411764706
3.7167182389998743,-1.9776105712890624,0.8798691101074219,-1.0534487304687499,53.47560975609757,-58.17073170731708,-3.536585365853659,48.37705882352941
3.7319960350000656,7.357381701660156,15.907075830078124,0.11013327636718749,-43.963414634146346,-2.9268292682926833,74.02439024390245,48.35352941176471
3.7472579239997685,1.5550339782714844,-7.163451367187499,-5.984307049560546,122.6829268292683,40.54878048780488,57.31707317073171,48.37117647058824
3.762507830999766,-1.5646107849121094,19.61270144958496,-1.301248602294922,-58.90243902439025,56.09756097560976,-126.76829268292684,48.36529411764706
3.7777541460000066,2.549824768066406,13.34887135620117,2.925714428710937,21.402439024390247,55.426829268292686,-77.6219512195122,48.36529411764706
3.7930102939999415,-2.129642376708984,9.075221392822264,-2.6324247253417967,-51.524390243902445,30.365853658536587,37.743902439024396,48.37705882352941
3.8084634980000374,-5.503072515869141,6.333860491943359,-7.869740856933594,-54.024390243902445,-72.37804878048782,7.317073170731708,48.36529411764706
3.8237190159998136,-1.0462661254882812,8.777143286132812,4.167107989501953,-2.5609756097560976,-80.60975609756099,40.79268292682927,48.37117647058824
3.8389652010000646,4.80755693359375,19.61270144958496,-4.048595007324218,-58.41463414634147,46.40243902439025,20.914634146341466,48.35941176470588
3.8542114789997868,-3.8091748413085935,8.572439044189453,4.774038110351563,35.609756097560975,10.731707317073171,-14.817073170731708,48.388823529411766
3.8694664419999754,-3.6834792541503902,15.573084698486328,-0.5662286926269531,-54.69512195121952,-39.69512195121951,14.146341463414636,48.37705882352941
3.8852930159996504,-1.9333178405761717,7.9104422851562495,-3.967192150878906,8.109756097560977,3.536585365853659,17.25609756097561,48.37705882352941
3.901039589999982,-0.17956512451171874,0.8403647827148437,-0.9085995300292968,87.7439024390244,4.75609756097561,18.353658536585368,48.38294117647059
3.9164190159999634,3.151966485595703,16.494852337646485,-2.8323405639648436,35.36585365853659,10.731707317073171,30.914634146341466,48.37705882352941
3.931679441999677,3.2417490478515623,3.749319799804687,-1.6328455322265625,17.682926829268293,-20.426829268292686,-77.98780487804879,48.35352941176471
3.9476303309998,1.5394716674804687,1.197100830078125,-0.9732429748535155,9.878048780487806,-10.731707317073171,-58.90243902439025,48.388823529411766
3.9637095899997803,0.08379705810546874,19.61270144958496,5.430049365234375,-81.52439024390245,-4.329268292682928,33.29268292682927,48.37117647058824
3.978410385999723,-0.28490999755859375,13.740323327636718,-14.153323114013672,-73.47560975609757,7.560975609756098,7.134146341463415,48.37117647058824
3.99216099799969,1.3335703247070312,-1.236605157470703,-0.9600748657226562,55.426829268292686,12.500000000000002,25.182926829268293,48.36529411764706
4.00587679399996,-0.5781997009277343,-0.18315642700195311,-1.7932570434570312,28.292682926829272,7.134146341463415,33.04878048780488,48.37705882352941
4.019771645999754,-0.4908113403320312,11.52329259033203,-3.1088708557128903,-122.56097560975611,5.487804878048781,6.463414634146342,48.36529411764706
4.0335414229998605,5.042188696289062,8.449137658691406,-7.144297753906249,26.03658536585366,10.24390243902439,15.121951219512196,48.35941176470588
4.04738512699987,0.4525041137695312,2.89219560546875,-0.6009446166992187,2.6219512195121952,-4.329268292682928,4.695121951219512,48.38294117647059
4.0611444609999126,0.0047884033203125,8.807070806884765,2.731784094238281,56.524390243902445,-14.207317073170733,29.32926829268293,48.388823529411766
4.074893200999668,2.7186159851074216,17.91221972045898,-3.277662072753906,11.097560975609756,74.39024390243902,53.17073170731708,48.37705882352941
4.08861836799997,0.3938461730957031,19.61270144958496,-3.7888241271972656,-51.646341463414636,62.804878048780495,-73.10975609756098,48.38294117647059
4.102374052999949,1.6651672546386718,10.822988604736327,2.9927520751953125,-28.231707317073173,62.865853658536594,-89.02439024390245,48.37117647058824
4.116110182999819,-3.5805285827636717,-1.16837041015625,-1.291671795654297,79.20731707317074,-61.524390243902445,-80.79268292682927,48.37705882352941
4.129832349000026,5.000290167236328,19.61270144958496,6.5756748596191406,-18.658536585365855,-61.82926829268293,58.47560975609757,48.37705882352941
4.143551738000042,-2.867056488037109,7.8362220336914055,3.0514100158691404,-26.28048780487805,-48.10975609756098,16.158536585365855,48.37117647058824
4.157261589999962,5.529408734130859,11.465831750488281,-4.867411975097656,-15.79268292682927,-2.6219512195121952,38.90243902439025,48.388823529411766
4.170975089999956,2.0781670410156248,6.0704983093261715,-0.6416460449218749,-13.902439024390246,28.963414634146343,30.54878048780488,48.38294117647059
4.184693108999909,-1.8722656982421875,14.416685296630858,2.711433380126953,60.1829268292683,-22.926829268292686,-14.817073170731708,48.36529411764706
4.1984026639997865,0.9564835632324218,2.902969512939453,0.2825157958984375,1.829268292682927,-35.97560975609756,39.75609756097561,48.38294117647059
4.212144626999816,0.42975919799804685,1.3862427612304686,-2.844311572265625,61.09756097560976,18.78048780487805,57.50000000000001,48.37117647058824
4.2258502009999575,0.5434837768554687,2.041056915283203,1.3934253662109375,94.26829268292684,29.08536585365854,47.01219512195122,48.38294117647059
4.239589496999997,1.8076222534179687,5.377376928710937,-9.384073406982422,-154.45121951219514,47.6219512195122,-44.75609756097561,48.40058823529412
4.2533073309996325,-0.4944026428222656,3.238157745361328,-2.2541408630371094,24.512195121951223,37.5609756097561,-40.0609756097561,48.38294117647059
4.267047978999926,-0.6655880615234374,3.1184476623535153,2.7174188842773437,37.926829268292686,31.707317073170735,-76.95121951219512,48.388823529411766
4.280798311999661,-5.84185205078125,-2.1356278808593747,-3.2142157287597652,6.7682926829268295,-54.75609756097561,-79.81707317073172,48.38294117647059
4.294522496999889,-0.2609679809570312,19.610905798339843,-0.833182177734375,-68.29268292682927,-40.79268292682927,50.91463414634147,48.394705882352945
4.308235553000031,-3.4440590881347655,3.687070556640625,-0.9349357482910156,-16.82926829268293,-38.65853658536586,15.853658536585368,48.37705882352941
4.321930516000066,8.17859287109375,10.59793364868164,-12.823344091796875,-67.92682926829269,-1.3414634146341464,20.853658536585368,48.35941176470588
4.3356196089998775,3.418919970703125,1.1623849060058593,-4.078522528076172,33.170731707317074,41.03658536585366,45.487804878048784,48.37117647058824
4.349359033999917,-5.221753820800781,19.540276849365235,2.6587609436035153,-18.231707317073173,-12.134146341463415,-9.817073170731708,48.35941176470588
4.363044831000025,-1.6819266662597656,14.174870928955077,6.70975015258789,9.26829268292683,-32.926829268292686,35.54878048780488,48.388823529411766
4.376761904999967,-0.7517793212890624,2.8981811096191405,0.033518823242187495,73.59756097560977,-31.707317073170735,60.60975609756098,48.388823529411766
4.39048245999993,2.105700360107422,-2.8886043029785156,-0.9121908325195311,84.57317073170732,30.000000000000004,54.69512195121952,48.388823529411766
4.404202682999767,4.544194750976562,19.565415966796873,-9.169792358398437,-105.60975609756099,71.95121951219512,-61.28048780487806,48.388823529411766
4.417948996999712,1.7525556152343749,4.623203405761719,2.051830822753906,43.78048780487805,65.3658536585366,-75.0609756097561,48.37705882352941
4.431674682999983,-10.166977349853514,10.721235034179687,-8.386888415527343,-7.8048780487804885,18.475609756097562,-103.96341463414635,48.37117647058824
4.445403348999662,0.36272155151367186,19.61270144958496,4.337096307373047,8.353658536585366,-73.90243902439025,14.02439024390244,48.37705882352941
4.4591532009999355,-1.4185644836425781,17.05030712280273,5.141548065185547,-32.37804878048781,-63.10975609756098,31.76829268292683,48.394705882352945
4.472976293999636,-0.03950432739257812,10.281899029541014,0.09696516723632811,-15.487804878048783,-37.31707317073171,16.890243902439025,48.37705882352941
4.488160959999732,3.345896820068359,3.071760729980469,-13.688847991943359,-21.402439024390247,19.146341463414636,38.53658536585366,48.37705882352941
4.503454237999904,0.3603273498535156,4.814739538574218,3.438073583984375,36.15853658536586,15.914634146341465,19.81707317073171,48.38294117647059
4.518756070999643,-1.6328455322265625,19.61270144958496,10.702081420898438,-90.42682926829269,-0.7317073170731708,10.24390243902439,48.388823529411766
4.53405021899971,-1.246181964111328,2.021903302001953,-1.8770541015625,45.79268292682927,-12.073170731707318,30.975609756097565,48.35941176470588
4.54934523799966,-0.4560954162597656,1.533486163330078,-4.9416322265625,61.03658536585366,7.500000000000001,60.97560975609757,48.41235294117647
4.564641331000075,-5.8454433532714845,19.61270144958496,-3.784035723876953,-49.57317073170732,12.256097560975611,-48.963414634146346,48.37117647058824
4.57996266400005,3.181894006347656,10.405200415039062,2.041056915283203,29.26829268292683,7.439024390243903,-93.41463414634147,48.394705882352945
4.5952429969997866,0.7410054138183594,5.992686755371094,1.9979612854003905,-0.9756097560975611,-8.902439024390244,-46.768292682926834,48.36529411764706
4.610510718999649,-2.0781670410156248,19.61270144958496,1.9752163696289062,-41.34146341463415,-21.585365853658537,18.353658536585368,48.394705882352945
4.625791867999851,-7.4208280456542965,10.734403143310546,-19.6133,-25.000000000000004,-16.951219512195124,-4.024390243902439,48.37117647058824
4.641084385999875,2.6850971618652344,-1.426944189453125,0.4560954162597656,-9.573170731707318,6.890243902439025,5.548780487804878,48.38294117647059
4.65637881199973,0.5039794494628906,7.651868505859374,1.2569558715820313,-19.390243902439025,-5.0,41.34146341463415,48.406470588235294
4.671669904999817,0.3890577697753906,7.369352709960937,-1.4221557861328125,37.6219512195122,28.53658536585366,65.60975609756098,48.38294117647059
4.686994959999993,-1.944091748046875,19.61270144958496,4.841075756835937,-32.743902439024396,20.853658536585368,-11.341463414634147,48.37117647058824
4.702288034000048,1.6172832214355468,7.540538128662109,-6.306327172851562,1.7682926829268295,3.780487804878049,41.524390243902445,48.37705882352941
4.7175832009997976,0.26336218261718747,-0.28012159423828126,-1.562216583251953,117.6829268292683,38.10975609756098,-19.878048780487806,48.36529411764706
4.733847478999905,3.470395306396484,14.432247607421875,-2.8191724548339843,-81.70731707317074,73.10975609756098,-55.79268292682927,48.35352941176471
4.749170700999912,-8.744821563720702,11.197681164550781,-6.223727215576171,-14.756097560975611,-13.170731707317074,-54.451219512195124,48.36529411764706
4.764470090000032,-0.22266075439453123,0.105344873046875,3.162740393066406,69.39024390243902,-50.670731707317074,-57.926829268292686,48.36529411764706
4.779797885999869,3.125630267333984,19.61270144958496,1.2054805358886718,-62.01219512195122,-31.280487804878053,34.75609756097561,48.388823529411766
4.795326904999911,-1.351526837158203,10.784681378173827,-0.4513070129394531,-8.231707317073171,-29.451219512195124,21.28048780487805,48.37117647058824
4.810756866999782,7.001842755126953,11.59392153930664,-7.472303381347656,-82.01219512195122,23.231707317073173,25.121951219512198,48.37705882352941
4.826023385999633,0.047884033203124995,16.11297717285156,-6.654683514404296,38.04878048780488,9.146341463414634,16.463414634146343,48.35941176470588
4.841267811999842,-2.422932080078125,7.410054138183593,1.5478513732910155,-2.1951219512195124,-24.939024390243905,11.707317073170733,48.37705882352941
4.856508403999669,0.7517793212890624,-1.399410870361328,-1.4939818359375,63.59756097560976,13.04878048780488,42.07317073170732,48.37117647058824
4.871737515999939,0.21906945190429686,4.06655151977539,1.0462661254882812,62.6219512195122,9.451219512195122,69.93902439024392,48.38294117647059
4.886000792999766,-1.7884686401367187,19.61270144958496,-8.51018980102539,-72.8658536585366,31.707317073170735,-15.060975609756099,48.35941176470588
4.899780663999991,2.7928362365722657,8.05648858642578,2.426523382568359,9.817073170731708,49.87804878048781,-32.31707317073171,48.38294117647059
4.9135022559999015,-0.42377369384765623,-3.1016882507324217,-1.4532804077148436,20.853658536585368,48.10975609756098,-44.63414634146342,48.38294117647059
4.927242311999635,-5.615599993896484,16.8168724609375,-0.74699091796875,-122.25609756097562,-24.02439024390244,-71.46341463414635,48.37705882352941
4.940956590000042,-1.7525556152343749,8.90044467163086,4.100070343017578,100.48780487804879,-50.426829268292686,-44.69512195121952,48.37117647058824
4.954679979000048,-1.3371616271972655,19.519926135253904,-4.4005426513671875,-108.53658536585367,-55.79268292682927,40.304878048780495,48.35352941176471
4.968387829999756,0.24899697265624998,-1.2677297790527342,-13.376404675292967,11.097560975609756,-37.86585365853659,28.53658536585366,48.388823529411766
4.98212773799969,-6.433219860839843,6.931213806152344,-17.367538842773435,-13.902439024390246,20.182926829268293,25.243902439024392,48.394705882352945
4.995860700999856,-1.5837643981933593,-1.313219610595703,-4.395754248046875,39.146341463414636,-3.536585365853659,18.29268292682927,48.34764705882353
5.0096731449998515,0.02633621826171875,10.311826550292968,0.9026140258789062,8.414634146341465,-17.5,55.73170731707317,48.37117647058824
