0.034010721999948146,0.4991910461425781,9.253589416503905,0.21188684692382811,38.23170731707317,6.341463414634147,-7.195121951219513,45.671176470588236
0.0514991690001807,1.458068811035156,5.148730670166016,-3.9504327392578125,72.6219512195122,11.890243902439025,56.463414634146346,45.677058823529414
0.07166319400039356,-1.0378864196777342,12.67849489135742,-1.8519149841308593,-60.060975609756106,-14.51219512195122,-5.975609756097562,45.624117647058824
0.09167986900001779,-2.2385785522460937,10.599130749511717,-0.8667010009765624,-40.304878048780495,3.414634146341464,-1.9512195121951221,45.65941176470588
0.11203040999998848,1.9009961181640624,8.926780889892578,-0.13646949462890623,-27.987804878048784,5.3048780487804885,-2.1951219512195124,45.65941176470588
0.13275283600023613,-0.3854664672851562,18.012776190185544,4.396951348876953,5.975609756097562,-2.1951219512195124,-5.853658536585367,45.64176470588235
0.14733119000038641,-1.1097124694824219,16.18959162597656,3.2884359802246093,15.060975609756099,-4.939024390243903,-2.1951219512195124,45.677058823529414
0.16725653299999976,0.9636661682128905,10.451887347412109,2.9951462768554684,44.08536585365854,0.3658536585365854,-6.341463414634147,45.64764705882353
0.187083136000183,2.8598738830566406,8.578424548339843,-1.686715069580078,92.31707317073172,15.609756097560977,34.57317073170732,45.65352941176471
0.20706068200024674,-2.288856787109375,2.2876596862792966,-3.038241906738281,-60.487804878048784,-7.25609756097561,-24.146341463414636,45.64176470588235
0.22721865100038485,0.29089550170898437,1.8531120849609375,-4.08570513305664,3.658536585365854,10.853658536585368,12.682926829268293,45.64764705882353
0.24719451200007825,-1.3275848205566405,7.78235249633789,0.6464344482421874,-33.59756097560976,1.9512195121951221,0.9756097560975611,45.64764705882353
0.26707707800005664,-1.7465701110839842,14.872780712890624,2.1799206115722654,-11.097560975609756,1.524390243902439,0.9756097560975611,45.64764705882353
0.2873033240002769,0.09217676391601562,13.33091484375,0.928950244140625,12.987804878048781,10.487804878048781,-8.658536585365855,45.671176470588236
0.30709896500002287,-1.2593500732421874,15.835249780273436,3.678690850830078,54.63414634146342,2.378048780487805,-2.6219512195121952,45.65941176470588
0.3272041570003239,-12.540828295898438,19.61270144958496,-8.593986859130858,-27.439024390243905,11.76829268292683,13.29268292682927,45.65352941176471
0.347083964000376,1.2425906616210938,3.366247534179687,-0.2657563842773437,-47.743902439024396,-1.4634146341463417,0.3658536585365854,45.624117647058824
0.36705708399995274,3.2561142578125,19.61270144958496,0.5458779785156249,-66.82926829268293,-6.890243902439025,-6.341463414634147,45.64176470588235
0.387077870000212,0.36272155151367186,18.729839587402342,1.648407843017578,-24.26829268292683,-10.548780487804878,1.0975609756097562,45.64764705882353
0.40707600800033106,-0.3603273498535156,14.076708660888672,2.195482922363281,6.585365853658537,-10.609756097560977,-2.378048780487805,45.64764705882353
0.4270873680002296,-0.20949264526367187,0.2932897033691406,-1.5693991882324219,51.09756097560976,-5.975609756097562,-1.2804878048780488,45.6064705882353
0.44707667300008325,0.49799394531249996,4.9260699157714845,-1.426944189453125,84.81707317073172,-3.780487804878049,5.060975609756098,45.64764705882353
0.4670633480000106,1.071405242919922,8.950722906494141,-2.2397756530761717,-81.58536585365854,-22.80487804878049,-11.890243902439025,45.65352941176471
0.48711328200033677,3.555389465332031,3.210624426269531,-2.069787335205078,-20.0,2.5609756097560976,38.35365853658537,45.63588235294118
0.5071149939999486,0.7074865905761718,-2.551021868896484,-1.5885528015136718,-10.0,2.987804878048781,-3.414634146341464,45.63
0.5273240370001986,-0.19632453613281248,4.610035296630859,-0.7398083129882812,5.7926829268292686,-1.7682926829268295,-3.353658536585366,45.65941176470588
0.5470864560002155,0.05386953735351562,12.795810772705078,2.2828712829589843,15.243902439024392,-7.926829268292684,-4.329268292682928,45.65352941176471
0.5671125940002639,-0.25139117431640623,6.546944439697265,-0.27293898925781246,60.60975609756098,-6.890243902439025,-5.2439024390243905,45.65352941176471
0.5870807700002842,12.746729638671875,19.61270144958496,-13.042413543701171,69.26829268292684,35.73170731707317,75.79268292682927,45.64176470588235
0.6070813890000863,-2.2002713256835937,2.3918074584960936,-3.308786694335937,-63.90243902439025,2.378048780487805,-17.621951219512198,45.64764705882353
0.6270816760002162,-4.125209460449218,19.61270144958496,-6.338648895263671,-39.57317073170732,-0.48780487804878053,-1.0365853658536586,45.64176470588235
0.6470667030002915,0.6404489440917969,18.641254125976563,3.153163586425781,-39.57317073170732,-3.9024390243902443,-5.0,45.65352941176471
0.6670890079999481,-0.8655039001464844,-3.0418332092285154,-6.186617089843749,30.243902439024392,-1.402439024390244,3.1707317073170733,45.65352941176471
0.687091756999962,-0.04189852905273437,4.517858532714843,-3.134009973144531,38.29268292682927,-15.121951219512196,-1.3414634146341464,45.64176470588235
0.7070923579999544,-1.265335577392578,7.145494854736327,-1.216254443359375,67.13414634146342,-18.353658536585368,-4.024390243902439,45.64176470588235
0.7270946810003807,-8.447940557861328,19.61270144958496,-6.271611248779297,-88.41463414634147,-28.231707317073173,-12.500000000000002,45.63
0.7470751710002332,3.6176387084960937,2.3391350219726563,-1.3060370056152344,-31.219512195121954,-13.841463414634148,22.31707317073171,45.64764705882353
0.7670876980000685,0.2501940734863281,-2.370259643554687,-5.849034655761718,-28.658536585365855,-20.30487804878049,-6.2804878048780495,45.64764705882353
0.7871171140000115,0.3387795349121094,6.045359191894531,-1.0558429321289062,-4.573170731707317,-26.158536585365855,-0.7317073170731708,45.671176470588236
0.8070988630001921,-0.7541735229492187,2.053027923583984,-0.8224082702636718,30.975609756097565,-25.426829268292686,-2.0121951219512195,45.64176470588235
0.8271015390000684,0.47884033203125,2.991554974365234,-2.8981811096191405,84.51219512195122,-28.414634146341466,4.329268292682928,45.64176470588235
0.8516636379999909,4.698620758056641,9.959280355834961,-3.438073583984375,69.63414634146342,-11.585365853658537,57.13414634146342,45.64764705882353
0.8716994800001885,-1.274912384033203,-1.4437036010742186,0.20350714111328125,-71.89024390243902,-10.121951219512196,-4.146341463414634,45.64176470588235
0.8917735240002003,0.076614453125,19.61270144958496,-0.8607154968261719,-34.451219512195124,-5.731707317073171,-1.0975609756097562,45.63588235294118
0.9116955340000459,0.16519991455078123,14.669273571777342,1.859097589111328,-21.03658536585366,-0.3658536585365854,-1.9512195121951221,45.65352941176471
0.9316923569999744,1.159990704345703,8.084021905517577,-3.6918589599609373,1.2195121951219514,8.78048780487805,-0.6707317073170732,45.63588235294118
0.9508810050001557,0.9277531433105468,1.8447323791503905,-1.9141642272949217,18.10975609756098,5.914634146341464,-6.646341463414635,45.64176470588235
0.9712755089999519,0.17118541870117188,6.341043096923828,-2.6001030029296874,56.463414634146346,20.853658536585368,0.0,45.671176470588236
0.9909977250003976,-3.017891192626953,19.61270144958496,-8.061276989746093,-35.0609756097561,60.060975609756106,-20.54878048780488,45.64764705882353
1.010835846000191,-0.055066638183593745,3.612850305175781,-5.385756634521484,-67.6219512195122,15.000000000000002,20.30487804878049,45.61235294117647
1.030842577000385,1.3347674255371094,12.484564556884765,-3.9408559326171875,-52.743902439024396,-1.2804878048780488,4.878048780487806,45.65941176470588
1.0526281560000825,3.2812533752441406,5.88015927734375,-5.191826300048827,-42.743902439024396,-4.146341463414634,-2.0121951219512195,45.64764705882353
1.072761810999964,-0.5590460876464843,3.459621398925781,-1.7788918334960937,6.463414634146342,3.353658536585366,0.12195121951219513,45.64764705882353
1.0927734860001692,0.25737667846679685,1.3491326354980469,-2.511517541503906,46.58536585365854,7.743902439024391,10.853658536585368,45.64176470588235
1.1128823080002803,1.4065934753417968,1.1755530151367186,-1.697488977050781,72.5609756097561,5.487804878048781,6.463414634146342,45.64764705882353
1.1340802460003943,-0.031124621582031248,19.494787017822265,-3.7624879089355465,-121.34146341463416,-21.52439024390244,-33.59756097560976,45.63588235294118
1.1516590250002992,3.7600937072753906,1.9847931762695312,0.5997475158691405,-33.29268292682927,-13.29268292682927,24.634146341463417,45.64764705882353
1.1716399599999932,-3.1483751831054687,19.56900726928711,-2.7437551025390623,-53.78048780487806,-11.097560975609756,-2.5609756097560976,45.64764705882353
1.1916406170003029,-0.7709329345703124,16.24346116333008,4.653130926513672,-8.902439024390244,-11.036585365853659,-3.231707317073171,45.64176470588235
1.2113810920000105,-0.31483751831054685,19.487604412841797,4.629188909912109,15.30487804878049,-14.207317073170733,-2.6219512195121952,45.64176470588235
1.2314321550002205,1.619677423095703,14.605827227783202,0.36631285400390623,36.58536585365854,13.170731707317074,-11.951219512195124,45.64764705882353
1.2483743500001765,2.2481553588867187,14.707580798339842,-8.70172593383789,91.21951219512196,34.207317073170735,25.975609756097562,45.64176470588235
1.2671790590002274,-2.195482922363281,-4.859032269287109,-5.293579870605469,-65.60975609756098,-1.707317073170732,-29.08536585365854,45.64764705882353
1.2871693820002292,-0.033518823242187495,5.6574985229492185,-0.38187516479492184,-48.170731707317074,11.036585365853659,43.10975609756098,45.64176470588235
1.3071631130001151,0.23702596435546874,-4.205415216064453,-3.755305303955078,23.231707317073173,1.2195121951219514,-5.914634146341464,45.64176470588235
1.3271773440001198,2.0877438476562498,9.737218151855469,-1.3934253662109375,-27.378048780487806,-2.1951219512195124,-0.48780487804878053,45.61235294117647
1.3471936300002199,0.051475335693359374,9.496600885009766,1.2629413757324217,17.5,3.9024390243902443,1.5853658536585367,45.618235294117646
1.3672088600001189,1.1384428894042968,9.211690887451171,3.2537200561523436,82.43902439024392,9.146341463414634,5.121951219512195,45.64764705882353
1.3871843510000872,-0.034715924072265626,1.3946224670410154,-2.546233465576172,103.04878048780489,13.475609756097562,25.853658536585368,45.64176470588235
1.4072173960003056,-0.4908113403320312,-0.8930372192382812,-4.4184991638183595,-85.0609756097561,-28.10975609756098,-28.658536585365855,45.63588235294118
1.4272038300000531,3.8666356811523435,16.980875274658203,-2.588131994628906,-45.73170731707317,-8.353658536585366,32.37804878048781,45.64176470588235
1.4471899130003294,-1.9812018737792967,19.61270144958496,3.7529111022949215,-55.67073170731708,-3.963414634146342,-5.3048780487804885,45.64176470588235
1.4672138290002295,-0.5374982727050781,4.3454760131835934,2.01112939453125,-1.4634146341463417,-7.987804878048781,24.146341463414636,45.64176470588235
1.487188282000261,1.6077064147949218,4.495113616943359,1.5263035583496092,18.719512195121954,-17.926829268292686,0.3658536585365854,45.624117647058824
1.5071931980000954,1.2174515441894531,-0.316034619140625,-3.402160559082031,82.19512195121952,-13.231707317073171,8.902439024390244,45.64764705882353
1.5271917439999925,3.3590649291992185,19.61270144958496,-19.6133,18.04878048780488,-14.695121951219514,4.75609756097561,45.63588235294118
1.5472312520000742,-0.027533319091796873,-2.455253802490234,-0.08259995727539061,-64.08536585365854,-12.439024390243903,-2.439024390243903,45.63
1.5671925200003898,-2.5474305664062498,19.61270144958496,-1.6819266662597656,-44.390243902439025,-25.914634146341466,5.426829268292684,45.61235294117647
1.5871916400001282,-1.1755530151367186,19.61270144958496,4.600458489990234,-36.951219512195124,-18.84146341463415,3.414634146341464,45.63588235294118
1.6071904260002157,0.36750995483398435,12.045228552246092,2.2972364929199216,-10.24390243902439,-10.121951219512196,0.12195121951219513,45.618235294117646
1.6272121560000414,-0.3902548706054687,8.078036401367187,1.753752716064453,34.93902439024391,-9.939024390243903,-0.853658536585366,45.64176470588235
1.647197165000307,-0.22864625854492185,14.920664746093749,3.4620156005859375,61.82926829268293,-7.743902439024391,-3.963414634146342,45.63
1.6671994880002785,-0.7230489013671875,19.61270144958496,-1.4820108276367188,-104.51219512195122,-11.585365853658537,-17.621951219512198,45.624117647058824
1.6871988490001968,3.238157745361328,8.74601866455078,1.0330980163574217,-58.23170731707317,4.024390243902439,24.939024390243905,45.63
1.7072013020001577,0.6955155822753906,-1.3192051147460937,-4.898536596679687,-28.902439024390247,-10.426829268292684,-3.5975609756097566,45.63
1.7272197730003427,1.3239935180664062,-2.7269956909179687,-4.016273284912109,-8.048780487804878,-9.146341463414634,-3.7195121951219514,45.63588235294118
1.7472011889999521,0.076614453125,10.411185919189453,1.2665326782226562,11.036585365853659,-23.170731707317074,5.0,45.64176470588235
1.7672121240002525,0.4944026428222656,3.593696691894531,-0.6847416748046875,38.41463414634147,-28.53658536585366,7.865853658536586,45.65941176470588
1.7872136320002028,0.47165772705078124,-0.8990227233886718,-2.895786907958984,104.63414634146342,-35.30487804878049,13.414634146341465,45.63
1.8072138630000154,-0.8367734802246093,-2.366668341064453,-2.4911668273925778,-113.90243902439025,-20.54878048780488,-3.963414634146342,45.64176470588235
1.8272305190002953,-0.5889736083984375,-2.597708801269531,0.010773907470703125,-3.780487804878049,-22.926829268292686,-1.5853658536585367,45.624117647058824
1.847252268000375,1.2976572998046874,5.992686755371094,-1.5167267517089842,-16.890243902439025,-46.58536585365854,6.829268292682928,45.64176470588235
1.8672291470002165,-0.11252747802734374,-1.4018050720214843,-6.268019946289062,10.426829268292684,-41.21951219512196,4.329268292682928,45.64176470588235
1.8872611189999589,0.4584896179199218,7.262810736083984,-1.8650830932617186,28.780487804878053,-37.926829268292686,9.085365853658537,45.64176470588235
1.9072112390003895,-0.016759411621093748,12.80778178100586,3.2501287536621093,56.15853658536586,-37.926829268292686,9.756097560975611,45.63588235294118
1.9272173399999701,-7.64229169921875,19.61270144958496,-16.64448994140625,-28.780487804878053,-23.84146341463415,3.048780487804878,45.618235294117646
1.9472577550000096,2.2170307373046874,-0.9696516723632812,-2.452859600830078,-24.32926829268293,-25.60975609756098,-17.682926829268293,45.624117647058824
1.9672226350003257,-3.4680011047363277,5.2265422241210935,-1.3275848205566405,-13.597560975609758,-17.31707317073171,31.09756097560976,45.63
1.9872417169999608,1.052251629638672,12.812570184326171,0.718260498046875,3.9024390243902443,-27.621951219512198,7.073170731707318,45.64176470588235
2.0072201520001727,0.5626373901367188,14.034810131835936,2.2780828796386716,22.743902439024392,-5.426829268292684,0.6097560975609757,45.63
2.027231438000399,0.967257470703125,7.618349682617187,0.4034229797363281,28.292682926829272,1.4634146341463417,1.5853658536585367,45.63588235294118
2.047229706000053,0.7817068420410156,2.729389892578125,-0.31483751831054685,104.08536585365854,10.121951219512196,7.073170731707318,45.66529411764706
2.067224011000235,-1.1707646118164061,10.71285532836914,-2.6324247253417967,-109.81707317073172,-19.207317073170735,-20.0,45.63588235294118
2.087227797000196,2.942473840332031,5.641936212158202,0.07541735229492187,-40.54878048780488,-1.524390243902439,25.731707317073173,45.63588235294118
2.1072239540003466,1.6029180114746093,0.10773907470703124,-3.6655227416992187,-25.914634146341466,-15.365853658536587,-3.231707317073171,45.63
2.1272270920003393,0.928950244140625,-3.2632968627929686,-5.026626385498046,-8.231707317073171,-5.609756097560976,-1.829268292682927,45.63
2.1472262860002047,0.6308721374511719,-1.6891092712402342,-4.106055847167968,43.35365853658537,-1.9512195121951221,0.3658536585365854,45.65352941176471
2.1672332570001345,2.1487959899902345,1.2904746948242187,-2.574963885498047,61.15853658536586,1.5853658536585367,1.4634146341463417,45.61235294117647
2.187225543000295,1.199495031738281,4.092887738037109,-0.1149216796875,76.76829268292684,7.743902439024391,1.524390243902439,45.65352941176471
2.2072580880003443,1.8902222106933593,17.560272076416016,0.19033903198242186,-84.69512195121952,-5.2439024390243905,-11.341463414634147,45.63588235294118
2.227272485999947,6.944381915283203,8.402450726318358,-4.055777612304687,-27.621951219512198,15.243902439024392,28.231707317073173,45.618235294117646
2.2474056040000505,1.3874398620605468,3.2321722412109373,-0.3495534423828125,-29.08536585365854,5.0,-1.402439024390244,45.624117647058824
2.26728791000005,0.565031591796875,5.21576831665039,-0.017956512451171875,10.060975609756099,15.609756097560977,0.7317073170731708,45.624117647058824
2.287355344000389,0.41898529052734373,9.834183319091796,0.2657563842773437,31.158536585365855,21.28048780487805,-3.231707317073171,45.65352941176471
2.3073778520001724,0.5674257934570313,12.931083166503905,1.1061211669921875,47.13414634146342,27.80487804878049,-8.170731707317074,45.64176470588235
2.327229140000327,1.8818425048828125,4.69263525390625,-1.438915197753906,91.40243902439025,30.54878048780488,-5.182926829268293,45.64176470588235
2.347263111000302,1.0043675964355467,5.00507857055664,-2.463633508300781,-62.743902439024396,4.634146341463415,-27.5609756097561,45.624117647058824
2.3672450460003347,1.9632453613281249,0.6476315490722656,-2.108094561767578,-29.207317073170735,14.329268292682928,26.76829268292683,45.65352941176471
2.3872412770001574,0.14963760375976562,0.9708487731933593,-0.3327940307617187,-19.512195121951223,-11.585365853658537,10.365853658536587,45.63588235294118
2.4072383590000754,0.2741360900878906,15.98009898071289,5.021837982177734,1.5853658536585367,13.78048780487805,-2.8658536585365857,45.63
2.4272557940003026,1.2856862915039062,14.359224456787109,2.6587609436035153,21.585365853658537,9.146341463414634,0.1829268292682927,45.64176470588235
2.4472427470000184,-1.9895815795898437,14.885948822021483,3.806780639648437,61.585365853658544,11.341463414634147,3.963414634146342,45.65941176470588
2.4672421440000107,8.923189587402343,19.61270144958496,-3.621230010986328,80.60975609756099,27.500000000000004,52.50000000000001,45.64176470588235
2.4872637260000374,-1.16837041015625,0.7852981445312499,-3.6296097167968746,-58.47560975609757,-22.134146341463417,-26.402439024390247,45.63588235294118
2.5072382540001854,1.6843208679199217,3.0645781249999997,-0.5063736511230469,-40.97560975609756,5.0,45.1829268292683,45.65941176470588
2.5272481510000944,2.8000188415527343,-11.113884106445312,-7.267599139404297,-7.317073170731708,-2.1951219512195124,5.182926829268293,45.64764705882353
2.5472743630002697,2.04943662109375,18.543091857910156,2.000355487060547,-20.30487804878049,4.634146341463415,-2.0121951219512195,45.63
2.5673094270000547,0.09576806640624999,10.420762725830077,1.2198457458496093,25.0609756097561,-3.7195121951219514,-2.1341463414634148,45.65941176470588
2.5872819730002448,-0.16759411621093748,14.998476300048827,3.8283284545898435,46.646341463414636,-0.48780487804878053,-0.5487804878048781,45.64176470588235
2.607283333000396,-6.931213806152344,19.61270144958496,-0.8643067993164062,-94.57317073170732,-22.073170731707318,-6.890243902439025,45.63588235294118
2.6273038780000206,2.04943662109375,0.05985504150390625,-2.4109610717773435,-11.341463414634147,-14.390243902439027,10.609756097560977,45.64764705882353
2.6472917200003394,1.8052280517578123,7.117961535644531,-1.7118541870117185,-54.085365853658544,-6.829268292682928,0.5487804878048781,45.65941176470588
2.6672886180003843,-0.19033903198242186,3.949235638427734,-1.4149731811523436,-12.317073170731708,4.939024390243903,0.3658536585365854,45.63588235294118
2.687291107999954,-0.5494692810058593,8.846575134277343,-0.0143652099609375,18.84146341463415,-1.524390243902439,-2.3170731707317076,45.65352941176471
2.707289098000274,-1.0115502014160156,10.417171423339843,1.9201497314453124,39.87804878048781,-5.2439024390243905,-5.3048780487804885,45.63
2.7272913280003195,-0.010773907470703125,10.20887587890625,1.8471265808105468,60.365853658536594,-2.073170731707317,-5.975609756097562,45.63
2.7472918370003754,-1.70467158203125,7.912836486816405,-6.025008477783203,-86.58536585365854,-16.28048780487805,-20.731707317073173,45.65352941176471
2.767292808000093,2.01112939453125,0.3112462158203125,-3.0909143432617188,-30.670731707317074,3.231707317073171,30.426829268292686,45.65941176470588
2.787294668999948,1.0366893188476562,-7.6614453125,-6.224924316406249,5.182926829268293,-19.695121951219512,1.524390243902439,45.63
2.8072995480001737,1.0187328063964842,4.209006518554688,-1.5765817932128905,-13.29268292682927,-6.402439024390245,-2.073170731707317,45.66529411764706
2.8273093520001567,-0.2154781494140625,9.036914166259765,0.9325415466308593,12.682926829268293,-19.146341463414636,-0.1829268292682927,45.65941176470588
2.8472991759999786,-0.7553706237792969,5.105635040283203,-0.33399113159179683,59.75609756097562,-27.865853658536587,0.9756097560975611,45.624117647058824
2.8672938510003405,9.92755718383789,19.61270144958496,-6.912060192871094,82.31707317073172,-9.146341463414634,64.81707317073172,45.618235294117646
2.8873009339999953,-1.1109095703125,-3.42849677734375,-2.460042205810547,-54.39024390243903,-55.1219512195122,-20.975609756097562,45.65352941176471
2.9072996270001568,1.9333178405761717,-4.197035510253906,-4.478354205322265,11.76829268292683,-24.26829268292683,42.5609756097561,45.63588235294118
2.9272991540001385,1.7405846069335937,-2.518700146484375,-1.6938976745605467,18.84146341463415,-21.585365853658537,2.9268292682926833,45.65352941176471
2.947341033000157,0.3794809631347656,9.82460651245117,-1.66636435546875,4.146341463414634,-25.365853658536587,0.6097560975609757,45.63588235294118
2.9673097640002197,-0.2741360900878906,0.7242460021972655,-3.688267657470703,28.963414634146343,-18.414634146341466,-12.865853658536587,45.63588235294118
2.987329143000352,-1.22583125,13.245920684814452,3.594893792724609,90.00000000000001,-15.060975609756099,-0.30487804878048785,45.63
3.0073099290002574,-11.535263598632811,19.61270144958496,-4.074931225585937,-68.04878048780489,5.975609756097562,-9.085365853658537,45.65941176470588
3.0273020859999633,1.3467384338378905,5.1882349975585935,0.033518823242187495,-63.65853658536586,12.80487804878049,19.390243902439025,45.64176470588235
3.047305391000009,1.2198457458496093,0.833182177734375,-3.268085266113281,-22.621951219512198,6.646341463414635,-3.8414634146341466,45.63588235294118
3.0673041029999695,1.5275006591796874,11.520898388671874,2.418143676757812,-4.51219512195122,8.841463414634147,-0.5487804878048781,45.64176470588235
3.087309426000047,-0.06105214233398437,11.784260571289062,1.4018050720214843,12.256097560975611,6.707317073170732,-2.1951219512195124,45.63
3.107305842000187,0.9923965881347656,14.167688323974609,3.2824504760742186,54.69512195121952,11.097560975609756,-2.378048780487805,45.64176470588235
3.127308221000021,1.3778630554199218,-2.310404602050781,-4.327519500732421,75.85365853658537,18.658536585365855,-7.25609756097561,45.618235294117646
3.147308415000225,2.157175695800781,16.436194396972656,-5.494692810058593,-42.13414634146342,8.78048780487805,-25.975609756097562,45.65352941176471
3.167309423000006,2.9855694702148434,-0.18435352783203124,-0.44891281127929683,-48.170731707317074,23.902439024390247,22.378048780487806,45.64176470588235
3.187312210000073,-0.7793126403808593,0.6296750366210937,-2.8479028747558592,-38.71951219512196,-7.865853658536586,4.939024390243903,45.624117647058824
3.2073873650001588,0.19153613281249998,5.051765502929687,-4.091690637207031,-7.439024390243903,-4.634146341463415,-0.9146341463414634,45.624117647058824
3.2273311520002608,1.0103531005859374,5.681440539550781,0.411802685546875,24.878048780487806,-0.48780487804878053,2.073170731707317,45.677058823529414
3.2473171430001457,-0.25258827514648435,6.658274816894531,0.3315969299316406,62.37804878048781,10.30487804878049,1.2804878048780488,45.64176470588235
3.26732376200016,-0.11731588134765625,4.806359832763672,-0.4429273071289062,92.07317073170732,14.390243902439027,3.4756097560975614,45.65941176470588
3.2873213630000464,-1.7322049011230467,-1.0582371337890624,-3.4727895080566404,-114.81707317073172,-11.829268292682928,-21.707317073170735,45.65352941176471
3.3073472420001053,2.855085479736328,1.8555062866210936,1.2425906616210938,-17.439024390243905,11.829268292682928,35.91463414634147,45.64176470588235
3.3275821360002737,2.2649147705078123,-3.0262708984374997,-4.260481854248047,-72.13414634146342,-8.048780487804878,-1.6463414634146343,45.63588235294118
3.3473430740000367,0.949300958251953,-2.366668341064453,-4.610035296630859,-45.97560975609756,8.231707317073171,-2.1341463414634148,45.624117647058824
3.367314990000068,1.5095441467285156,5.80354482421875,-1.6220716247558593,1.829268292682927,19.634146341463417,-4.878048780487806,45.64764705882353
3.3877124570003616,-0.5147533569335937,0.03232172241210937,-3.925293621826172,55.304878048780495,23.04878048780488,-8.048780487804878,45.671176470588236
3.407536745000016,-13.259088793945311,19.61270144958496,-13.759476940917969,-62.865853658536594,21.158536585365855,-1.707317073170732,45.63588235294118
3.427355386000272,-0.3136404174804687,0.584185205078125,-0.6404489440917969,-57.926829268292686,-3.414634146341464,-31.34146341463415,45.64764705882353
3.447333523999987,-1.8650830932617186,2.214636535644531,-3.5027170288085934,-24.878048780487806,4.390243902439025,42.07317073170732,45.64764705882353
3.4673905500003457,-0.1640028137207031,-5.644330413818359,-3.1076737548828124,-33.963414634146346,-22.012195121951223,3.8414634146341466,45.64176470588235
3.487364670000261,2.029085906982422,-3.8750153869628905,-5.0182466796875,-2.073170731707317,11.219512195121952,2.378048780487805,45.64176470588235
3.507335439000144,0.15442600708007811,2.530671154785156,0.16041151123046873,11.646341463414634,7.682926829268293,-5.914634146341464,45.618235294117646
3.5273440949999895,0.3280056274414062,0.8391676818847655,-1.4832079284667967,34.69512195121951,1.8902439024390245,-3.414634146341464,45.64176470588235
3.5473391040000024,-0.9624690673828125,18.012776190185544,1.4113818786621093,-93.65853658536587,-23.658536585365855,-23.84146341463415,45.64176470588235
3.5673359270003857,0.39983167724609375,-0.968454571533203,0.9026140258789062,-31.89024390243903,-20.60975609756098,-24.207317073170735,45.63
3.587339584000347,0.9983820922851562,-4.322731097412109,-5.949591125488281,9.756097560975611,-7.01219512195122,71.58536585365854,45.64764705882353
3.607341185000223,-0.7900865478515624,-0.4944026428222656,-1.301248602294922,-23.658536585365855,-15.182926829268293,0.3658536585365854,45.63
3.627351749000354,-0.16879121704101563,9.419986431884766,1.177947216796875,19.146341463414636,-19.81707317073171,1.7682926829268295,45.64764705882353
3.6473440910003774,0.12449848632812499,9.459490759277344,2.2098481323242187,49.75609756097561,-13.109756097560977,-1.3414634146341464,45.64176470588235
3.667342951000137,4.7884033203125,19.61270144958496,-4.072537023925781,86.70731707317074,10.792682926829269,25.792682926829272,45.64176470588235
3.6873491999999715,0.9947907897949219,-1.2952630981445312,-2.981978167724609,-85.54878048780489,-20.48780487804878,-31.58536585365854,45.63
3.707345302000249,-0.277727392578125,1.1348515869140625,-1.7417817077636717,-16.52439024390244,3.2926829268292686,45.85365853658537,45.64764705882353
3.72734764300003,0.4165910888671875,-3.8103719421386715,-3.0226795959472654,-39.32926829268293,-20.731707317073173,8.658536585365855,45.64764705882353
3.747348744000192,-0.025139117431640625,13.656526269531248,4.284423870849609,16.158536585365855,-3.048780487804878,3.1097560975609757,45.624117647058824
3.767350734000047,-0.24660277099609373,11.32577095336914,3.526659045410156,65.67073170731707,-7.01219512195122,8.597560975609756,45.671176470588236
3.787350391000018,0.9026140258789062,9.630676177978515,-0.8882488159179687,75.0609756097561,-10.121951219512196,5.3048780487804885,45.66529411764706
3.8073500660002537,4.387374542236328,19.61270144958496,0.4860229370117187,90.1829268292683,-5.060975609756098,5.914634146341464,45.64176470588235
3.82736220400011,0.8798691101074219,0.01915361328125,-1.6639701538085936,-55.85365853658537,-0.12195121951219513,11.585365853658537,45.65941176470588
3.847357435000049,1.8195932617187498,19.61270144958496,8.402450726318358,19.146341463414636,-9.634146341463415,6.52439024390244,45.63
3.867355685000348,-1.2042834350585936,16.832434771728515,3.19865341796875,-10.060975609756099,-7.378048780487806,-4.817073170731708,45.65352941176471
3.88734721200035,-0.6811503723144531,19.61270144958496,5.498284112548828,25.30487804878049,-21.76829268292683,2.987804878048781,45.65941176470588
3.9073697940002603,-0.1927332336425781,8.049305981445311,1.2006921325683593,46.03658536585366,-27.073170731707318,10.182926829268293,45.65352941176471
3.9273606360002304,-0.23702596435546874,4.042609503173828,0.9959878906249999,69.02439024390245,-34.32926829268293,13.536585365853659,45.64176470588235
3.947404774000006,-5.136759661865234,0.143652099609375,2.3415292236328122,-152.6219512195122,-25.60975609756098,-11.829268292682928,45.63
3.9673674120003852,7.0102224609374995,7.072471704101562,-0.9888052856445312,-14.146341463414636,-10.792682926829269,28.902439024390247,45.64764705882353
3.987383513000168,0.7457938171386719,-3.5793314819335937,-6.766013891601562,-57.19512195121952,-15.914634146341465,6.219512195121951,45.65352941176471
4.007404836000205,-0.689530078125,6.366182214355469,-2.3594857360839843,-47.743902439024396,-17.31707317073171,3.231707317073171,45.65352941176471
4.027376401000311,0.6811503723144531,3.9791631591796874,-1.1432312927246093,12.560975609756099,-10.975609756097562,0.30487804878048785,45.64764705882353
4.0473677060003865,0.5015852478027344,10.455478649902343,2.427720483398437,87.43902439024392,-4.2682926829268295,-5.914634146341464,45.64764705882353
4.067382047000137,1.8064251525878905,7.7763669921875,-1.446097802734375,70.0609756097561,18.29268292682927,29.81707317073171,45.64764705882353
4.087379315000362,1.7956512451171873,-3.6332010192871094,-4.98592495727539,-97.92682926829269,-22.500000000000004,-24.512195121951223,45.64176470588235
4.107370805000301,2.3535002319335936,6.281188055419921,-2.0925322509765625,-34.75609756097561,-0.9756097560975611,43.04878048780488,45.64764705882353
4.127371277000293,1.8543091857910154,-7.319074475097656,-6.64630380859375,-34.146341463414636,-20.243902439024392,4.634146341463415,45.65352941176471
4.1473762480000005,1.6041151123046875,-6.477512591552734,-6.636727001953124,-58.963414634146346,-4.207317073170732,3.2926829268292686,45.63588235294118
4.167375294000067,-0.34237083740234375,3.9456443359374997,-1.9656395629882812,28.353658536585368,2.804878048780488,-0.9146341463414634,45.65941176470588
4.187372265000249,-0.2346317626953125,5.212177014160156,-0.7649474304199219,45.85365853658537,7.01219512195122,-6.2804878048780495,45.677058823529414
4.207374163000168,13.175291735839844,19.61270144958496,-8.386888415527343,99.32926829268294,30.731707317073173,45.670731707317074,45.64764705882353
4.22738131899996,0.35314474487304687,-0.5602431884765625,-0.9181763366699218,-81.28048780487805,-18.04878048780488,-23.414634146341466,45.65941176470588
4.247379606000322,-2.212242333984375,6.940790612792968,-2.618059515380859,-16.463414634146343,-3.536585365853659,32.6219512195122,45.64764705882353
4.267381077000209,1.0905588562011719,8.060079888916015,0.26695348510742184,3.2926829268292686,-16.70731707317073,-0.24390243902439027,45.65352941176471
4.287378623000222,1.916558428955078,10.52131919555664,0.36152445068359373,-6.036585365853659,0.48780487804878053,-0.30487804878048785,45.63
4.307379650000257,-0.3399766357421875,8.427589843749999,2.3331495178222657,17.378048780487806,3.7195121951219514,-10.182926829268293,45.65352941176471
4.327383306000229,0.0143652099609375,1.3467384338378905,-2.24097275390625,34.32926829268293,10.121951219512196,-11.036585365853659,45.65941176470588
4.347401722000086,-17.732654595947263,19.61270144958496,-16.72230149536133,80.60975609756099,3.8414634146341466,2.682926829268293,45.63588235294118
4.367390434000299,-0.7038952880859375,-2.3822306518554686,-3.342305517578125,-53.963414634146346,-16.646341463414636,-22.012195121951223,45.65352941176471
4.38738877600008,-4.647145422363281,19.61270144958496,-1.2761094848632812,-10.853658536585368,-1.0975609756097562,15.731707317073171,45.65352941176471
4.407388581000305,-0.12090718383789062,9.154230047607422,2.433705987548828,5.365853658536586,-3.9024390243902443,4.817073170731708,45.64176470588235
4.427437145000113,1.131260284423828,-0.4644751220703125,-3.162740393066406,5.121951219512195,3.2926829268292686,-4.390243902439025,45.624117647058824
4.447393043000375,0.9552864624023437,2.935291235351562,-1.7190367919921874,18.902439024390244,9.878048780487806,-4.207317073170732,45.65941176470588
4.467388440000377,-0.028730419921875,7.474697583007812,0.9229647399902343,77.01219512195122,10.24390243902439,-6.219512195121951,45.64764705882353
4.487507299000299,-13.460201733398437,19.61270144958496,-16.60019721069336,-16.28048780487805,19.75609756097561,1.0975609756097562,45.64764705882353
4.507405698000184,4.971559747314453,4.772841009521484,-1.695094775390625,-46.646341463414636,10.30487804878049,-0.7926829268292683,45.65941176470588
4.527390762000323,0.8499415893554687,16.35120023803711,0.8810662109374999,-24.81707317073171,-12.317073170731708,0.6097560975609757,45.65352941176471
4.547392752000178,1.8136077575683593,13.526042279052733,-0.27892449340820313,-29.87804878048781,3.1097560975609757,-6.097560975609756,45.66529411764706
4.567392112000107,0.22744915771484372,2.1583727966308595,-0.6428431457519531,2.5,5.731707317073171,-6.219512195121951,45.65941176470588
4.587395046999973,0.8547299926757812,-6.598419775390624,-5.805939025878906,8.536585365853659,15.30487804878049,-6.097560975609756,45.64176470588235
4.607400666000103,-0.13407529296874998,0.46806642456054687,-2.7377695983886716,47.43902439024391,9.939024390243903,-5.2439024390243905,45.65941176470588
4.62741037800015,-0.0143652099609375,1.2078747375488281,-3.047818713378906,-106.70731707317074,-24.573170731707318,-17.98780487804878,45.66529411764706
4.647405035000247,6.404489440917969,5.228936425781249,-3.6343981201171873,-34.63414634146342,-11.76829268292683,17.5,45.65941176470588
4.667402340000081,3.4727895080566404,19.61270144958496,4.983530755615234,-4.51219512195122,0.7926829268292683,-0.24390243902439027,45.64764705882353
4.687414571000318,-0.24899697265624998,19.61270144958496,6.72291826171875,36.03658536585366,9.207317073170733,-2.6219512195121952,45.64764705882353
4.7074140240001725,-0.9349357482910156,16.117765576171873,4.102464544677734,25.243902439024392,2.073170731707317,-1.5853658536585367,45.64176470588235
4.7274096060000375,0.33039982910156246,14.091073870849609,3.8762124877929685,78.53658536585367,2.073170731707317,1.0365853658536586,45.65352941176471
4.747479910000038,-4.917690209960937,19.61270144958496,-1.8315642700195311,86.52439024390245,31.280487804878053,57.560975609756106,45.65352941176471
4.767437993000385,2.013523596191406,-2.288856787109375,-2.482787121582031,-65.67073170731707,-7.743902439024391,-4.695121951219512,45.64764705882353
4.787407002000236,3.0131027893066404,9.269151727294922,-0.7781155395507812,-54.81707317073171,-3.2926829268292686,-2.1951219512195124,45.65941176470588
4.807412937000208,1.083376251220703,3.737348791503906,-4.393360046386719,-37.07317073170732,9.451219512195122,-4.207317073170732,45.66529411764706
4.827420001000064,1.1061211669921875,7.313088970947265,-0.201112939453125,6.158536585365854,6.890243902439025,-3.353658536585366,45.64764705882353
4.847415898000236,-0.0718260498046875,5.907692596435546,-1.2030863342285156,38.41463414634147,6.219512195121951,2.073170731707317,45.65352941176471
4.867426518000229,-0.3591302490234375,9.441534246826171,-0.15562310791015624,62.987804878048784,5.975609756097562,-2.1951219512195124,45.65941176470588
4.88741602600021,-11.316194146728515,19.61270144958496,-5.087678527832031,24.573170731707318,-11.402439024390246,-18.353658536585368,45.65352941176471
4.907416665000255,5.930437512207031,5.693411547851563,-1.7764976318359373,-48.29268292682927,-5.060975609756098,6.463414634146342,45.65941176470588
4.927417505999983,2.977189764404297,19.61270144958496,3.039439007568359,-24.02439024390244,-10.182926829268293,2.5609756097560976,45.64764705882353
4.947455977000118,1.16837041015625,15.193603735351562,-1.2952630981445312,-20.79268292682927,-3.231707317073171,-7.317073170731708,45.64176470588235
4.967436320000161,-0.9217676391601562,11.994950317382811,2.426523382568359,22.743902439024392,-11.76829268292683,0.9756097560975611,45.63
4.987429273000089,0.5494692810058593,3.0262708984374997,-1.618480322265625,35.97560975609756,-12.560975609756099,5.548780487804878,45.63588235294118
5.007433800000399,-0.07541735229492187,-1.1575965026855468,-2.4205378784179685,66.40243902439025,-21.82926829268293,11.097560975609756,45.64176470588235
